# r(dimensionless)denity(g.cm^-3) vel/c		b^r (Gauss)	b^\phi(Gauss)	B(=\sqrt(b_mu b^\mu)G H/r	\beta		Temp (Kelvin)	Omega		v_phi
1000.		9.1551848e-21	0.00061722492	5.9973379e-6	0.000047932595	0.047932348	0.77771881	4.3384285	3.2940911e9	3.2478201e-6	0.0032505727
997.70006	9.1832665e-21	0.00061839909	6.0250028e-6	0.000048062667	0.047951878	0.77744226	4.3551166	3.2993373e9	3.2626711e-6	0.0032579323
995.40542	9.211434e-21	0.00061957568	6.0527953e-6	0.000048193078	0.047971402	0.77716561	4.3718691	3.3045901e9	3.2775901e-6	0.0032653087
993.11605	9.2396874e-21	0.00062075471	6.080716e-6	0.000048323829	0.047990919	0.77688885	4.388686	3.3098495e9	3.2925776e-6	0.0032727021
990.83194	9.2680272e-21	0.00062193616	6.1087654e-6	0.000048454921	0.048010431	0.77661198	4.4055677	3.3151155e9	3.3076338e-6	0.0032801125
988.55309	9.2964536e-21	0.00062312005	6.1369443e-6	0.000048586355	0.048029938	0.77633502	4.4225143	3.3203882e9	3.3227592e-6	0.0032875399
986.27949	9.324967e-21	0.00062430637	6.165253e-6	0.000048718132	0.04804944	0.77605795	4.4395261	3.3256677e9	3.3379539e-6	0.0032949843
984.01111	9.3535677e-21	0.00062549512	6.1936924e-6	0.000048850255	0.048068938	0.77578079	4.4566032	3.3309538e9	3.3532183e-6	0.0033024459
981.74794	9.3822561e-21	0.00062668629	6.2222629e-6	0.000048982724	0.048088432	0.77550353	4.473746	3.3362466e9	3.3685528e-6	0.0033099245
979.48999	9.4110324e-21	0.0006278799	6.2509651e-6	0.000049115541	0.048107922	0.77522618	4.4909546	3.3415462e9	3.3839576e-6	0.0033174204
977.23722	9.4398971e-21	0.00062907593	6.2797998e-6	0.000049248707	0.04812741	0.77494873	4.5082292	3.3468525e9	3.3994331e-6	0.0033249335
974.98964	9.4688505e-21	0.00063027439	6.3087674e-6	0.000049382223	0.048146895	0.77467119	4.52557		3.3521657e9	3.4149796e-6	0.0033324638
972.74722	9.4978929e-21	0.00063147528	6.3378686e-6	0.000049516091	0.048166378	0.77439357	4.5429774	3.3574856e9	3.4305974e-6	0.0033400114
970.50997	9.5270246e-21	0.00063267859	6.367104e-6	0.000049650311	0.048185859	0.77411585	4.5604514	3.3628123e9	3.4462869e-6	0.0033475764
968.27786	9.556246e-21	0.00063388433	6.3964743e-6	0.000049784887	0.048205339	0.77383805	4.5779924	3.3681459e9	3.4620484e-6	0.0033551588
966.05088	9.5855574e-21	0.0006350925	6.42598e-6	0.000049919818	0.048224818	0.77356017	4.5956005	3.3734863e9	3.4778822e-6	0.0033627585
963.82902	9.6149593e-21	0.00063630309	6.4556218e-6	0.000050055106	0.048244297	0.77328221	4.6132759	3.3788337e9	3.4937887e-6	0.0033703758
961.61228	9.6444518e-21	0.0006375161	6.4854003e-6	0.000050190753	0.048263775	0.77300416	4.6310189	3.3841879e9	3.5097681e-6	0.0033780105
959.40063	9.6740355e-21	0.00063873153	6.5153161e-6	0.000050326759	0.048283255	0.77272604	4.6488298	3.389549e9	3.5258209e-6	0.0033856627
957.19407	9.7037105e-21	0.00063994939	6.5453699e-6	0.000050463127	0.048302735	0.77244784	4.6667087	3.3949171e9	3.5419473e-6	0.0033933326
954.99259	9.7334773e-21	0.00064116967	6.5755623e-6	0.000050599858	0.048322216	0.77216956	4.6846558	3.4002922e9	3.5581478e-6	0.0034010201
952.79616	9.7633363e-21	0.00064239237	6.605894e-6	0.000050736952	0.0483417	0.77189121	4.7026715	3.4056742e9	3.5744225e-6	0.0034087252
950.60479	9.7932878e-21	0.00064361749	6.6363655e-6	0.000050874413	0.048361185	0.77161279	4.7207558	3.4110632e9	3.590772e-6	0.0034164481
948.41846	9.8233321e-21	0.00064484503	6.6669776e-6	0.00005101224	0.048380674	0.7713343	4.7389091	3.4164592e9	3.6071965e-6	0.0034241887
946.23716	9.8534697e-21	0.00064607498	6.6977308e-6	0.000051150436	0.048400165	0.77105574	4.7571315	3.4218623e9	3.6236964e-6	0.003431947
944.06088	9.8837008e-21	0.00064730736	6.7286259e-6	0.000051289001	0.04841966	0.77077712	4.7754233	3.4272725e9	3.640272e-6	0.0034397233
941.8896	9.9140258e-21	0.00064854214	6.7596634e-6	0.000051427938	0.048439159	0.77049843	4.7937847	3.4326897e9	3.6569237e-6	0.0034475173
939.72331	9.9444452e-21	0.00064977935	6.7908441e-6	0.000051567247	0.048458662	0.77021968	4.812216	3.438114e9	3.6736517e-6	0.0034553293
937.56201	9.9749592e-21	0.00065101896	6.8221686e-6	0.000051706931	0.048478171	0.76994086	4.8307174	3.4435455e9	3.6904566e-6	0.0034631593
935.40567	1.0005568e-20	0.00065226099	6.8536376e-6	0.000051846991	0.048497684	0.76966199	4.849289	3.4489841e9	3.7073386e-6	0.0034710072
933.2543	1.0036273e-20	0.00065350543	6.8852516e-6	0.000051987427	0.048517204	0.76938306	4.8679312	3.4544298e9	3.7242981e-6	0.0034788732
931.10788	1.0067073e-20	0.00065475229	6.9170115e-6	0.000052128242	0.048536729	0.76910408	4.8866441	3.4598828e9	3.7413354e-6	0.0034867573
928.96639	1.0097969e-20	0.00065600155	6.9489179e-6	0.000052269438	0.048556262	0.76882504	4.9054281	3.465343e9	3.7584509e-6	0.0034946595
926.82982	1.0128962e-20	0.00065725322	6.9809714e-6	0.000052411015	0.048575801	0.76854594	4.9242832	3.4708103e9	3.7756449e-6	0.0035025799
924.69817	1.0160052e-20	0.00065850729	7.0131727e-6	0.000052552975	0.048595348	0.7682668	4.9432098	3.476285e9	3.7929179e-6	0.0035105184
922.57143	1.0191239e-20	0.00065976377	7.0455225e-6	0.00005269532	0.048614903	0.76798761	4.9622081	3.4817669e9	3.8102702e-6	0.0035184753
920.44957	1.0222524e-20	0.00066102265	7.0780215e-6	0.000052838051	0.048634466	0.76770837	4.9812783	3.4872561e9	3.8277021e-6	0.0035264504
918.3326	1.0253907e-20	0.00066228394	7.1106704e-6	0.000052981169	0.048654039	0.76742909	5.0004206	3.4927526e9	3.845214e-6	0.0035344438
916.22049	1.0285388e-20	0.00066354763	7.1434699e-6	0.000053124677	0.04867362	0.76714976	5.0196353	3.4982565e9	3.8628063e-6	0.0035424557
914.11324	1.0316968e-20	0.00066481372	7.1764206e-6	0.000053268576	0.048693212	0.76687039	5.0389226	3.5037677e9	3.8804794e-6	0.0035504859
912.01084	1.0348648e-20	0.0006660822	7.2095233e-6	0.000053412867	0.048712813	0.76659097	5.0582828	3.5092863e9	3.8982336e-6	0.0035585346
909.91327	1.0380427e-20	0.00066735309	7.2427787e-6	0.000053557553	0.048732426	0.76631152	5.077716	3.5148123e9	3.9160693e-6	0.0035666019
907.82053	1.0412306e-20	0.00066862637	7.2761874e-6	0.000053702633	0.048752049	0.76603204	5.0972226	3.5203458e9	3.9339868e-6	0.0035746876
905.7326	1.0444285e-20	0.00066990204	7.3097501e-6	0.000053848111	0.048771684	0.76575251	5.1168027	3.5258866e9	3.9519866e-6	0.003582792
903.64947	1.0476365e-20	0.0006711801	7.3434677e-6	0.000053993987	0.048791331	0.76547296	5.1364566	3.531435e9	3.9700691e-6	0.003590915
901.57114	1.0508546e-20	0.00067246056	7.3773408e-6	0.000054140264	0.048810991	0.76519337	5.1561845	3.5369908e9	3.9882345e-6	0.0035990567
899.49758	1.0540829e-20	0.0006737434	7.41137e-6	0.000054286942	0.048830664	0.76491375	5.1759867	3.5425542e9	4.0064834e-6	0.0036072171
897.42879	1.0573214e-20	0.00067502863	7.4455562e-6	0.000054434024	0.048850349	0.7646341	5.1958634	3.5481251e9	4.024816e-6	0.0036153963
895.36477	1.0605701e-20	0.00067631625	7.4799001e-6	0.000054581511	0.048870049	0.76435443	5.2158148	3.5537035e9	4.0432328e-6	0.0036235943
893.30548	1.0638291e-20	0.00067760625	7.5144024e-6	0.000054729405	0.048889763	0.76407473	5.2358412	3.5592896e9	4.0617341e-6	0.0036318111
891.25094	1.0670985e-20	0.00067889864	7.5490637e-6	0.000054877707	0.048909492	0.763795	5.2559427	3.5648832e9	4.0803204e-6	0.0036400469
889.20112	1.0703782e-20	0.0006801934	7.5838849e-6	0.000055026419	0.048929236	0.76351526	5.2761198	3.5704845e9	4.098992e-6	0.0036483016
887.15601	1.0736682e-20	0.00068149054	7.6188667e-6	0.000055175543	0.048948995	0.76323549	5.2963725	3.5760934e9	4.1177493e-6	0.0036565753
885.11561	1.0769688e-20	0.00068279006	7.6540098e-6	0.00005532508	0.048968771	0.76295571	5.3167011	3.58171e9	4.1365927e-6	0.003664868
883.0799	1.0802798e-20	0.00068409195	7.689315e-6	0.000055475032	0.048988563	0.7626759	5.3371059	3.5873343e9	4.1555227e-6	0.0036731798
881.04887	1.0836013e-20	0.00068539622	7.724783e-6	0.0000556254	0.049008372	0.76239609	5.3575871	3.5929663e9	4.1745395e-6	0.0036815107
879.02252	1.0869335e-20	0.00068670285	7.7604145e-6	0.000055776187	0.049028199	0.76211626	5.378145	3.598606e9	4.1936437e-6	0.0036898608
877.00082	1.0902762e-20	0.00068801186	7.7962104e-6	0.000055927394	0.049048044	0.76183641	5.3987797	3.6042536e9	4.2128356e-6	0.00369823
874.98378	1.0936296e-20	0.00068932323	7.8321714e-6	0.000056079023	0.049067907	0.76155656	5.4194916	3.6099089e9	4.2321156e-6	0.0037066186
872.97137	1.0969936e-20	0.00069063697	7.8682981e-6	0.000056231075	0.049087788	0.7612767	5.4402808	3.615572e9	4.2514841e-6	0.0037150264
870.96359	1.1003685e-20	0.00069195306	7.9045915e-6	0.000056383552	0.049107689	0.76099682	5.4611477	3.6212429e9	4.2709416e-6	0.0037234536
868.96043	1.1037541e-20	0.00069327152	7.9410523e-6	0.000056536456	0.04912761	0.76071695	5.4820924	3.6269218e9	4.2904884e-6	0.0037319002
866.96188	1.1071505e-20	0.00069459234	7.9776812e-6	0.000056689789	0.049147551	0.76043707	5.5031152	3.6326085e9	4.310125e-6	0.0037403662
864.96792	1.1105578e-20	0.00069591551	8.014479e-6	0.000056843552	0.049167512	0.76015719	5.5242164	3.6383031e9	4.3298517e-6	0.0037488517
862.97855	1.113976e-20	0.00069724104	8.0514465e-6	0.000056997748	0.049187495	0.7598773	5.5453961	3.6440056e9	4.349669e-6	0.0037573567
860.99375	1.1174051e-20	0.00069856892	8.0885845e-6	0.000057152377	0.049207499	0.75959742	5.5666547	3.6497161e9	4.3695773e-6	0.0037658813
859.01352	1.1208453e-20	0.00069989914	8.1258938e-6	0.000057307441	0.049227525	0.75931754	5.5879924	3.6554346e9	4.389577e-6	0.0037744255
857.03785	1.1242965e-20	0.00070123172	8.1633751e-6	0.000057462944	0.049247574	0.75903766	5.6094094	3.6611611e9	4.4096686e-6	0.0037829893
855.06671	1.1277588e-20	0.00070256664	8.2010292e-6	0.000057618885	0.049267645	0.75875779	5.6309059	3.6668956e9	4.4298524e-6	0.0037915729
853.10011	1.1312322e-20	0.0007039039	8.238857e-6	0.000057775267	0.04928774	0.75847793	5.6524823	3.6726382e9	4.4501289e-6	0.0038001762
851.13804	1.1347168e-20	0.0007052435	8.2768593e-6	0.000057932092	0.049307859	0.75819808	5.6741388	3.6783888e9	4.4704986e-6	0.0038087994
849.18048	1.1382126e-20	0.00070658543	8.3150367e-6	0.000058089362	0.049328002	0.75791823	5.6958756	3.6841476e9	4.4909617e-6	0.0038174423
847.22741	1.1417197e-20	0.0007079297	8.3533903e-6	0.000058247078	0.049348169	0.7576384	5.7176929	3.6899145e9	4.5115189e-6	0.0038261052
845.27885	1.1452381e-20	0.00070927631	8.3919207e-6	0.000058405243	0.049368362	0.75735858	5.739591	3.6956895e9	4.5321704e-6	0.003834788
843.33476	1.1487679e-20	0.00071062524	8.4306288e-6	0.000058563857	0.049388581	0.75707878	5.7615702	3.7014727e9	4.5529168e-6	0.0038434908
841.39514	1.152309e-20	0.0007119765	8.4695154e-6	0.000058722924	0.049408825	0.75679899	5.7836308	3.7072641e9	4.5737585e-6	0.0038522136
839.45999	1.1558616e-20	0.00071333008	8.5085813e-6	0.000058882444	0.049429096	0.75651922	5.8057728	3.7130637e9	4.5946958e-6	0.0038609565
837.52928	1.1594258e-20	0.00071468599	8.5478274e-6	0.00005904242	0.049449395	0.75623947	5.8279967	3.7188716e9	4.6157294e-6	0.0038697195
835.60302	1.1630014e-20	0.00071604421	8.5872544e-6	0.000059202853	0.04946972	0.75595974	5.8503026	3.7246878e9	4.6368595e-6	0.0038785027
833.68118	1.1665887e-20	0.00071740475	8.6268633e-6	0.000059363746	0.049490074	0.75568004	5.8726909	3.7305122e9	4.6580867e-6	0.0038873061
831.76377	1.1701876e-20	0.0007187676	8.6666548e-6	0.0000595251	0.049510456	0.75540036	5.8951617	3.736345e9	4.6794113e-6	0.0038961297
829.85077	1.1737981e-20	0.00072013277	8.7066298e-6	0.000059686918	0.049530867	0.7551207	5.9177153	3.7421861e9	4.7008339e-6	0.0039049737
827.94216	1.1774204e-20	0.00072150024	8.7467892e-6	0.0000598492	0.049551307	0.75484107	5.940352	3.7480357e9	4.7223549e-6	0.003913838
826.03795	1.1810545e-20	0.00072287002	8.7871337e-6	0.00006001195	0.049571776	0.75456148	5.9630721	3.7538936e9	4.7439748e-6	0.0039227228
824.13812	1.1847004e-20	0.00072424209	8.8276643e-6	0.000060175169	0.049592276	0.75428191	5.9858756	3.7597599e9	4.7656939e-6	0.003931628
822.24265	1.1883582e-20	0.00072561647	8.8683818e-6	0.000060338858	0.049612807	0.75400237	6.0087631	3.7656347e9	4.7875128e-6	0.0039405537
820.35154	1.1920279e-20	0.00072699314	8.909287e-6	0.000060503021	0.049633369	0.75372287	6.0317345	3.771518e9	4.8094319e-6	0.0039494999
818.46479	1.1957096e-20	0.00072837211	8.9503809e-6	0.000060667658	0.049653963	0.7534434	6.0547904	3.7774098e9	4.8314517e-6	0.0039584667
816.58237	1.1994033e-20	0.00072975337	8.9916643e-6	0.000060832772	0.049674588	0.75316397	6.0779308	3.7833101e9	4.8535726e-6	0.0039674542
814.70428	1.2031091e-20	0.00073113691	9.0331381e-6	0.000060998365	0.049695246	0.75288458	6.1011561	3.789219e9	4.8757951e-6	0.0039764624
812.83052	1.206827e-20	0.00073252274	9.0748031e-6	0.000061164438	0.049715937	0.75260522	6.1244664	3.7951364e9	4.8981197e-6	0.0039854913
810.96106	1.210557e-20	0.00073391084	9.1166602e-6	0.000061330994	0.049736661	0.75232591	6.1478622	3.8010625e9	4.9205469e-6	0.003994541
809.0959	1.2142993e-20	0.00073530123	9.1587104e-6	0.000061498035	0.04975742	0.75204664	6.1713435	3.8069972e9	4.943077e-6	0.0040036116
807.23503	1.2180538e-20	0.00073669389	9.2009544e-6	0.000061665563	0.049778212	0.75176741	6.1949107	3.8129405e9	4.9657107e-6	0.004012703
805.37844	1.2218207e-20	0.00073808882	9.2433933e-6	0.00006183358	0.04979904	0.75148823	6.2185641	3.8188926e9	4.9884483e-6	0.0040218154
803.52612	1.2255999e-20	0.00073948601	9.2860279e-6	0.000062002087	0.049819902	0.7512091	6.2423038	3.8248534e9	5.0112904e-6	0.0040309487
801.67806	1.2293916e-20	0.00074088548	9.328859e-6	0.000062171088	0.049840801	0.75093002	6.2661302	3.8308229e9	5.0342373e-6	0.0040401031
799.83426	1.2331957e-20	0.0007422872	9.3718877e-6	0.000062340583	0.049861735	0.75065098	6.2900435	3.8368011e9	5.0572897e-6	0.0040492785
797.99469	1.2370124e-20	0.00074369118	9.4151148e-6	0.000062510575	0.049882706	0.750372	6.3140439	3.8427882e9	5.080448e-6	0.0040584751
796.15935	1.2408416e-20	0.00074509742	9.4585412e-6	0.000062681066	0.049903715	0.75009307	6.3381318	3.8487841e9	5.1037127e-6	0.0040676929
794.32823	1.2446834e-20	0.0007465059	9.5021679e-6	0.000062852059	0.049924761	0.74981419	6.3623073	3.8547888e9	5.1270843e-6	0.0040769318
792.50133	1.2485379e-20	0.00074791664	9.5459957e-6	0.000063023554	0.049945844	0.74953537	6.3865708	3.8608025e9	5.1505632e-6	0.0040861921
790.67863	1.2524052e-20	0.00074932962	9.5900256e-6	0.000063195555	0.049966967	0.7492566	6.4109225	3.866825e9	5.1741499e-6	0.0040954737
788.86012	1.2562852e-20	0.00075074484	9.6342586e-6	0.000063368064	0.049988128	0.7489779	6.4353627	3.8728564e9	5.197845e-6	0.0041047766
787.04579	1.2601781e-20	0.00075216229	9.6786956e-6	0.000063541082	0.050009328	0.74869925	6.4598916	3.8788968e9	5.221649e-6	0.004114101
785.23563	1.2640838e-20	0.00075358198	9.7233374e-6	0.000063714611	0.050030569	0.74842067	6.4845094	3.8849462e9	5.2455623e-6	0.0041234469
783.42964	1.2680025e-20	0.0007550039	9.7681851e-6	0.000063888655	0.05005185	0.74814215	6.5092166	3.8910046e9	5.2695855e-6	0.0041328143
781.6278	1.2719342e-20	0.00075642804	9.8132396e-6	0.000064063214	0.050073171	0.74786369	6.5340132	3.8970721e9	5.2937191e-6	0.0041422032
779.83011	1.2758789e-20	0.00075785441	9.8585019e-6	0.000064238292	0.050094534	0.7475853	6.5588996	3.9031486e9	5.3179635e-6	0.0041516138
778.03655	1.2798367e-20	0.000759283	9.9039729e-6	0.00006441389	0.050115938	0.74730697	6.5838761	3.9092342e9	5.3423193e-6	0.0041610461
776.24712	1.2838077e-20	0.0007607138	9.9496535e-6	0.00006459001	0.050137384	0.74702872	6.6089429	3.9153289e9	5.366787e-6	0.0041705
774.4618	1.2877919e-20	0.00076214681	9.9955448e-6	0.000064766656	0.050158874	0.74675053	6.6341002	3.9214328e9	5.3913671e-6	0.0041799758
772.68059	1.2917893e-20	0.00076358203	0.000010041648	0.000064943828	0.050180406	0.74647242	6.6593484	3.9275458e9	5.4160602e-6	0.0041894734
770.90347	1.2958001e-20	0.00076501945	0.000010087963	0.000065121529	0.050201981	0.74619437	6.6846877	3.933668e9	5.4408666e-6	0.0041989928
769.13044	1.2998242e-20	0.00076645907	0.000010134492	0.000065299761	0.050223601	0.74591641	6.7101183	3.9397995e9	5.4657871e-6	0.0042085342
767.36149	1.3038618e-20	0.00076790089	0.000010181236	0.000065478527	0.050245265	0.74563851	6.7356406	3.9459403e9	5.490822e-6	0.0042180975
765.59661	1.3079128e-20	0.0007693449	0.000010228195	0.000065657829	0.050266974	0.7453607	6.7612548	3.9520903e9	5.515972e-6	0.0042276829
763.83578	1.3119774e-20	0.00077079109	0.000010275371	0.000065837669	0.050288728	0.74508296	6.7869612	3.9582497e9	5.5412375e-6	0.0042372904
762.07901	1.3160556e-20	0.00077223947	0.000010322764	0.00006601805	0.050310528	0.7448053	6.8127599	3.9644184e9	5.5666192e-6	0.00424692
760.32628	1.3201474e-20	0.00077369003	0.000010370376	0.000066198972	0.050332374	0.74452772	6.8386514	3.9705964e9	5.5921174e-6	0.0042565717
758.57758	1.3242529e-20	0.00077514277	0.000010418207	0.00006638044	0.050354267	0.74425023	6.8646359	3.9767839e9	5.6177328e-6	0.0042662457
756.8329	1.3283722e-20	0.00077659767	0.000010466259	0.000066562455	0.050376207	0.74397282	6.8907136	3.9829808e9	5.6434658e-6	0.004275942
755.09223	1.3325054e-20	0.00077805475	0.000010514532	0.00006674502	0.050398195	0.74369549	6.9168848	3.9891872e9	5.6693171e-6	0.0042856606
753.35556	1.3366524e-20	0.00077951399	0.000010563028	0.000066928136	0.050420231	0.74341825	6.9431498	3.995403e9	5.6952872e-6	0.0042954017
751.62289	1.3408133e-20	0.00078097538	0.000010611748	0.000067111807	0.050442315	0.7431411	6.9695088	4.0016284e9	5.7213766e-6	0.0043051651
749.89421	1.3449882e-20	0.00078243893	0.000010660692	0.000067296033	0.050464448	0.74286403	6.9959621	4.0078633e9	5.7475859e-6	0.004314951
748.1695	1.3491772e-20	0.00078390463	0.000010709862	0.000067480819	0.050486631	0.74258706	7.0225101	4.0141078e9	5.7739157e-6	0.0043247595
746.44876	1.3533803e-20	0.00078537248	0.000010759259	0.000067666166	0.050508864	0.74231018	7.0491529	4.0203619e9	5.8003664e-6	0.0043345906
744.73197	1.3575976e-20	0.00078684247	0.000010808883	0.000067852077	0.050531147	0.74203339	7.0758908	4.0266256e9	5.8269386e-6	0.0043444443
743.01914	1.3618291e-20	0.00078831459	0.000010858736	0.000068038553	0.05055348	0.74175669	7.1027241	4.032899e9	5.8536329e-6	0.0043543208
741.31024	1.3660748e-20	0.00078978885	0.00001090882	0.000068225598	0.050575865	0.74148009	7.1296531	4.0391821e9	5.8804499e-6	0.0043642199
739.60528	1.370335e-20	0.00079126524	0.000010959134	0.000068413214	0.050598302	0.74120359	7.156678	4.0454749e9	5.9073902e-6	0.0043741419
737.90423	1.3746095e-20	0.00079274375	0.00001100968	0.000068601402	0.050620791	0.74092718	7.1837992	4.0517774e9	5.9344542e-6	0.0043840868
736.2071	1.3788985e-20	0.00079422438	0.000011060459	0.000068790167	0.050643333	0.74065088	7.2110169	4.0580897e9	5.9616426e-6	0.0043940545
734.51387	1.383202e-20	0.00079570712	0.000011111472	0.000068979509	0.050665928	0.74037467	7.2383313	4.0644119e9	5.9889559e-6	0.0044040452
732.82453	1.3875201e-20	0.00079719198	0.000011162721	0.000069169432	0.050688576	0.74009857	7.2657428	4.0707438e9	6.0163947e-6	0.004414059
731.13908	1.3918529e-20	0.00079867894	0.000011214205	0.000069359938	0.050711278	0.73982257	7.2932515	4.0770857e9	6.0439596e-6	0.0044240958
729.45751	1.3962004e-20	0.000800168	0.000011265928	0.000069551029	0.050734035	0.73954667	7.3208579	4.0834374e9	6.0716512e-6	0.0044341557
727.7798	1.4005626e-20	0.00080165916	0.000011317888	0.000069742709	0.050756847	0.73927088	7.3485622	4.0897991e9	6.09947e-6	0.0044442388
726.10596	1.4049397e-20	0.00080315242	0.000011370088	0.000069934978	0.050779714	0.7389952	7.3763645	4.0961707e9	6.1274167e-6	0.0044543452
724.43596	1.4093317e-20	0.00080464775	0.000011422529	0.000070127841	0.050802636	0.73871962	7.4042653	4.1025523e9	6.1554918e-6	0.0044644748
722.7698	1.4137386e-20	0.00080614517	0.000011475212	0.000070321299	0.050825616	0.73844415	7.4322648	4.108944e9	6.1836959e-6	0.0044746277
721.10748	1.4181606e-20	0.00080764467	0.000011528138	0.000070515354	0.050848651	0.7381688	7.4603633	4.1153456e9	6.2120297e-6	0.0044848041
719.44898	1.4225976e-20	0.00080914624	0.000011581307	0.000070710011	0.050871745	0.73789355	7.488561	4.1217574e9	6.2404936e-6	0.0044950039
717.79429	1.4270498e-20	0.00081064988	0.000011634722	0.00007090527	0.050894895	0.73761842	7.5168582	4.1281792e9	6.2690883e-6	0.0045052272
716.14341	1.4315172e-20	0.00081215559	0.000011688383	0.000071101135	0.050918104	0.73734341	7.5452553	4.1346112e9	6.2978145e-6	0.0045154741
714.49633	1.4359999e-20	0.00081366335	0.000011742292	0.000071297609	0.050941371	0.7370685	7.5737524	4.1410534e9	6.3266726e-6	0.0045257445
712.85303	1.4404979e-20	0.00081517316	0.000011796449	0.000071494693	0.050964698	0.73679372	7.6023499	4.1475058e9	6.3556634e-6	0.0045360387
711.21351	1.4450113e-20	0.00081668502	0.000011850856	0.00007169239	0.050988083	0.73651905	7.631048	4.1539684e9	6.3847874e-6	0.0045463565
709.57777	1.4495402e-20	0.00081819893	0.000011905514	0.000071890704	0.051011529	0.73624451	7.659847	4.1604412e9	6.4140453e-6	0.0045566981
707.94578	1.4540846e-20	0.00081971487	0.000011960423	0.000072089636	0.051035035	0.73597008	7.6887473	4.1669244e9	6.4434376e-6	0.0045670636
706.31755	1.4586446e-20	0.00082123285	0.000012015586	0.000072289189	0.051058602	0.73569577	7.717749	4.1734178e9	6.472965e-6	0.0045774529
704.69307	1.4632203e-20	0.00082275285	0.000012071003	0.000072489366	0.05108223	0.73542159	7.7468524	4.1799217e9	6.5026281e-6	0.0045878662
703.07232	1.4678117e-20	0.00082427488	0.000012126676	0.00007269017	0.05110592	0.73514753	7.776058	4.1864359e9	6.5324275e-6	0.0045983035
701.4553	1.4724189e-20	0.00082579893	0.000012182606	0.000072891603	0.051129672	0.7348736	7.8053658	4.1929605e9	6.5623639e-6	0.0046087648
699.842		1.477042e-20	0.00082732499	0.000012238793	0.000073093668	0.051153487	0.73459979	7.8347762	4.1994956e9	6.5924379e-6	0.0046192502
698.2324	1.4816809e-20	0.00082885305	0.000012295239	0.000073296367	0.051177365	0.73432611	7.8642896	4.2060411e9	6.6226501e-6	0.0046297598
696.62651	1.4863359e-20	0.00083038312	0.000012351946	0.000073499704	0.051201306	0.73405256	7.8939061	4.2125972e9	6.6530011e-6	0.0046402936
695.02432	1.491007e-20	0.00083191518	0.000012408914	0.000073703681	0.051225311	0.73377913	7.923626	4.2191638e9	6.6834916e-6	0.0046508517
693.42581	1.4956941e-20	0.00083344924	0.000012466145	0.000073908301	0.051249381	0.73350584	7.9534497	4.2257409e9	6.7141223e-6	0.0046614341
691.83097	1.5003975e-20	0.00083498528	0.000012523639	0.000074113567	0.051273516	0.73323268	7.9833773	4.2323287e9	6.7448937e-6	0.0046720408
690.2398	1.5051172e-20	0.00083652331	0.000012581399	0.00007431948	0.051297716	0.73295965	8.0134093	4.2389271e9	6.7758066e-6	0.0046826721
688.6523	1.5098531e-20	0.00083806331	0.000012639425	0.000074526045	0.051321981	0.73268676	8.0435459	4.2455362e9	6.8068615e-6	0.0046933278
687.06844	1.5146055e-20	0.00083960528	0.000012697719	0.000074733263	0.051346313	0.732414	8.0737874	4.252156e9	6.8380592e-6	0.0047040081
685.48823	1.5193744e-20	0.00084114921	0.000012756281	0.000074941138	0.051370712	0.73214138	8.104134	4.2587865e9	6.8694003e-6	0.004714713
683.91165	1.5241598e-20	0.00084269511	0.000012815113	0.000075149673	0.051395178	0.7318689	8.134586	4.2654277e9	6.9008854e-6	0.0047254425
682.33869	1.5289618e-20	0.00084424295	0.000012874217	0.00007535887	0.051419711	0.73159655	8.1651438	4.2720798e9	6.9325152e-6	0.0047361968
680.76936	1.5337805e-20	0.00084579275	0.000012933593	0.000075568732	0.051444313	0.73132435	8.1958075	4.2787427e9	6.9642904e-6	0.0047469759
679.20363	1.5386159e-20	0.00084734449	0.000012993243	0.000075779262	0.051468983	0.73105228	8.2265776	4.2854164e9	6.9962117e-6	0.0047577798
677.64151	1.5434682e-20	0.00084889816	0.000013053168	0.000075990463	0.051493722	0.73078036	8.2574543	4.292101e9	7.0282796e-6	0.0047686086
676.08298	1.5483373e-20	0.00085045377	0.000013113369	0.000076202338	0.05151853	0.73050858	8.2884378	4.2987966e9	7.060495e-6	0.0047794623
674.52803	1.5532235e-20	0.0008520113	0.000013173848	0.000076414889	0.051543408	0.73023695	8.3195285	4.3055031e9	7.0928585e-6	0.0047903411
672.97666	1.5581267e-20	0.00085357076	0.000013234605	0.000076628119	0.051568357	0.72996546	8.3507266	4.3122206e9	7.1253706e-6	0.0048012449
671.42885	1.5630469e-20	0.00085513212	0.000013295643	0.000076842032	0.051593376	0.72969412	8.3820325	4.3189491e9	7.1580323e-6	0.0048121739
669.88461	1.5679844e-20	0.0008566954	0.000013356962	0.000077056631	0.051618466	0.72942292	8.4134464	4.3256886e9	7.190844e-6	0.004823128
668.34392	1.5729391e-20	0.00085826058	0.000013418564	0.000077271917	0.051643628	0.72915187	8.4449686	4.3324393e9	7.2238066e-6	0.0048341074
666.80677	1.5779112e-20	0.00085982765	0.00001348045	0.000077487895	0.051668862	0.72888097	8.4765994	4.339201e9	7.2569207e-6	0.0048451121
665.27316	1.5829007e-20	0.00086139662	0.000013542621	0.000077704567	0.051694169	0.72861022	8.5083391	4.345974e9	7.290187e-6	0.0048561422
663.74307	1.5879076e-20	0.00086296747	0.000013605079	0.000077921936	0.051719549	0.72833963	8.5401879	4.3527581e9	7.3236062e-6	0.0048671976
662.2165	1.5929321e-20	0.00086454021	0.000013667824	0.000078140006	0.051745002	0.72806918	8.5721463	4.3595534e9	7.357179e-6	0.0048782786
660.69345	1.5979742e-20	0.00086611481	0.00001373086	0.000078358778	0.051770529	0.72779889	8.6042144	4.3663599e9	7.3909061e-6	0.0048893851
659.1739	1.603034e-20	0.00086769128	0.000013794185	0.000078578257	0.05179613	0.72752876	8.6363925	4.3731778e9	7.4247883e-6	0.0049005171
657.65784	1.6081116e-20	0.00086926962	0.000013857803	0.000078798445	0.051821806	0.72725877	8.668681	4.3800069e9	7.4588262e-6	0.0049116749
656.14527	1.6132071e-20	0.00087084981	0.000013921714	0.000079019345	0.051847557	0.72698895	8.7010801	4.3868474e9	7.4930206e-6	0.0049228583
654.63617	1.6183204e-20	0.00087243185	0.000013985919	0.000079240961	0.051873384	0.72671928	8.7335902	4.3936993e9	7.5273721e-6	0.0049340675
653.13055	1.6234518e-20	0.00087401573	0.000014050421	0.000079463294	0.051899288	0.72644977	8.7662114	4.4005626e9	7.5618816e-6	0.0049453026
651.62839	1.6286013e-20	0.00087560145	0.00001411522	0.00007968635	0.051925267	0.72618043	8.7989442	4.4074373e9	7.5965497e-6	0.0049565635
650.12969	1.6337689e-20	0.00087718901	0.000014180318	0.00007991013	0.051951324	0.72591124	8.8317888	4.4143236e9	7.6313771e-6	0.0049678504
648.63443	1.6389547e-20	0.00087877839	0.000014245716	0.000080134638	0.051977458	0.72564221	8.8647455	4.4212213e9	7.6663646e-6	0.0049791633
647.14262	1.6441589e-20	0.00088036958	0.000014311415	0.000080359876	0.05200367	0.72537335	8.8978146	4.4281306e9	7.701513e-6	0.0049905022
645.65423	1.6493815e-20	0.00088196259	0.000014377417	0.000080585849	0.05202996	0.72510465	8.9309963	4.4350515e9	7.7368229e-6	0.0050018673
644.16927	1.6546225e-20	0.00088355741	0.000014443724	0.000080812559	0.05205633	0.72483611	8.964291	4.441984e9	7.7722952e-6	0.0050132586
642.68772	1.6598821e-20	0.00088515403	0.000014510336	0.000081040009	0.052082778	0.72456774	8.997699	4.4489281e9	7.8079305e-6	0.0050246762
641.20958	1.6651603e-20	0.00088675244	0.000014577255	0.000081268202	0.052109306	0.72429954	9.0312205	4.4558839e9	7.8437296e-6	0.00503612
639.73484	1.6704572e-20	0.00088835264	0.000014644483	0.000081497143	0.052135915	0.7240315	9.064856	4.4628514e9	7.8796933e-6	0.0050475902
638.26349	1.6757729e-20	0.00088995462	0.000014712021	0.000081726833	0.052162603	0.72376364	9.0986056	4.4698307e9	7.9158223e-6	0.0050590869
636.79552	1.6811074e-20	0.00089155838	0.00001477987	0.000081957276	0.052189373	0.72349594	9.1324696	4.4768218e9	7.9521174e-6	0.00507061
635.33093	1.6864609e-20	0.0008931639	0.000014848032	0.000082188476	0.052216225	0.72322841	9.1664484	4.4838247e9	7.9885793e-6	0.0050821597
633.86971	1.6918334e-20	0.00089477119	0.000014916509	0.000082420435	0.052243158	0.72296106	9.2005422	4.4908395e9	8.0252088e-6	0.0050937361
632.41185	1.6972251e-20	0.00089638024	0.000014985301	0.000082653158	0.052270173	0.72269387	9.2347514	4.4978661e9	8.0620068e-6	0.0051053391
630.95734	1.7026359e-20	0.00089799103	0.00001505441	0.000082886647	0.052297272	0.72242686	9.2690762	4.5049047e9	8.0989738e-6	0.0051169688
629.50618	1.708066e-20	0.00089960356	0.000015123837	0.000083120905	0.052324454	0.72216002	9.3035169	4.5119552e9	8.1361109e-6	0.0051286253
628.05836	1.7135155e-20	0.00090121784	0.000015193585	0.000083355936	0.052351719	0.72189336	9.3380739	4.5190177e9	8.1734186e-6	0.0051403087
626.61386	1.7189844e-20	0.00090283384	0.000015263655	0.000083591743	0.052379069	0.72162687	9.3727474	4.5260922e9	8.2108979e-6	0.0051520191
625.17269	1.7244728e-20	0.00090445157	0.000015334047	0.00008382833	0.052406503	0.72136056	9.4075377	4.5331789e9	8.2485494e-6	0.0051637564
623.73484	1.7299808e-20	0.00090607101	0.000015404764	0.0000840657	0.052434022	0.72109443	9.4424452	4.5402776e9	8.286374e-6	0.0051755207
622.30029	1.7355085e-20	0.00090769217	0.000015475807	0.000084303856	0.052461626	0.72082847	9.4774701	4.5473884e9	8.3243726e-6	0.0051873122
620.86903	1.741056e-20	0.00090931503	0.000015547177	0.000084542801	0.052489317	0.7205627	9.5126128	4.5545114e9	8.3625458e-6	0.0051991308
619.44108	1.7466233e-20	0.00091093958	0.000015618877	0.00008478254	0.052517094	0.72029711	9.5478734	4.5616467e9	8.4008944e-6	0.0052109767
618.0164	1.7522106e-20	0.00091256583	0.000015690907	0.000085023075	0.052544957	0.72003169	9.5832524	4.5687941e9	8.4394194e-6	0.0052228499
616.595	1.7578179e-20	0.00091419376	0.000015763269	0.000085264411	0.052572908	0.71976646	9.61875	4.5759538e9	8.4781215e-6	0.0052347504
615.17687	1.7634453e-20	0.00091582337	0.000015835964	0.000085506549	0.052600947	0.71950141	9.6543665	4.5831258e9	8.5170015e-6	0.0052466784
613.76201	1.7690929e-20	0.00091745464	0.000015908995	0.000085749495	0.052629074	0.71923655	9.6901023	4.5903102e9	8.5560603e-6	0.0052586338
612.35039	1.7747609e-20	0.00091908758	0.000015982363	0.000085993251	0.052657289	0.71897187	9.7259576	4.597507e9	8.5952986e-6	0.0052706168
610.94202	1.7804491e-20	0.00092072218	0.000016056068	0.00008623782	0.052685593	0.71870737	9.7619327	4.6047161e9	8.6347173e-6	0.0052826274
609.5369	1.7861579e-20	0.00092235842	0.000016130114	0.000086483208	0.052713987	0.71844307	9.7980279	4.6119377e9	8.6743172e-6	0.0052946657
608.135	1.7918872e-20	0.00092399631	0.000016204501	0.000086729416	0.052742471	0.71817894	9.8342436	4.6191718e9	8.7140991e-6	0.0053067317
606.73633	1.7976371e-20	0.00092563584	0.00001627923	0.000086976448	0.052771045	0.71791501	9.87058	4.6264184e9	8.754064e-6	0.0053188256
605.34087	1.8034077e-20	0.00092727699	0.000016354305	0.000087224309	0.052799709	0.71765127	9.9070374	4.6336776e9	8.7942126e-6	0.0053309473
603.94863	1.8091992e-20	0.00092891977	0.000016429725	0.000087473001	0.052828465	0.71738771	9.9436162	4.6409494e9	8.8345457e-6	0.0053430969
602.55959	1.8150116e-20	0.00093056416	0.000016505493	0.000087722529	0.052857313	0.71712435	9.9803167	4.6482338e9	8.8750643e-6	0.0053552745
601.17374	1.820845e-20	0.00093221016	0.00001658161	0.000087972895	0.052886253	0.71686117	10.017139	4.6555308e9	8.9157692e-6	0.0053674802
599.79108	1.8266994e-20	0.00093385776	0.000016658079	0.000088224104	0.052915285	0.71659819	10.054084	4.6628406e9	8.9566612e-6	0.005379714
598.4116	1.832575e-20	0.00093550696	0.0000167349	0.000088476159	0.052944411	0.7163354	10.091151	4.6701631e9	8.9977412e-6	0.0053919761
597.03529	1.8384719e-20	0.00093715774	0.000016812074	0.000088729064	0.052973629	0.71607281	10.128341	4.6774983e9	9.03901e-6	0.0054042663
595.66214	1.8443902e-20	0.0009388101	0.000016889605	0.000088982822	0.053002942	0.7158104	10.165654	4.6848464e9	9.0804686e-6	0.0054165849
594.29216	1.8503299e-20	0.00094046404	0.000016967493	0.000089237437	0.053032349	0.7155482	10.203091	4.6922073e9	9.1221178e-6	0.0054289319
592.92532	1.8562911e-20	0.00094211954	0.00001704574	0.000089492914	0.053061851	0.71528619	10.240651	4.6995811e9	9.1639584e-6	0.0054413073
591.56163	1.862274e-20	0.0009437766	0.000017124348	0.000089749255	0.053091447	0.71502438	10.278336	4.7069678e9	9.2059914e-6	0.0054537113
590.20108	1.8682786e-20	0.00094543521	0.000017203319	0.000090006464	0.05312114	0.71476276	10.316145	4.7143675e9	9.2482177e-6	0.0054661438
588.84366	1.874305e-20	0.00094709536	0.000017282653	0.000090264545	0.053150929	0.71450134	10.354078	4.7217802e9	9.2906381e-6	0.005478605
587.48935	1.8803533e-20	0.00094875706	0.000017362353	0.000090523502	0.053180814	0.71424013	10.392137	4.7292059e9	9.3332535e-6	0.0054910948
586.13816	1.8864237e-20	0.00095042028	0.00001744242	0.000090783339	0.053210796	0.71397911	10.430321	4.7366446e9	9.3760649e-6	0.0055036135
584.79008	1.8925161e-20	0.00095208502	0.000017522857	0.00009104406	0.053240875	0.71371829	10.46863	4.7440965e9	9.419073e-6	0.005516161
583.4451	1.8986308e-20	0.00095375128	0.000017603664	0.000091305667	0.053271052	0.71345767	10.507065	4.7515615e9	9.4622789e-6	0.0055287374
582.10322	1.9047677e-20	0.00095541905	0.000017684844	0.000091568166	0.053301328	0.71319726	10.545627	4.7590396e9	9.5056835e-6	0.0055413429
580.76442	1.9109271e-20	0.00095708832	0.000017766398	0.00009183156	0.053331702	0.71293705	10.584315	4.766531e9	9.5492876e-6	0.0055539773
579.4287	1.9171089e-20	0.00095875909	0.000017848328	0.000092095853	0.053362176	0.71267704	10.62313	4.7740357e9	9.5930921e-6	0.0055666409
578.09605	1.9233133e-20	0.00096043133	0.000017930636	0.000092361049	0.053392749	0.71241723	10.662072	4.7815536e9	9.6370981e-6	0.0055793336
576.76646	1.9295404e-20	0.00096210506	0.000018013323	0.000092627151	0.053423422	0.71215763	10.701142	4.7890848e9	9.6813064e-6	0.0055920556
575.43994	1.9357903e-20	0.00096378026	0.000018096391	0.000092894164	0.053454195	0.71189824	10.740339	4.7966295e9	9.7257179e-6	0.0056048069
574.11646	1.942063e-20	0.00096545692	0.000018179842	0.000093162092	0.05348507	0.71163905	10.779665	4.8041875e9	9.7703336e-6	0.0056175876
572.79603	1.9483587e-20	0.00096713504	0.000018263678	0.000093430938	0.053516045	0.71138007	10.819119	4.8117589e9	9.8151544e-6	0.0056303977
571.47864	1.9546775e-20	0.00096881461	0.0000183479	0.000093700707	0.053547123	0.7111213	10.858701	4.8193438e9	9.8601813e-6	0.0056432374
570.16427	1.9610195e-20	0.00097049562	0.000018432511	0.000093971403	0.053578303	0.71086274	10.898413	4.8269423e9	9.9054152e-6	0.0056561066
568.85293	1.9673848e-20	0.00097217806	0.000018517512	0.000094243029	0.053609585	0.71060438	10.938253	4.8345542e9	9.9508571e-6	0.0056690055
567.54461	1.9737734e-20	0.00097386193	0.000018602904	0.00009451559	0.053640971	0.71034624	10.978224	4.8421798e9	9.9965079e-6	0.0056819341
566.23929	1.9801856e-20	0.00097554722	0.00001868869	0.000094789089	0.05367246	0.7100883	11.018324	4.849819e9	0.000010042369	0.0056948925
564.93697	1.9866213e-20	0.00097723392	0.000018774872	0.000095063532	0.053704053	0.70983058	11.058555	4.8574719e9	0.00001008844	0.0057078807
563.63766	1.9930806e-20	0.00097892202	0.00001886145	0.000095338921	0.05373575	0.70957307	11.098916	4.8651384e9	0.000010134724	0.0057208989
562.34133	1.9995638e-20	0.00098061152	0.000018948428	0.000095615261	0.053767553	0.70931577	11.139408	4.8728188e9	0.00001018122	0.0057339471
561.04798	2.0060709e-20	0.00098230241	0.000019035807	0.000095892557	0.053799461	0.70905868	11.180031	4.8805128e9	0.00001022793	0.0057470253
559.7576	2.0126019e-20	0.00098399468	0.000019123589	0.000096170811	0.053831474	0.70880181	11.220786	4.8882207e9	0.000010274854	0.0057601337
558.47019	2.019157e-20	0.00098568832	0.000019211775	0.00009645003	0.053863594	0.70854515	11.261672	4.8959425e9	0.000010321995	0.0057732722
557.18575	2.0257364e-20	0.00098738332	0.000019300368	0.000096730215	0.05389582	0.70828871	11.302691	4.9036781e9	0.000010369352	0.0057864411
555.90426	2.03234e-20	0.00098907969	0.000019389369	0.000097011373	0.053928153	0.70803249	11.343842	4.9114277e9	0.000010416927	0.0057996403
554.62571	2.0389681e-20	0.0009907774	0.00001947878	0.000097293507	0.053960594	0.70777647	11.385125	4.9191913e9	0.00001046472	0.0058128699
553.35011	2.0456207e-20	0.00099247646	0.000019568604	0.000097576621	0.053993143	0.70752068	11.426542	4.9269688e9	0.000010512734	0.0058261299
552.07744	2.0522979e-20	0.00099417685	0.000019658841	0.00009786072	0.0540258	0.70726511	11.468092	4.9347604e9	0.000010560968	0.0058394205
550.8077	2.0589998e-20	0.00099587856	0.000019749495	0.000098145808	0.054058566	0.70700975	11.509776	4.9425661e9	0.000010609424	0.0058527418
549.54087	2.0657265e-20	0.0009975816	0.000019840566	0.000098431888	0.054091441	0.70675461	11.551594	4.9503859e9	0.000010658102	0.0058660937
548.27696	2.0724783e-20	0.00099928595	0.000019932057	0.000098718967	0.054124426	0.70649969	11.593546	4.9582199e9	0.000010707005	0.0058794764
547.01596	2.079255e-20	0.0010009916	0.00002002397	0.000099007047	0.054157521	0.70624499	11.635633	4.9660681e9	0.000010756132	0.0058928899
545.75786	2.0860569e-20	0.0010026985	0.000020116307	0.000099296133	0.054190726	0.70599051	11.677854	4.9739305e9	0.000010805486	0.0059063343
544.50265	2.0928841e-20	0.0010044068	0.000020209069	0.000099586231	0.054224043	0.70573626	11.720211	4.9818072e9	0.000010855066	0.0059198097
543.25033	2.0997367e-20	0.0010061163	0.000020302258	0.000099877343	0.054257471	0.70548222	11.762704	4.9896983e9	0.000010904874	0.0059333162
542.00089	2.1066147e-20	0.0010078271	0.000020395878	0.00010016947	0.05429101	0.70522841	11.805332	4.9976037e9	0.000010954911	0.0059468538
540.75432	2.1135184e-20	0.0010095391	0.000020489929	0.00010046263	0.054324663	0.70497482	11.848097	5.0055235e9	0.000011005178	0.0059604225
539.51062	2.1204478e-20	0.0010112524	0.000020584413	0.00010075681	0.054358428	0.70472146	11.890997	5.0134577e9	0.000011055676	0.0059740225
538.26978	2.127403e-20	0.001012967	0.000020679333	0.00010105203	0.054392306	0.70446831	11.934035	5.0214064e9	0.000011106407	0.0059876538
537.0318	2.1343841e-20	0.0010146828	0.00002077469	0.00010134828	0.054426297	0.7042154	11.97721	5.0293696e9	0.00001115737	0.0060013166
535.79666	2.1413913e-20	0.0010163998	0.000020870487	0.00010164558	0.054460403	0.70396271	12.020523	5.0373474e9	0.000011208568	0.0060150108
534.56436	2.1484246e-20	0.001018118	0.000020966726	0.00010194392	0.054494624	0.70371024	12.063973	5.0453398e9	0.000011260002	0.0060287365
533.3349	2.1554842e-20	0.0010198375	0.000021063408	0.00010224331	0.054528959	0.703458	12.107561	5.0533468e9	0.000011311671	0.0060424939
532.10826	2.1625702e-20	0.0010215581	0.000021160535	0.00010254376	0.05456341	0.70320599	12.151288	5.0613685e9	0.000011363579	0.006056283
530.88444	2.1696828e-20	0.00102328	0.000021258111	0.00010284527	0.054597976	0.7029542	12.195153	5.0694049e9	0.000011415725	0.0060701038
529.66344	2.1768219e-20	0.0010250031	0.000021356136	0.00010314784	0.054632659	0.70270265	12.239157	5.0774561e9	0.000011468111	0.0060839565
528.44525	2.1839878e-20	0.0010267273	0.000021454613	0.00010345149	0.054667459	0.70245132	12.283301	5.0855221e9	0.000011520737	0.0060978411
527.22986	2.1911805e-20	0.0010284527	0.000021553544	0.0001037562	0.054702375	0.70220022	12.327585	5.0936029e9	0.000011573606	0.0061117577
526.01727	2.1984002e-20	0.0010301793	0.000021652931	0.000104062	0.054737409	0.70194935	12.372008	5.1016986e9	0.000011626718	0.0061257063
524.80746	2.205647e-20	0.0010319071	0.000021752776	0.00010436888	0.054772562	0.70169871	12.416572	5.1098092e9	0.000011680074	0.006139687
523.60044	2.212921e-20	0.0010336359	0.000021853081	0.00010467684	0.054807832	0.7014483	12.461276	5.1179347e9	0.000011733675	0.0061537
522.39619	2.2202223e-20	0.001035366	0.000021953848	0.0001049859	0.054843222	0.70119813	12.506121	5.1260753e9	0.000011787523	0.0061677452
521.19471	2.227551e-20	0.0010370972	0.00002205508	0.00010529606	0.054878731	0.70094818	12.551108	5.1342309e9	0.000011841618	0.0061818228
519.996	2.2349073e-20	0.0010388295	0.000022156779	0.00010560732	0.05491436	0.70069847	12.596236	5.1424016e9	0.000011895962	0.0061959328
518.80004	2.2422913e-20	0.0010405629	0.000022258946	0.00010591969	0.054950109	0.70044899	12.641506	5.1505874e9	0.000011950556	0.0062100754
517.60683	2.2497031e-20	0.0010422974	0.000022361584	0.00010623317	0.054985978	0.70019974	12.686918	5.1587884e9	0.000012005401	0.0062242504
516.41637	2.2571429e-20	0.001044033	0.000022464696	0.00010654777	0.055021969	0.69995073	12.732473	5.1670046e9	0.000012060498	0.0062384582
515.22864	2.2646106e-20	0.0010457697	0.000022568282	0.00010686348	0.055058081	0.69970195	12.77817	5.175236e9	0.000012115848	0.0062526987
514.04365	2.2721066e-20	0.0010475075	0.000022672346	0.00010718033	0.055094316	0.69945341	12.824011	5.1834827e9	0.000012171453	0.0062669719
512.86138	2.2796308e-20	0.0010492464	0.00002277689	0.00010749831	0.055130672	0.6992051	12.869996	5.1917447e9	0.000012227313	0.0062812781
511.68184	2.2871835e-20	0.0010509864	0.000022881915	0.00010781742	0.055167152	0.69895702	12.916124	5.2000221e9	0.000012283431	0.0062956172
510.505	2.2947647e-20	0.0010527274	0.000022987425	0.00010813767	0.055203755	0.69870919	12.962396	5.2083149e9	0.000012339806	0.0063099893
509.33087	2.3023745e-20	0.0010544694	0.000023093421	0.00010845908	0.055240481	0.69846158	13.008812	5.2166232e9	0.000012396441	0.0063243945
508.15944	2.3100132e-20	0.0010562125	0.000023199905	0.00010878163	0.055277332	0.69821422	13.055374	5.2249469e9	0.000012453336	0.0063388329
506.99071	2.3176807e-20	0.0010579567	0.00002330688	0.00010910534	0.055314308	0.69796709	13.10208	5.2332862e9	0.000012510492	0.0063533046
505.82466	2.3253773e-20	0.0010597018	0.000023414348	0.00010943021	0.055351408	0.6977202	13.148932	5.2416411e9	0.000012567911	0.0063678096
504.6613	2.3331031e-20	0.001061448	0.000023522312	0.00010975625	0.055388634	0.69747355	13.19593	5.2500116e9	0.000012625595	0.0063823479
503.50061	2.3408582e-20	0.0010631952	0.000023630773	0.00011008346	0.055425986	0.69722714	13.243074	5.2583977e9	0.000012683543	0.0063969198
502.34259	2.3486426e-20	0.0010649434	0.000023739734	0.00011041185	0.055463464	0.69698097	13.290364	5.2667995e9	0.000012741758	0.0064115253
501.18723	2.3564567e-20	0.0010666926	0.000023849197	0.00011074141	0.055501069	0.69673504	13.337801	5.2752171e9	0.000012800241	0.0064261643
500.03453	2.3643004e-20	0.0010684427	0.000023959165	0.00011107217	0.055538802	0.69648935	13.385385	5.2836505e9	0.000012858992	0.0064408371
498.88449	2.372174e-20	0.0010701939	0.000024069639	0.00011140412	0.055576662	0.69624389	13.433116	5.2920997e9	0.000012918014	0.0064555437
497.73708	2.3800774e-20	0.001071946	0.000024180623	0.00011173727	0.05561465	0.69599868	13.480995	5.3005647e9	0.000012977307	0.0064702842
496.59232	2.388011e-20	0.0010736991	0.000024292118	0.00011207162	0.055652767	0.69575371	13.529021	5.3090457e9	0.000013036873	0.0064850585
495.45019	2.3959747e-20	0.0010754531	0.000024404127	0.00011240718	0.055691013	0.69550899	13.577197	5.3175426e9	0.000013096712	0.006499867
494.31069	2.4039688e-20	0.001077208	0.000024516653	0.00011274395	0.055729388	0.6952645	13.62552	5.3260556e9	0.000013156827	0.0065147095
493.1738	2.4119934e-20	0.0010789639	0.000024629697	0.00011308194	0.055767894	0.69502026	13.673993	5.3345845e9	0.000013217218	0.0065295862
492.03954	2.4200486e-20	0.0010807207	0.000024743262	0.00011342115	0.055806529	0.69477626	13.722615	5.3431295e9	0.000013277887	0.0065444972
490.90788	2.4281345e-20	0.0010824785	0.00002485735	0.0001137616	0.055845296	0.6945325	13.771387	5.3516907e9	0.000013338834	0.0065594425
489.77882	2.4362513e-20	0.0010842371	0.000024971964	0.00011410328	0.055884194	0.69428899	13.820308	5.360268e9	0.000013400062	0.0065744222
488.65236	2.4443991e-20	0.0010859967	0.000025087106	0.00011444619	0.055923223	0.69404572	13.86938	5.3688616e9	0.000013461571	0.0065894364
487.52849	2.452578e-20	0.0010877571	0.000025202779	0.00011479036	0.055962385	0.69380269	13.918603	5.3774714e9	0.000013523363	0.0066044852
486.40721	2.4607882e-20	0.0010895184	0.000025318986	0.00011513578	0.056001679	0.69355991	13.967976	5.3860974e9	0.00001358544	0.0066195686
485.2885	2.4690298e-20	0.0010912806	0.000025435727	0.00011548245	0.056041106	0.69331738	14.0175	5.3947399e9	0.000013647801	0.0066346868
484.17237	2.477303e-20	0.0010930436	0.000025553007	0.00011583038	0.056080667	0.69307509	14.067176	5.4033987e9	0.00001371045	0.0066498398
483.0588	2.4856079e-20	0.0010948076	0.000025670827	0.00011617959	0.056120361	0.69283305	14.117004	5.4120739e9	0.000013773386	0.0066650276
481.9478	2.4939446e-20	0.0010965723	0.00002578919	0.00011653006	0.05616019	0.69259125	14.166984	5.4207656e9	0.000013836612	0.0066802505
480.83935	2.5023133e-20	0.0010983379	0.000025908099	0.00011688182	0.056200154	0.6923497	14.217117	5.4294738e9	0.000013900128	0.0066955084
479.73345	2.5107141e-20	0.0011001043	0.000026027556	0.00011723486	0.056240253	0.6921084	14.267403	5.4381985e9	0.000013963937	0.0067108014
478.63009	2.5191472e-20	0.0011018716	0.000026147563	0.00011758919	0.056280488	0.69186734	14.317841	5.4469399e9	0.000014028039	0.0067261297
477.52927	2.5276126e-20	0.0011036396	0.000026268123	0.00011794482	0.056320858	0.69162654	14.368433	5.4556979e9	0.000014092435	0.0067414932
476.43099	2.5361106e-20	0.0011054085	0.000026389239	0.00011830174	0.056361366	0.69138598	14.419179	5.4644726e9	0.000014157128	0.0067568921
475.33523	2.5446413e-20	0.0011071781	0.000026510914	0.00011865998	0.05640201	0.69114567	14.470079	5.473264e9	0.000014222118	0.0067723265
474.24199	2.5532047e-20	0.0011089486	0.000026633148	0.00011901953	0.056442792	0.69090561	14.521134	5.4820721e9	0.000014287407	0.0067877964
473.15126	2.5618012e-20	0.0011107198	0.000026755947	0.00011938039	0.056483712	0.69066579	14.572343	5.4908971e9	0.000014352996	0.0068033019
472.06304	2.5704308e-20	0.0011124918	0.000026879311	0.00011974258	0.056524771	0.69042623	14.623708	5.499739e9	0.000014418887	0.0068188432
470.97733	2.5790936e-20	0.0011142646	0.000027003243	0.0001201061	0.056565968	0.69018692	14.675228	5.5085977e9	0.00001448508	0.0068344202
469.89411	2.5877898e-20	0.0011160381	0.000027127747	0.00012047096	0.056607304	0.68994785	14.726903	5.5174734e9	0.000014551578	0.0068500331
468.81338	2.5965196e-20	0.0011178123	0.000027252825	0.00012083716	0.05664878	0.68970904	14.778735	5.5263661e9	0.000014618382	0.0068656819
467.73514	2.6052831e-20	0.0011195873	0.000027378479	0.00012120471	0.056690396	0.68947048	14.830723	5.5352759e9	0.000014685492	0.0068813667
466.65938	2.6140804e-20	0.001121363	0.000027504712	0.00012157361	0.056732153	0.68923217	14.882868	5.5442027e9	0.000014752912	0.0068970877
465.58609	2.6229118e-20	0.0011231394	0.000027631526	0.00012194387	0.056774051	0.6889941	14.93517	5.5531466e9	0.000014820641	0.0069128448
464.51528	2.6317772e-20	0.0011249165	0.000027758926	0.0001223155	0.056816091	0.6887563	14.98763	5.5621077e9	0.000014888682	0.0069286383
463.44692	2.640677e-20	0.0011266944	0.000027886912	0.00012268849	0.056858272	0.68851874	15.040247	5.5710861e9	0.000014957035	0.006944468
462.38102	2.6496112e-20	0.0011284729	0.000028015488	0.00012306287	0.056900596	0.68828143	15.093022	5.5800816e9	0.000015025703	0.0069603343
461.31757	2.6585801e-20	0.0011302521	0.000028144657	0.00012343863	0.056943063	0.68804438	15.145955	5.5890945e9	0.000015094686	0.006976237
460.25657	2.6675836e-20	0.001132032	0.000028274421	0.00012381578	0.056985673	0.68780758	15.199048	5.5981248e9	0.000015163987	0.0069921764
459.19801	2.6766221e-20	0.0011338125	0.000028404782	0.00012419433	0.057028427	0.68757104	15.252299	5.6071724e9	0.000015233606	0.0070081525
458.14189	2.6856956e-20	0.0011355937	0.000028535745	0.00012457427	0.057071325	0.68733474	15.30571	5.6162375e9	0.000015303545	0.0070241653
457.08819	2.6948044e-20	0.0011373755	0.000028667311	0.00012495563	0.057114368	0.6870987	15.35928	5.62532e9	0.000015373806	0.007040215
456.03692	2.7039485e-20	0.001139158	0.000028799484	0.0001253384	0.057157555	0.68686292	15.41301	5.6344201e9	0.00001544439	0.0070563016
454.98806	2.7131281e-20	0.0011409411	0.000028932265	0.00012572259	0.057200889	0.68662739	15.466901	5.6435378e9	0.000015515298	0.0070724253
453.94162	2.7223434e-20	0.0011427248	0.000029065659	0.00012610821	0.057244368	0.68639211	15.520952	5.652673e9	0.000015586533	0.0070885861
452.89758	2.7315946e-20	0.0011445092	0.000029199667	0.00012649526	0.057287994	0.68615709	15.575165	5.661826e9	0.000015658095	0.0071047841
451.85594	2.7408817e-20	0.0011462941	0.000029334292	0.00012688376	0.057331767	0.68592232	15.629539	5.6709966e9	0.000015729986	0.0071210194
450.8167	2.750205e-20	0.0011480797	0.000029469538	0.00012727369	0.057375687	0.68568781	15.684074	5.6801851e9	0.000015802207	0.007137292
449.77985	2.7595647e-20	0.0011498658	0.000029605408	0.00012766508	0.057419756	0.68545355	15.738771	5.6893913e9	0.00001587476	0.0071536021
448.74539	2.7689607e-20	0.0011516525	0.000029741903	0.00012805793	0.057463972	0.68521955	15.793631	5.6986153e9	0.000015947647	0.0071699498
447.7133	2.7783935e-20	0.0011534397	0.000029879028	0.00012845225	0.057508337	0.6849858	15.848653	5.7078573e9	0.000016020869	0.007186335
446.68359	2.787863e-20	0.0011552275	0.000030016784	0.00012884803	0.057552852	0.68475231	15.903838	5.7171172e9	0.000016094428	0.007202758
445.65625	2.7973695e-20	0.0011570159	0.000030155175	0.0001292453	0.057597516	0.68451908	15.959187	5.726395e9	0.000016168325	0.0072192188
444.63127	2.8069131e-20	0.0011588048	0.000030294204	0.00012964404	0.05764233	0.6842861	16.014699	5.735691e9	0.000016242562	0.0072357175
443.60864	2.816494e-20	0.0011605942	0.000030433873	0.00013004428	0.057687295	0.68405338	16.070375	5.7450049e9	0.000016317139	0.0072522541
442.58837	2.8261123e-20	0.0011623842	0.000030574186	0.00013044602	0.057732411	0.68382092	16.126215	5.7543371e9	0.00001639206	0.0072688288
441.57045	2.8357682e-20	0.0011641747	0.000030715146	0.00013084926	0.057777678	0.68358871	16.18222	5.7636873e9	0.000016467325	0.0072854417
440.55486	2.845462e-20	0.0011659656	0.000030856755	0.00013125401	0.057823097	0.68335676	16.23839	5.7730558e9	0.000016542937	0.0073020928
439.54162	2.8551937e-20	0.0011677571	0.000030999017	0.00013166029	0.057868669	0.68312507	16.294725	5.7824426e9	0.000016618895	0.0073187822
438.5307	2.8649635e-20	0.0011695491	0.000031141934	0.00013206808	0.057914394	0.68289364	16.351226	5.7918477e9	0.000016695204	0.00733551
437.52211	2.8747716e-20	0.0011713415	0.00003128551	0.0001324774	0.057960272	0.68266246	16.407892	5.8012711e9	0.000016771862	0.0073522764
436.51583	2.8846181e-20	0.0011731344	0.000031429748	0.00013288827	0.058006303	0.68243155	16.464725	5.8107129e9	0.000016848874	0.0073690813
435.51187	2.8945033e-20	0.0011749278	0.00003157465	0.00013330068	0.058052489	0.68220089	16.521725	5.8201732e9	0.000016926239	0.0073859249
434.51022	2.9044272e-20	0.0011767216	0.00003172022	0.00013371464	0.05809883	0.68197049	16.578891	5.829652e9	0.00001700396	0.0074028072
433.51088	2.9143901e-20	0.0011785159	0.00003186646	0.00013413015	0.058145326	0.68174034	16.636225	5.8391493e9	0.000017082038	0.0074197284
432.51383	2.9243922e-20	0.0011803105	0.000032013374	0.00013454724	0.058191978	0.68151046	16.693726	5.8486652e9	0.000017160476	0.0074366886
431.51908	2.9344336e-20	0.0011821057	0.000032160966	0.00013496589	0.058238785	0.68128084	16.751395	5.8581998e9	0.000017239273	0.0074536877
430.52661	2.9445144e-20	0.0011839012	0.000032309237	0.00013538612	0.058285749	0.68105147	16.809232	5.867753e9	0.000017318433	0.007470726
429.53643	2.954635e-20	0.0011856971	0.000032458192	0.00013580794	0.058332871	0.68082237	16.867238	5.877325e9	0.000017397957	0.0074878035
428.54852	2.9647953e-20	0.0011874935	0.000032607833	0.00013623136	0.058380149	0.68059353	16.925412	5.8869158e9	0.000017477847	0.0075049203
427.56289	2.9749957e-20	0.0011892902	0.000032758164	0.00013665637	0.058427586	0.68036494	16.983756	5.8965254e9	0.000017558104	0.0075220765
426.57952	2.9852363e-20	0.0011910873	0.000032909187	0.00013708299	0.058475181	0.68013662	17.04227	5.9061538e9	0.00001763873	0.0075392722
425.59841	2.9955172e-20	0.0011928848	0.000033060906	0.00013751122	0.058522935	0.67990855	17.100953	5.9158012e9	0.000017719726	0.0075565074
424.61956	3.0058387e-20	0.0011946826	0.000033213324	0.00013794108	0.058570849	0.67968075	17.159806	5.9254676e9	0.000017801095	0.0075737823
423.64297	3.0162009e-20	0.0011964808	0.000033366445	0.00013837256	0.058618922	0.6794532	17.21883	5.9351529e9	0.000017882838	0.007591097
422.66861	3.026604e-20	0.0011982793	0.000033520271	0.00013880568	0.058667156	0.67922592	17.278025	5.9448574e9	0.000017964956	0.0076084514
421.6965	3.0370482e-20	0.0012000782	0.000033674806	0.00013924044	0.05871555	0.6789989	17.337391	5.954581e9	0.000018047453	0.0076258459
420.72663	3.0475337e-20	0.0012018774	0.000033830053	0.00013967685	0.058764105	0.67877214	17.396929	5.9643237e9	0.000018130328	0.0076432803
419.75898	3.0580606e-20	0.0012036769	0.000033986015	0.00014011492	0.058812823	0.67854563	17.456638	5.9740856e9	0.000018213584	0.0076607548
418.79357	3.0686291e-20	0.0012054767	0.000034142696	0.00014055466	0.058861702	0.67831939	17.516519	5.9838668e9	0.000018297223	0.0076782696
417.83037	3.0792395e-20	0.0012072768	0.000034300099	0.00014099607	0.058910744	0.67809342	17.576573	5.9936673e9	0.000018381247	0.0076958247
416.86938	3.0898919e-20	0.0012090772	0.000034458227	0.00014143915	0.058959949	0.6778677	17.6368	6.0034872e9	0.000018465657	0.0077134201
415.91061	3.1005865e-20	0.0012108779	0.000034617083	0.00014188393	0.059009318	0.67764224	17.6972	6.0133265e9	0.000018550455	0.0077310561
414.95404	3.1113234e-20	0.0012126788	0.000034776672	0.00014233039	0.059058851	0.67741705	17.757774	6.0231852e9	0.000018635642	0.0077487326
413.99967	3.122103e-20	0.0012144801	0.000034936996	0.00014277856	0.059108548	0.67719212	17.818521	6.0330634e9	0.000018721222	0.0077664497
413.0475	3.1329253e-20	0.0012162815	0.000035098058	0.00014322844	0.059158411	0.67696745	17.879442	6.0429612e9	0.000018807195	0.0077842077
412.09752	3.1437905e-20	0.0012180832	0.000035259863	0.00014368004	0.059208439	0.67674304	17.940538	6.0528786e9	0.000018893562	0.0078020065
411.14972	3.1546989e-20	0.0012198852	0.000035422413	0.00014413336	0.059258632	0.6765189	18.001809	6.0628156e9	0.000018980327	0.0078198462
410.2041	3.1656506e-20	0.0012216874	0.000035585713	0.00014458842	0.059308993	0.67629502	18.063255	6.0727723e9	0.000019067491	0.007837727
409.26066	3.1766458e-20	0.0012234898	0.000035749764	0.00014504521	0.05935952	0.67607139	18.124876	6.0827488e9	0.000019155056	0.0078556489
408.31939	3.1876847e-20	0.0012252924	0.000035914572	0.00014550375	0.059410214	0.67584804	18.186673	6.0927451e9	0.000019243023	0.0078736121
407.38028	3.1987676e-20	0.0012270952	0.000036080138	0.00014596405	0.059461077	0.67562494	18.248646	6.1027612e9	0.000019331394	0.0078916165
406.44333	3.2098945e-20	0.0012288982	0.000036246468	0.00014642611	0.059512108	0.67540211	18.310796	6.1127973e9	0.000019420172	0.0079096624
405.50854	3.2210658e-20	0.0012307014	0.000036413564	0.00014688994	0.059563307	0.67517954	18.373122	6.1228533e9	0.000019509357	0.0079277498
404.57589	3.2322815e-20	0.0012325048	0.00003658143	0.00014735555	0.059614676	0.67495723	18.435626	6.1329292e9	0.000019598953	0.0079458788
403.64539	3.2435419e-20	0.0012343083	0.000036750069	0.00014782295	0.059666215	0.67473519	18.498306	6.1430252e9	0.000019688961	0.0079640495
402.71703	3.2548473e-20	0.001236112	0.000036919485	0.00014829214	0.059717924	0.67451341	18.561165	6.1531413e9	0.000019779382	0.0079822621
401.79081	3.2661977e-20	0.0012379158	0.000037089682	0.00014876313	0.059769803	0.67429189	18.624202	6.1632776e9	0.000019870219	0.0080005165
400.86672	3.2775934e-20	0.0012397197	0.000037260663	0.00014923594	0.059821854	0.67407063	18.687417	6.173434e9	0.000019961473	0.0080188129
399.94475	3.2890347e-20	0.0012415238	0.000037432432	0.00014971056	0.059874077	0.67384964	18.750811	6.1836107e9	0.000020053147	0.0080371513
399.0249	3.3005216e-20	0.0012433281	0.000037604992	0.00015018701	0.059926471	0.67362892	18.814384	6.1938077e9	0.000020145242	0.008055532
398.10717	3.3120544e-20	0.0012451324	0.000037778347	0.0001506653	0.059979039	0.67340845	18.878137	6.2040251e9	0.000020237761	0.0080739549
397.19155	3.3236333e-20	0.0012469368	0.000037952501	0.00015114543	0.06003178	0.67318825	18.942069	6.2142628e9	0.000020330705	0.0080924203
396.27803	3.3352585e-20	0.0012487413	0.000038127457	0.00015162741	0.060084694	0.67296831	19.006181	6.224521e9	0.000020424076	0.008110928
395.36662	3.3469303e-20	0.0012505459	0.000038303219	0.00015211125	0.060137782	0.67274864	19.070474	6.2347997e9	0.000020517876	0.0081294784
394.4573	3.3586487e-20	0.0012523506	0.000038479791	0.00015259696	0.060191045	0.67252923	19.134947	6.2450989e9	0.000020612108	0.0081480714
393.55008	3.3704141e-20	0.0012541554	0.000038657177	0.00015308454	0.060244483	0.67231008	19.199601	6.2554187e9	0.000020706773	0.0081667072
392.64494	3.3822267e-20	0.0012559602	0.00003883538	0.00015357401	0.060298097	0.6720912	19.264437	6.2657592e9	0.000020801872	0.0081853859
391.74188	3.3940866e-20	0.001257765	0.000039014404	0.00015406537	0.060351887	0.67187258	19.329455	6.2761204e9	0.000020897409	0.0082041075
390.8409	3.405994e-20	0.0012595699	0.000039194252	0.00015455863	0.060405853	0.67165423	19.394654	6.2865024e9	0.000020993385	0.0082228721
389.94199	3.4179492e-20	0.0012613748	0.000039374929	0.00015505381	0.060459997	0.67143614	19.460036	6.2969051e9	0.000021089803	0.0082416799
389.04514	3.4299524e-20	0.0012631798	0.000039556439	0.0001555509	0.060514318	0.67121832	19.525601	6.3073287e9	0.000021186663	0.008260531
388.15037	3.4420038e-20	0.0012649847	0.000039738784	0.00015604991	0.060568817	0.67100075	19.591348	6.3177733e9	0.000021283968	0.0082794254
387.25764	3.4541037e-20	0.0012667897	0.00003992197	0.00015655087	0.060623494	0.67078346	19.657279	6.3282387e9	0.000021381721	0.0082983633
386.36698	3.4662521e-20	0.0012685947	0.000040106	0.00015705376	0.060678351	0.67056642	19.723394	6.3387252e9	0.000021479923	0.0083173447
385.47836	3.4784494e-20	0.0012703996	0.000040290878	0.00015755861	0.060733387	0.67034965	19.789693	6.3492327e9	0.000021578577	0.0083363698
384.59178	3.4906958e-20	0.0012722045	0.000040476607	0.00015806542	0.060788604	0.67013315	19.856176	6.3597614e9	0.000021677684	0.0083554387
383.70725	3.5029914e-20	0.0012740094	0.000040663192	0.0001585742	0.060844	0.66991691	19.922844	6.3703112e9	0.000021777247	0.0083745513
382.82474	3.5153366e-20	0.0012758143	0.000040850636	0.00015908496	0.060899578	0.66970093	19.989696	6.3808822e9	0.000021877267	0.008393708
381.94427	3.5277314e-20	0.0012776191	0.000041038945	0.00015959771	0.060955337	0.66948522	20.056734	6.3914745e9	0.000021977747	0.0084129087
381.06582	3.5401763e-20	0.0012794238	0.00004122812	0.00016011245	0.061011279	0.66926977	20.123958	6.4020882e9	0.000022078688	0.0084321535
380.1894	3.5526712e-20	0.0012812285	0.000041418167	0.0001606292	0.061067403	0.66905458	20.191368	6.4127232e9	0.000022180094	0.0084514426
379.31498	3.5652166e-20	0.0012830331	0.00004160909	0.00016114796	0.06112371	0.66883966	20.258964	6.4233796e9	0.000022281966	0.008470776
378.44258	3.5778126e-20	0.0012848377	0.000041800892	0.00016166875	0.0611802	0.66862501	20.326746	6.4340575e9	0.000022384306	0.0084901539
377.57219	3.5904595e-20	0.0012866421	0.000041993578	0.00016219157	0.061236875	0.66841062	20.394716	6.4447569e9	0.000022487116	0.0085095764
376.7038	3.6031574e-20	0.0012884464	0.000042187151	0.00016271643	0.061293734	0.66819649	20.462873	6.4554779e9	0.000022590399	0.0085290435
375.8374	3.6159066e-20	0.0012902506	0.000042381617	0.00016324334	0.061350778	0.66798263	20.531217	6.4662206e9	0.000022694156	0.0085485554
374.973	3.6287073e-20	0.0012920547	0.000042576978	0.00016377231	0.061408007	0.66776903	20.59975	6.4769849e9	0.000022798391	0.0085681121
374.11059	3.6415598e-20	0.0012938587	0.000042773239	0.00016430335	0.061465423	0.6675557	20.66847	6.487771e9	0.000022903104	0.0085877138
373.25016	3.6544643e-20	0.0012956626	0.000042970404	0.00016483646	0.061523025	0.66734263	20.73738	6.4985788e9	0.000023008299	0.0086073606
372.39171	3.667421e-20	0.0012974662	0.000043168477	0.00016537167	0.061580814	0.66712982	20.806478	6.5094086e9	0.000023113977	0.0086270525
371.53523	3.6804302e-20	0.0012992698	0.000043367463	0.00016590897	0.061638791	0.66691728	20.875765	6.5202602e9	0.000023220141	0.0086467897
370.68072	3.693492e-20	0.0013010732	0.000043567366	0.00016644838	0.061696956	0.66670501	20.945242	6.5311338e9	0.000023326793	0.0086665723
369.82818	3.7066068e-20	0.0013028764	0.000043768189	0.0001669899	0.06175531	0.66649299	21.014909	6.5420293e9	0.000023433935	0.0086864004
368.9776	3.7197748e-20	0.0013046794	0.000043969938	0.00016753354	0.061813853	0.66628125	21.084767	6.552947e9	0.00002354157	0.0087062741
368.12897	3.7329961e-20	0.0013064822	0.000044172616	0.00016807933	0.061872585	0.66606976	21.154814	6.5638867e9	0.000023649699	0.0087261934
367.2823	3.7462711e-20	0.0013082849	0.000044376227	0.00016862725	0.061931507	0.66585854	21.225053	6.5748486e9	0.000023758325	0.0087461586
366.43757	3.7595999e-20	0.0013100873	0.000044580777	0.00016917733	0.06199062	0.66564759	21.295483	6.5858328e9	0.000023867451	0.0087661696
365.59479	3.7729829e-20	0.0013118895	0.000044786269	0.00016972957	0.062049925	0.6654369	21.366104	6.5968392e9	0.000023977078	0.0087862266
364.75395	3.7864202e-20	0.0013136915	0.000044992707	0.00017028399	0.062109421	0.66522647	21.436918	6.6078679e9	0.000024087208	0.0088063298
363.91504	3.7999122e-20	0.0013154932	0.000045200096	0.00017084058	0.062169109	0.66501631	21.507923	6.6189191e9	0.000024197845	0.0088264791
363.07805	3.813459e-20	0.0013172948	0.000045408441	0.00017139937	0.06222899	0.66480641	21.579121	6.6299926e9	0.000024308991	0.0088466748
362.243	3.8270609e-20	0.001319096	0.000045617746	0.00017196037	0.062289064	0.66459678	21.650512	6.6410887e9	0.000024420647	0.0088669169
361.40986	3.8407181e-20	0.001320897	0.000045828014	0.00017252357	0.062349332	0.66438741	21.722096	6.6522073e9	0.000024532816	0.0088872056
360.57864	3.8544309e-20	0.0013226978	0.000046039251	0.000173089	0.062409794	0.6641783	21.793873	6.6633485e9	0.000024645501	0.0089075408
359.74934	3.8681995e-20	0.0013244982	0.000046251462	0.00017365665	0.062470451	0.66396946	21.865845	6.6745124e9	0.000024758703	0.0089279229
358.92193	3.8820243e-20	0.0013262984	0.000046464649	0.00017422655	0.062531303	0.66376088	21.93801	6.6856989e9	0.000024872426	0.0089483517
358.09644	3.8959054e-20	0.0013280983	0.000046678819	0.0001747987	0.062592351	0.66355257	22.01037	6.6969083e9	0.000024986672	0.0089688275
357.27284	3.909843e-20	0.0013298979	0.000046893975	0.00017537312	0.062653596	0.66334452	22.082925	6.7081404e9	0.000025101442	0.0089893504
356.45113	3.9238375e-20	0.0013316972	0.000047110123	0.0001759498	0.062715037	0.66313673	22.155674	6.7193955e9	0.00002521674	0.0090099205
355.63132	3.9378892e-20	0.0013334961	0.000047327266	0.00017652877	0.062776676	0.66292921	22.22862	6.7306734e9	0.000025332568	0.0090305378
354.81339	3.9519981e-20	0.0013352948	0.000047545409	0.00017711003	0.062838513	0.66272195	22.301761	6.7419744e9	0.000025448928	0.0090512025
353.99734	3.9661647e-20	0.0013370931	0.000047764557	0.00017769359	0.062900548	0.66251495	22.375098	6.7532983e9	0.000025565823	0.0090719148
353.18317	3.9803892e-20	0.001338891	0.000047984714	0.00017827947	0.062962783	0.66230822	22.448631	6.7646454e9	0.000025683255	0.0090926746
352.37087	3.9946717e-20	0.0013406886	0.000048205886	0.00017886766	0.063025217	0.66210175	22.522362	6.7760156e9	0.000025801227	0.0091134821
351.56044	4.0090127e-20	0.0013424859	0.000048428076	0.0001794582	0.063087851	0.66189554	22.596289	6.7874091e9	0.000025919741	0.0091343375
350.75187	4.0234123e-20	0.0013442827	0.00004865129	0.00018005107	0.063150685	0.6616896	22.670414	6.7988258e9	0.0000260388	0.0091552407
349.94517	4.0378709e-20	0.0013460792	0.000048875532	0.00018064631	0.063213721	0.66148392	22.744736	6.8102658e9	0.000026158405	0.0091761921
349.14032	4.0523886e-20	0.0013478753	0.000049100807	0.0001812439	0.063276959	0.66127851	22.819256	6.8217292e9	0.00002627856	0.0091971915
348.33732	4.0669658e-20	0.001349671	0.000049327119	0.00018184388	0.063340398	0.66107335	22.893975	6.833216e9	0.000026399268	0.0092182393
347.53616	4.0816026e-20	0.0013514663	0.000049554474	0.00018244624	0.063404041	0.66086846	22.968893	6.8447263e9	0.00002652053	0.0092393354
346.73685	4.0962995e-20	0.0013532612	0.000049782876	0.000183051	0.063467887	0.66066384	23.044009	6.8562601e9	0.000026642349	0.00926048
345.93938	4.1110566e-20	0.0013550557	0.000050012331	0.00018365816	0.063531937	0.66045947	23.119325	6.8678176e9	0.000026764728	0.0092816731
345.14374	4.1258743e-20	0.0013568497	0.000050242842	0.00018426775	0.063596191	0.66025537	23.19484	6.8793987e9	0.00002688767	0.009302915
344.34993	4.1407527e-20	0.0013586433	0.000050474414	0.00018487976	0.06366065	0.66005153	23.270556	6.8910035e9	0.000027011176	0.0093242057
343.55795	4.1556922e-20	0.0013604365	0.000050707054	0.00018549422	0.063725314	0.65984796	23.346471	6.9026321e9	0.00002713525	0.0093455453
342.76779	4.170693e-20	0.0013622292	0.000050940765	0.00018611112	0.063790185	0.65964465	23.422587	6.9142845e9	0.000027259894	0.0093669339
341.97944	4.1857554e-20	0.0013640214	0.000051175552	0.00018673049	0.063855262	0.65944159	23.498905	6.9259608e9	0.000027385111	0.0093883717
341.19291	4.2008798e-20	0.0013658132	0.000051411421	0.00018735234	0.063920546	0.65923881	23.575423	6.937661e9	0.000027510903	0.0094098588
340.40819	4.2160663e-20	0.0013676045	0.000051648376	0.00018797667	0.063986038	0.65903628	23.652143	6.9493852e9	0.000027637274	0.0094313952
339.62527	4.2313152e-20	0.0013693953	0.000051886422	0.00018860349	0.064051739	0.65883402	23.729065	6.9611335e9	0.000027764225	0.0094529811
338.84416	4.2466269e-20	0.0013711856	0.000052125565	0.00018923283	0.064117648	0.65863201	23.806189	6.9729058e9	0.000027891759	0.0094746166
338.06484	4.2620016e-20	0.0013729754	0.00005236581	0.00018986468	0.064183766	0.65843027	23.883515	6.9847024e9	0.000028019879	0.0094963018
337.28731	4.2774396e-20	0.0013747647	0.000052607161	0.00019049906	0.064250094	0.6582288	23.961045	6.9965232e9	0.000028148588	0.0095180369
336.51157	4.2929412e-20	0.0013765535	0.000052849623	0.00019113598	0.064316633	0.65802758	24.038777	7.0083682e9	0.000028277889	0.0095398218
335.73761	4.3085066e-20	0.0013783417	0.000053093202	0.00019177546	0.064383382	0.65782662	24.116713	7.0202376e9	0.000028407783	0.0095616569
334.96544	4.3241362e-20	0.0013801294	0.000053337903	0.0001924175	0.064450344	0.65762593	24.194853	7.0321314e9	0.000028538275	0.009583542
334.19504	4.3398302e-20	0.0013819166	0.000053583732	0.00019306212	0.064517517	0.6574255	24.273197	7.0440496e9	0.000028669365	0.0096054775
333.42641	4.355589e-20	0.0013837032	0.000053830692	0.00019370932	0.064584903	0.65722533	24.351746	7.0559924e9	0.000028801059	0.0096274634
332.65955	4.3714128e-20	0.0013854892	0.00005407879	0.00019435913	0.064652502	0.65702542	24.430499	7.0679597e9	0.000028933357	0.0096494998
331.89446	4.3873019e-20	0.0013872747	0.00005432803	0.00019501154	0.064720315	0.65682577	24.509457	7.0799517e9	0.000029066263	0.0096715868
331.13112	4.4032566e-20	0.0013890596	0.000054578418	0.00019566658	0.064788343	0.65662638	24.588621	7.0919683e9	0.00002919978	0.0096937245
330.36954	4.4192772e-20	0.0013908439	0.00005482996	0.00019632425	0.064856585	0.65642726	24.66799	7.1040097e9	0.000029333911	0.0097159131
329.60971	4.435364e-20	0.0013926276	0.00005508266	0.00019698457	0.064925043	0.65622839	24.747565	7.1160759e9	0.000029468658	0.0097381527
328.85163	4.4515173e-20	0.0013944107	0.000055336524	0.00019764754	0.064993717	0.65602979	24.827347	7.128167e9	0.000029604023	0.0097604433
328.09529	4.4677374e-20	0.0013961932	0.000055591557	0.00019831319	0.065062607	0.65583144	24.907335	7.140283e9	0.000029740011	0.0097827852
327.34069	4.4840247e-20	0.001397975	0.000055847764	0.00019898152	0.065131715	0.65563336	24.98753	7.1524239e9	0.000029876624	0.0098051784
326.58783	4.5003793e-20	0.0013997563	0.000056105152	0.00019965255	0.065201041	0.65543553	25.067933	7.16459e9	0.000030013864	0.009827623
325.8367	4.5168016e-20	0.0014015369	0.000056363725	0.00020032628	0.065270584	0.65523797	25.148543	7.1767811e9	0.000030151735	0.0098501192
325.0873	4.5332919e-20	0.0014033169	0.000056623488	0.00020100273	0.065340347	0.65504067	25.229361	7.1889973e9	0.000030290239	0.009872667
324.33962	4.5498506e-20	0.0014050962	0.000056884448	0.00020168191	0.06541033	0.65484362	25.310388	7.2012388e9	0.00003042938	0.0098952666
323.59366	4.5664778e-20	0.0014068748	0.00005714661	0.00020236383	0.065480532	0.65464684	25.391622	7.2135056e9	0.000030569159	0.0099179182
322.84941	4.583174e-20	0.0014086528	0.00005740998	0.00020304851	0.065550955	0.65445031	25.473066	7.2257977e9	0.000030709581	0.0099406218
322.10688	4.5999395e-20	0.0014104302	0.000057674562	0.00020373596	0.065621599	0.65425405	25.554719	7.2381152e9	0.000030850649	0.0099633775
321.36605	4.6167745e-20	0.0014122068	0.000057940362	0.00020442619	0.065692465	0.65405804	25.636581	7.2504581e9	0.000030992364	0.0099861855
320.62693	4.6336794e-20	0.0014139827	0.000058207387	0.00020511922	0.065763554	0.65386229	25.718654	7.2628266e9	0.00003113473	0.010009046
319.88951	4.6506544e-20	0.001415758	0.000058475642	0.00020581505	0.065834865	0.6536668	25.800936	7.2752206e9	0.000031277751	0.010031959
319.15379	4.6677e-20	0.0014175325	0.000058745131	0.0002065137	0.0659064	0.65347157	25.883428	7.2876403e9	0.000031421428	0.010054924
318.41975	4.6848164e-20	0.0014193063	0.000059015862	0.00020721518	0.06597816	0.6532766	25.966132	7.3000857e9	0.000031565766	0.010077942
317.68741	4.7020039e-20	0.0014210794	0.00005928784	0.00020791951	0.066050144	0.65308189	26.049046	7.3125568e9	0.000031710767	0.010101014
316.95675	4.7192629e-20	0.0014228518	0.00005956107	0.00020862669	0.066122353	0.65288744	26.132172	7.3250538e9	0.000031856434	0.010124138
316.22777	4.7365936e-20	0.0014246234	0.000059835559	0.00020933674	0.066194788	0.65269324	26.21551	7.3375766e9	0.00003200277	0.010147315
315.50046	4.7539965e-20	0.0014263943	0.000060111311	0.00021004968	0.06626745	0.6524993	26.299059	7.3501254e9	0.000032149778	0.010170545
314.77483	4.7714718e-20	0.0014281644	0.000060388334	0.00021076551	0.066340339	0.65230562	26.382821	7.3627001e9	0.000032297462	0.010193829
314.05087	4.7890199e-20	0.0014299338	0.000060666632	0.00021148425	0.066413455	0.6521122	26.466795	7.3753009e9	0.000032445824	0.010217166
313.32857	4.806641e-20	0.0014317023	0.000060946211	0.00021220592	0.0664868	0.65191904	26.550983	7.3879279e9	0.000032594868	0.010240557
312.60794	4.8243356e-20	0.0014334702	0.000061227079	0.00021293052	0.066560374	0.65172613	26.635383	7.400581e9	0.000032744596	0.010264002
311.88896	4.8421039e-20	0.0014352372	0.000061509239	0.00021365807	0.066634177	0.65153348	26.719997	7.4132604e9	0.000032895012	0.0102875
311.17163	4.8599463e-20	0.0014370034	0.000061792699	0.00021438858	0.066708211	0.65134109	26.804825	7.4259661e9	0.00003304612	0.010311052
310.45596	4.8778631e-20	0.0014387689	0.000062077464	0.00021512207	0.066782475	0.65114895	26.889867	7.4386981e9	0.000033197921	0.010334659
309.74193	4.8958547e-20	0.0014405335	0.000062363541	0.00021585855	0.06685697	0.65095707	26.975123	7.4514566e9	0.00003335042	0.010358319
309.02954	4.9139214e-20	0.0014422973	0.000062650935	0.00021659804	0.066931698	0.65076545	27.060594	7.4642415e9	0.000033503619	0.010382034
308.3188	4.9320634e-20	0.0014440603	0.000062939652	0.00021734053	0.067006657	0.65057408	27.146281	7.477053e9	0.000033657522	0.010405804
307.60968	4.9502813e-20	0.0014458224	0.000063229699	0.00021808606	0.06708185	0.65038297	27.232182	7.4898912e9	0.000033812132	0.010429628
306.9022	4.9685753e-20	0.0014475837	0.000063521082	0.00021883464	0.067157277	0.65019212	27.318299	7.502756e9	0.000033967453	0.010453507
306.19634	4.9869457e-20	0.0014493442	0.000063813806	0.00021958627	0.067232938	0.65000152	27.404633	7.5156475e9	0.000034123487	0.01047744
305.49211	5.005393e-20	0.0014511038	0.000064107878	0.00022034097	0.067308834	0.64981118	27.491182	7.5285658e9	0.000034280237	0.010501428
304.7895	5.0239174e-20	0.0014528625	0.000064403305	0.00022109876	0.067384966	0.64962109	27.577948	7.541511e9	0.000034437708	0.010525472
304.0885	5.0425192e-20	0.0014546204	0.000064700091	0.00022185965	0.067461334	0.64943126	27.664931	7.5544831e9	0.000034595902	0.010549571
303.38912	5.061199e-20	0.0014563774	0.000064998245	0.00022262366	0.067537939	0.64924168	27.752132	7.5674823e9	0.000034754822	0.010573725
302.69134	5.0799569e-20	0.0014581335	0.000065297771	0.00022339079	0.067614781	0.64905236	27.839549	7.5805084e9	0.000034914473	0.010597934
301.99517	5.0987934e-20	0.0014598888	0.000065598677	0.00022416107	0.067691861	0.64886329	27.927185	7.5935617e9	0.000035074857	0.010622199
301.3006	5.1177088e-20	0.0014616431	0.000065900968	0.0002249345	0.06776918	0.64867448	28.015038	7.6066421e9	0.000035235977	0.01064652
300.60763	5.1367035e-20	0.0014633965	0.000066204651	0.0002257111	0.067846738	0.64848592	28.10311	7.6197498e9	0.000035397838	0.010670897
299.91625	5.1557778e-20	0.001465149	0.000066509732	0.00022649089	0.067924536	0.64829762	28.191401	7.6328848e9	0.000035560442	0.010695329
299.22646	5.1749321e-20	0.0014669006	0.000066816218	0.00022727388	0.068002575	0.64810957	28.279911	7.6460472e9	0.000035723793	0.010719818
298.53826	5.1941667e-20	0.0014686512	0.000067124116	0.00022806008	0.068080855	0.64792177	28.36864	7.6592369e9	0.000035887895	0.010744363
297.85164	5.2134821e-20	0.0014704009	0.000067433431	0.00022884952	0.068159377	0.64773423	28.457588	7.6724542e9	0.00003605275	0.010768964
297.1666	5.2328785e-20	0.0014721497	0.00006774417	0.00022964219	0.068238141	0.64754694	28.546757	7.6856991e9	0.000036218362	0.010793622
296.48314	5.2523564e-20	0.0014738975	0.00006805634	0.00023043813	0.068317148	0.6473599	28.636146	7.6989715e9	0.000036384735	0.010818336
295.80125	5.2719161e-20	0.0014756444	0.000068369948	0.00023123734	0.068396399	0.64717312	28.725755	7.7122716e9	0.000036551872	0.010843107
295.12092	5.291558e-20	0.0014773903	0.000068684999	0.00023203984	0.068475895	0.64698659	28.815585	7.7255995e9	0.000036719777	0.010867935
294.44216	5.3112824e-20	0.0014791352	0.000069001501	0.00023284564	0.068555635	0.64680031	28.905636	7.7389552e9	0.000036888453	0.01089282
293.76497	5.3310898e-20	0.0014808791	0.000069319461	0.00023365476	0.068635621	0.64661429	28.995909	7.7523388e9	0.000037057904	0.010917762
293.08932	5.3509804e-20	0.0014826221	0.000069638884	0.00023446721	0.068715854	0.64642852	29.086403	7.7657503e9	0.000037228133	0.010942761
292.41524	5.3709548e-20	0.001484364	0.000069959778	0.00023528302	0.068796333	0.646243	29.177119	7.7791898e9	0.000037399144	0.010967818
291.7427	5.3910132e-20	0.001486105	0.00007028215	0.00023610219	0.06887706	0.64605773	29.268058	7.7926574e9	0.00003757094	0.010992932
291.07171	5.4111561e-20	0.0014878449	0.000070606006	0.00023692473	0.068958035	0.64587271	29.359219	7.8061531e9	0.000037743525	0.011018104
290.40227	5.4313838e-20	0.0014895838	0.000070931353	0.00023775068	0.069039259	0.64568794	29.450603	7.819677e9	0.000037916903	0.011043333
289.73436	5.4516967e-20	0.0014913217	0.000071258198	0.00023858003	0.069120733	0.64550343	29.54221	7.8332292e9	0.000038091078	0.011068621
289.06799	5.4720952e-20	0.0014930586	0.000071586548	0.00023941281	0.069202456	0.64531916	29.634041	7.8468097e9	0.000038266052	0.011093966
288.40315	5.4925797e-20	0.0014947944	0.00007191641	0.00024024903	0.069284431	0.64513515	29.726095	7.8604186e9	0.00003844183	0.01111937
287.73984	5.5131506e-20	0.0014965292	0.000072247791	0.00024108871	0.069366657	0.64495139	29.818373	7.874056e9	0.000038618415	0.011144832
287.07806	5.5338082e-20	0.001498263	0.000072580697	0.00024193187	0.069449135	0.64476788	29.910876	7.8877219e9	0.000038795811	0.011170352
286.4178	5.554553e-20	0.0014999956	0.000072915136	0.00024277851	0.069531866	0.64458461	30.003603	7.9014163e9	0.000038974022	0.011195931
285.75905	5.5753854e-20	0.0015017272	0.000073251114	0.00024362866	0.069614851	0.6444016	30.096556	7.9151395e9	0.000039153051	0.011221569
285.10183	5.5963057e-20	0.0015034578	0.00007358864	0.00024448232	0.069698089	0.64421884	30.189733	7.9288914e9	0.000039332902	0.011247265
284.44611	5.6173143e-20	0.0015051872	0.00007392772	0.00024533953	0.069781583	0.64403632	30.283136	7.942672e9	0.00003951358	0.011273021
283.7919	5.6384118e-20	0.0015069156	0.00007426836	0.00024620029	0.069865332	0.64385406	30.376765	7.9564815e9	0.000039695087	0.011298835
283.1392	5.6595983e-20	0.0015086429	0.000074610569	0.00024706462	0.069949337	0.64367204	30.47062	7.97032e9	0.000039877427	0.011324709
282.488	5.6808745e-20	0.001510369	0.000074954354	0.00024793254	0.070033599	0.64349028	30.564701	7.9841874e9	0.000040060605	0.011350642
281.83829	5.7022406e-20	0.0015120941	0.000075299721	0.00024880406	0.070118118	0.64330876	30.659009	7.9980838e9	0.000040244625	0.011376635
281.19008	5.7236971e-20	0.0015138181	0.000075646679	0.0002496792	0.070202896	0.64312749	30.753543	8.0120094e9	0.000040429489	0.011402687
280.54336	5.7452444e-20	0.0015155409	0.000075995233	0.00025055797	0.070287933	0.64294647	30.848305	8.0259642e9	0.000040615202	0.011428799
279.89813	5.7668829e-20	0.0015172626	0.000076345393	0.0002514404	0.070373229	0.64276569	30.943295	8.0399482e9	0.000040801768	0.011454971
279.25438	5.7886129e-20	0.0015189832	0.000076697164	0.00025232649	0.070458785	0.64258517	31.038512	8.0539616e9	0.000040989191	0.011481203
278.61212	5.8104351e-20	0.0015207026	0.000077050555	0.00025321628	0.070544602	0.64240489	31.133957	8.0680043e9	0.000041177475	0.011507495
277.97133	5.8323496e-20	0.0015224209	0.000077405573	0.00025410976	0.07063068	0.64222486	31.229631	8.0820765e9	0.000041366623	0.011533848
277.33201	5.8543571e-20	0.001524138	0.000077762225	0.00025500697	0.070717021	0.64204507	31.325533	8.0961782e9	0.000041556639	0.011560261
276.69416	5.8764578e-20	0.0015258539	0.000078120519	0.00025590791	0.070803625	0.64186553	31.421665	8.1103095e9	0.000041747528	0.011586734
276.05779	5.8986523e-20	0.0015275687	0.000078480463	0.00025681261	0.070890493	0.64168624	31.518025	8.1244705e9	0.000041939294	0.011613269
275.42287	5.9209409e-20	0.0015292824	0.000078842064	0.00025772108	0.070977625	0.64150719	31.614615	8.1386612e9	0.00004213194	0.011639864
274.78942	5.943324e-20	0.0015309948	0.000079205329	0.00025863333	0.071065021	0.64132839	31.711435	8.1528817e9	0.000042325471	0.01166652
274.15742	5.9658022e-20	0.001532706	0.000079570267	0.0002595494	0.071152684	0.64114984	31.808484	8.1671321e9	0.000042519891	0.011693238
273.52687	5.9883758e-20	0.0015344161	0.000079936885	0.00026046928	0.071240613	0.64097153	31.905765	8.1814123e9	0.000042715203	0.011720016
272.89778	6.0110452e-20	0.0015361249	0.000080305191	0.00026139301	0.071328809	0.64079347	32.003275	8.1957226e9	0.000042911412	0.011746856
272.27013	6.033811e-20	0.0015378326	0.000080675192	0.0002623206	0.071417273	0.64061565	32.101017	8.210063e9	0.000043108522	0.011773758
271.64393	6.0566735e-20	0.001539539	0.000081046896	0.00026325206	0.071506006	0.64043807	32.198989	8.2244334e9	0.000043306538	0.011800721
271.01916	6.0796332e-20	0.0015412442	0.000081420312	0.00026418742	0.071595007	0.64026074	32.297193	8.2388341e9	0.000043505462	0.011827746
270.39584	6.1026904e-20	0.0015429482	0.000081795446	0.00026512669	0.071684279	0.64008366	32.395629	8.2532651e9	0.000043705299	0.011854834
269.77394	6.1258458e-20	0.0015446509	0.000082172308	0.00026606989	0.071773821	0.63990682	32.494297	8.2677264e9	0.000043906055	0.011881983
269.15348	6.1490997e-20	0.0015463525	0.000082550904	0.00026701704	0.071863635	0.63973022	32.593197	8.2822181e9	0.000044107732	0.011909195
268.53444	6.1724525e-20	0.0015480527	0.000082931243	0.00026796816	0.071953721	0.63955387	32.692329	8.2967403e9	0.000044310335	0.011936469
267.91683	6.1959047e-20	0.0015497517	0.000083313333	0.00026892326	0.072044079	0.63937775	32.791695	8.311293e9	0.000044513868	0.011963805
267.30064	6.2194568e-20	0.0015514495	0.000083697182	0.00026988237	0.072134711	0.63920189	32.891293	8.3258764e9	0.000044718336	0.011991204
266.68587	6.2431092e-20	0.001553146	0.000084082797	0.00027084549	0.072225618	0.63902626	32.991125	8.3404905e9	0.000044923742	0.012018667
266.07251	6.2668624e-20	0.0015548412	0.000084470188	0.00027181266	0.072316799	0.63885088	33.09119	8.3551353e9	0.000045130092	0.012046192
265.46056	6.2907168e-20	0.0015565351	0.000084859362	0.00027278389	0.072408256	0.63867574	33.191489	8.3698109e9	0.000045337389	0.01207378
264.85001	6.314673e-20	0.0015582278	0.000085250328	0.00027375919	0.072499989	0.63850084	33.292023	8.3845174e9	0.000045545637	0.012101431
264.24088	6.3387312e-20	0.0015599191	0.000085643093	0.00027473859	0.072591999	0.63832618	33.39279	8.3992549e9	0.000045754842	0.012129146
263.63314	6.3628921e-20	0.0015616092	0.000086037667	0.00027572211	0.072684288	0.63815176	33.493793	8.4140235e9	0.000045965007	0.012156925
263.0268	6.3871561e-20	0.0015632979	0.000086434056	0.00027670976	0.072776855	0.63797759	33.59503	8.4288231e9	0.000046176137	0.012184767
262.42185	6.4115236e-20	0.0015649854	0.00008683227	0.00027770156	0.072869701	0.63780366	33.696502	8.4436539e9	0.000046388237	0.012212673
261.8183	6.4359952e-20	0.0015666715	0.000087232317	0.00027869754	0.072962827	0.63762996	33.79821	8.458516e9	0.00004660131	0.012240643
261.21614	6.4605713e-20	0.0015683563	0.000087634206	0.00027969771	0.073056234	0.63745651	33.900154	8.4734094e9	0.000046815361	0.012268677
260.61535	6.4852523e-20	0.0015700398	0.000088037944	0.00028070209	0.073149923	0.6372833	34.002334	8.4883342e9	0.000047030395	0.012296776
260.01596	6.5100388e-20	0.001571722	0.000088443541	0.0002817107	0.073243894	0.63711032	34.10475	8.5032905e9	0.000047246417	0.012324938
259.41794	6.5349313e-20	0.0015734028	0.000088851005	0.00028272356	0.073338148	0.63693759	34.207402	8.5182782e9	0.00004746343	0.012353166
258.82129	6.5599302e-20	0.0015750823	0.000089260345	0.00028374069	0.073432686	0.63676509	34.310291	8.5332976e9	0.000047681439	0.012381458
258.22602	6.5850359e-20	0.0015767604	0.000089671568	0.00028476211	0.073527508	0.63659284	34.413418	8.5483487e9	0.000047900449	0.012409815
257.63212	6.6102491e-20	0.0015784372	0.000090084684	0.00028578784	0.073622616	0.63642082	34.516781	8.5634315e9	0.000048120464	0.012438237
257.03958	6.6355702e-20	0.0015801126	0.000090499702	0.0002868179	0.07371801	0.63624904	34.620382	8.5785462e9	0.00004834149	0.012466724
256.4484	6.6609996e-20	0.0015817866	0.00009091663	0.00028785231	0.07381369	0.63607751	34.724221	8.5936927e9	0.00004856353	0.012495277
255.85859	6.6865379e-20	0.0015834593	0.000091335478	0.00028889108	0.073909659	0.6359062	34.828298	8.6088712e9	0.000048786589	0.012523895
255.27013	6.7121856e-20	0.0015851306	0.000091756253	0.00028993425	0.074005915	0.63573514	34.932613	8.6240817e9	0.000049010672	0.012552579
254.68303	6.7379431e-20	0.0015868004	0.000092178964	0.00029098183	0.074102461	0.63556431	35.037167	8.6393243e9	0.000049235784	0.012581328
254.09727	6.763811e-20	0.0015884689	0.000092603622	0.00029203384	0.074199296	0.63539372	35.14196	8.6545991e9	0.000049461929	0.012610143
253.51286	6.7897898e-20	0.0015901361	0.000093030233	0.0002930903	0.074296422	0.63522337	35.246991	8.6699062e9	0.000049689112	0.012639025
252.9298	6.81588e-20	0.0015918018	0.000093458809	0.00029415124	0.074393839	0.63505325	35.352263	8.6852456e9	0.000049917339	0.012667972
252.34808	6.842082e-20	0.001593466	0.000093889357	0.00029521666	0.074491549	0.63488337	35.457773	8.7006174e9	0.000050146612	0.012696986
251.76769	6.8683964e-20	0.0015951289	0.000094321887	0.0002962866	0.074589552	0.63471373	35.563524	8.7160216e9	0.000050376938	0.012726067
251.18864	6.8948238e-20	0.0015967904	0.000094756407	0.00029736107	0.074687848	0.63454432	35.669514	8.7314584e9	0.000050608322	0.012755214
250.61093	6.9213645e-20	0.0015984504	0.000095192927	0.0002984401	0.074786439	0.63437514	35.775745	8.7469278e9	0.000050840767	0.012784428
250.03454	6.9480193e-20	0.001600109	0.000095631457	0.0002995237	0.074885325	0.6342062	35.882216	8.7624299e9	0.00005107428	0.012813709
249.45947	6.9747884e-20	0.0016017662	0.000096072004	0.00030061191	0.074984507	0.6340375	35.988928	8.7779647e9	0.000051308864	0.012843057
248.88573	7.0016726e-20	0.0016034219	0.00009651458	0.00030170473	0.075083986	0.63386903	36.095881	8.7935325e9	0.000051544525	0.012872472
248.31331	7.0286722e-20	0.0016050762	0.000096959192	0.00030280219	0.075183763	0.6337008	36.203076	8.8091331e9	0.000051781267	0.012901955
247.74221	7.0557879e-20	0.001606729	0.00009740585	0.00030390431	0.075283838	0.6335328	36.310512	8.8247667e9	0.000052019097	0.012931505
247.17241	7.0830202e-20	0.0016083804	0.000097854565	0.00030501112	0.075384212	0.63336503	36.41819	8.8404334e9	0.000052258017	0.012961123
246.60393	7.1103695e-20	0.0016100303	0.000098305344	0.00030612264	0.075484887	0.6331975	36.52611	8.8561332e9	0.000052498035	0.012990809
246.03676	7.1378365e-20	0.0016116787	0.000098758198	0.00030723888	0.075585862	0.6330302	36.634272	8.8718662e9	0.000052739154	0.013020563
245.47089	7.1654217e-20	0.0016133256	0.000099213136	0.00030835987	0.075687139	0.63286313	36.742676	8.8876325e9	0.000052981379	0.013050385
244.90632	7.1931256e-20	0.0016149711	0.000099670168	0.00030948563	0.075788719	0.63269629	36.851324	8.9034321e9	0.000053224717	0.013080276
244.34306	7.2209487e-20	0.0016166151	0.0001001293	0.00031061618	0.075890601	0.63252969	36.960214	8.9192652e9	0.000053469171	0.013110235
243.78108	7.2488917e-20	0.0016182576	0.00010059055	0.00031175156	0.075992788	0.63236332	37.069347	8.9351317e9	0.000053714747	0.013140262
243.2204	7.2769549e-20	0.0016198986	0.00010105392	0.00031289177	0.076095279	0.63219718	37.178724	8.9510319e9	0.00005396145	0.013170359
242.66101	7.3051391e-20	0.0016215381	0.00010151943	0.00031403684	0.076198077	0.63203127	37.288345	8.9669658e9	0.000054209286	0.013200524
242.1029	7.3334447e-20	0.0016231761	0.00010198707	0.00031518679	0.076301181	0.6318656	37.39821	8.9829334e9	0.000054458258	0.013230759
241.54608	7.3618723e-20	0.0016248126	0.00010245687	0.00031634165	0.076404592	0.63170015	37.508318	8.9989348e9	0.000054708374	0.013261063
240.99054	7.3904225e-20	0.0016264475	0.00010292883	0.00031750144	0.076508311	0.63153494	37.618671	9.01497e9	0.000054959637	0.013291436
240.43628	7.4190958e-20	0.001628081	0.00010340296	0.00031866619	0.076612339	0.63136995	37.729269	9.0310392e9	0.000055212053	0.013321879
239.88329	7.4478928e-20	0.0016297129	0.00010387927	0.0003198359	0.076716677	0.6312052	37.840111	9.0471425e9	0.000055465628	0.013352392
239.33158	7.476814e-20	0.0016313433	0.00010435778	0.00032101062	0.076821326	0.63104067	37.951199	9.0632799e9	0.000055720367	0.013382974
238.78113	7.5058601e-20	0.0016329721	0.00010483849	0.00032219036	0.076926286	0.63087637	38.062531	9.0794514e9	0.000055976274	0.013413627
238.23195	7.5350316e-20	0.0016345994	0.00010532141	0.00032337514	0.077031559	0.63071231	38.174109	9.0956572e9	0.000056233356	0.01344435
237.68403	7.564329e-20	0.0016362252	0.00010580655	0.00032456499	0.077137144	0.63054847	38.285933	9.1118974e9	0.000056491617	0.013475143
237.13737	7.5937529e-20	0.0016378494	0.00010629393	0.00032575994	0.077243044	0.63038486	38.398003	9.1281719e9	0.000056751064	0.013506007
236.59197	7.623304e-20	0.001639472	0.00010678354	0.00032696	0.077349258	0.63022148	38.510319	9.144481e9	0.000057011701	0.013536942
236.04782	7.6529827e-20	0.0016410931	0.00010727541	0.0003281652	0.077455788	0.63005832	38.622882	9.1608246e9	0.000057273535	0.013567947
235.50493	7.6827898e-20	0.0016427126	0.00010776955	0.00032937556	0.077562635	0.6298954	38.73569	9.1772029e9	0.000057536569	0.013599024
234.96328	7.7127257e-20	0.0016443306	0.00010826596	0.00033059111	0.077669799	0.6297327	38.848746	9.1936159e9	0.000057800811	0.013630172
234.42288	7.7427911e-20	0.0016459469	0.00010876465	0.00033181188	0.077777281	0.62957022	38.962049	9.2100637e9	0.000058066265	0.013661391
233.88372	7.7729865e-20	0.0016475617	0.00010926564	0.00033303788	0.077885082	0.62940798	39.075599	9.2265464e9	0.000058332938	0.013692681
233.34581	7.8033126e-20	0.0016491749	0.00010976893	0.00033426915	0.077993204	0.62924596	39.189396	9.2430641e9	0.000058600834	0.013724044
232.80913	7.83377e-20	0.0016507866	0.00011027454	0.0003355057	0.078101646	0.62908416	39.303442	9.2596167e9	0.000058869959	0.013755478
232.27368	7.8643591e-20	0.0016523966	0.00011078247	0.00033674756	0.078210409	0.6289226	39.417735	9.2762045e9	0.000059140319	0.013786984
231.73946	7.8950808e-20	0.001654005	0.00011129274	0.00033799475	0.078319496	0.62876125	39.532276	9.2928275e9	0.00005941192	0.013818562
231.20648	7.9259355e-20	0.0016556118	0.00011180536	0.00033924731	0.078428905	0.62860013	39.647065	9.3094858e9	0.000059684766	0.013850213
230.67472	7.9569238e-20	0.001657217	0.00011232034	0.00034050525	0.078538639	0.62843924	39.762103	9.3261794e9	0.000059958865	0.013881936
230.14418	7.9880464e-20	0.0016588206	0.00011283769	0.00034176861	0.078648698	0.62827857	39.877389	9.3429084e9	0.000060234221	0.013913732
229.61486	8.019304e-20	0.0016604226	0.00011335742	0.0003430374	0.078759083	0.62811813	39.992925	9.3596729e9	0.000060510841	0.013945601
229.08677	8.050697e-20	0.0016620229	0.00011387954	0.00034431165	0.078869795	0.62795791	40.108709	9.376473e9	0.00006078873	0.013977543
228.55988	8.0822262e-20	0.0016636216	0.00011440407	0.00034559139	0.078980835	0.62779791	40.224743	9.3933088e9	0.000061067894	0.014009557
228.03421	8.1138921e-20	0.0016652187	0.000114931	0.00034687664	0.079092204	0.62763814	40.341027	9.4101803e9	0.000061348339	0.014041646
227.50974	8.1456954e-20	0.0016668142	0.00011546036	0.00034816743	0.079203902	0.62747859	40.45756	9.4270877e9	0.00006163007	0.014073807
226.98649	8.1776367e-20	0.001668408	0.00011599216	0.00034946379	0.07931593	0.62731926	40.574343	9.4440309e9	0.000061913094	0.014106043
226.46443	8.2097167e-20	0.0016700002	0.0001165264	0.00035076573	0.07942829	0.62716015	40.691376	9.4610101e9	0.000062197416	0.014138352
225.94358	8.2419359e-20	0.0016715907	0.00011706311	0.0003520733	0.079540983	0.62700127	40.808659	9.4780254e9	0.000062483043	0.014170735
225.42392	8.2742951e-20	0.0016731795	0.00011760228	0.00035338651	0.079654008	0.6268426	40.926193	9.4950768e9	0.000062769981	0.014203192
224.90546	8.3067948e-20	0.0016747668	0.00011814393	0.00035470539	0.079767367	0.62668416	41.043978	9.5121644e9	0.000063058234	0.014235724
224.38819	8.3394358e-20	0.0016763523	0.00011868807	0.00035602996	0.079881062	0.62652594	41.162013	9.5292884e9	0.00006334781	0.01426833
223.87211	8.3722185e-20	0.0016779362	0.00011923472	0.00035736026	0.079995092	0.62636794	41.280299	9.5464487e9	0.000063638715	0.014301011
223.35722	8.4051438e-20	0.0016795184	0.00011978389	0.00035869631	0.080109459	0.62621016	41.398837	9.5636454e9	0.000063930954	0.014333767
222.84351	8.4382122e-20	0.0016810989	0.00012033558	0.00036003814	0.080224164	0.6260526	41.517626	9.5808788e9	0.000064224533	0.014366598
222.33099	8.4714245e-20	0.0016826778	0.0001208898	0.00036138577	0.080339207	0.62589526	41.636667	9.5981487e9	0.00006451946	0.014399504
221.81964	8.5047812e-20	0.0016842549	0.00012144658	0.00036273923	0.08045459	0.62573814	41.75596	9.6154553e9	0.000064815739	0.014432485
221.30947	8.5382831e-20	0.0016858304	0.00012200592	0.00036409856	0.080570314	0.62558124	41.875504	9.6327988e9	0.000065113378	0.014465542
220.80047	8.5719307e-20	0.0016874042	0.00012256783	0.00036546377	0.080686379	0.62542456	41.995301	9.650179e9	0.000065412382	0.014498674
220.29265	8.6057248e-20	0.0016889763	0.00012313233	0.00036683489	0.080802786	0.62526809	42.11535	9.6675963e9	0.000065712757	0.014531882
219.78599	8.6396661e-20	0.0016905467	0.00012369943	0.00036821196	0.080919537	0.62511185	42.235652	9.6850505e9	0.00006601451	0.014565167
219.28049	8.6737551e-20	0.0016921154	0.00012426913	0.000369595	0.081036631	0.62495582	42.356206	9.7025419e9	0.000066317648	0.014598528
218.77616	8.7079927e-20	0.0016936824	0.00012484146	0.00037098404	0.081154071	0.62480001	42.477013	9.7200705e9	0.000066622176	0.014631965
218.27299	8.7423794e-20	0.0016952477	0.00012541642	0.00037237911	0.081271857	0.62464441	42.598073	9.7376363e9	0.000066928101	0.014665478
217.77098	8.776916e-20	0.0016968112	0.00012599402	0.00037378023	0.08138999	0.62448904	42.719386	9.7552395e9	0.000067235429	0.014699068
217.27012	8.8116031e-20	0.0016983731	0.00012657428	0.00037518743	0.081508472	0.62433388	42.840953	9.7728801e9	0.000067544167	0.014732736
216.77041	8.8464415e-20	0.0016999332	0.00012715721	0.00037660075	0.081627302	0.62417893	42.962773	9.7905582e9	0.000067854321	0.01476648
216.27185	8.8814318e-20	0.0017014916	0.00012774283	0.00037802021	0.081746482	0.6240242	43.084847	9.808274e9	0.000068165897	0.014800301
215.77444	8.9165747e-20	0.0017030482	0.00012833113	0.00037944584	0.081866012	0.62386969	43.207175	9.8260274e9	0.000068478903	0.0148342
215.27817	8.951871e-20	0.0017046032	0.00012892215	0.00038087767	0.081985895	0.62371539	43.329757	9.8438186e9	0.000068793344	0.014868177
214.78305	8.9873212e-20	0.0017061563	0.00012951588	0.00038231573	0.08210613	0.62356131	43.452593	9.8616477e9	0.000069109228	0.014902231
214.28906	9.0229263e-20	0.0017077078	0.00013011234	0.00038376005	0.08222672	0.62340744	43.575684	9.8795147e9	0.00006942656	0.014936364
213.79621	9.0586867e-20	0.0017092575	0.00013071155	0.00038521066	0.082347664	0.62325378	43.699029	9.8974197e9	0.000069745348	0.014970574
213.30449	9.0946034e-20	0.0017108054	0.00013131351	0.00038666758	0.082468963	0.62310034	43.822629	9.9153628e9	0.000070065598	0.015004863
212.8139	9.1306769e-20	0.0017123516	0.00013191825	0.00038813085	0.08259062	0.62294712	43.946483	9.933344e9	0.000070387317	0.01503923
212.32445	9.166908e-20	0.0017138961	0.00013252576	0.0003896005	0.082712634	0.6227941	44.070593	9.9513636e9	0.000070710511	0.015073676
211.83611	9.2032974e-20	0.0017154388	0.00013313607	0.00039107656	0.082835006	0.6226413	44.194957	9.9694215e9	0.000071035187	0.015108201
211.3489	9.2398459e-20	0.0017169797	0.00013374919	0.00039255906	0.082957739	0.62248871	44.319577	9.9875179e9	0.000071361353	0.015142805
210.86281	9.2765541e-20	0.0017185189	0.00013436513	0.00039404802	0.083080832	0.62233634	44.444453	1.0005653e10	0.000071689014	0.015177488
210.37784	9.3134229e-20	0.0017200562	0.0001349839	0.00039554348	0.083204286	0.62218417	44.569584	1.0023826e10	0.000072018178	0.01521225
209.89399	9.350453e-20	0.0017215919	0.00013560552	0.00039704548	0.083328104	0.62203222	44.69497	1.0042038e10	0.000072348852	0.015247092
209.41125	9.387645e-20	0.0017231257	0.00013623	0.00039855404	0.083452285	0.62188048	44.820613	1.0060289e10	0.000072681042	0.015282014
208.92961	9.4249997e-20	0.0017246577	0.00013685735	0.00040006918	0.08357683	0.62172894	44.946511	1.0078579e10	0.000073014755	0.015317015
208.44909	9.462518e-20	0.001726188	0.00013748758	0.00040159095	0.083701742	0.62157762	45.072666	1.0096908e10	0.000073349999	0.015352097
207.96967	9.5002004e-20	0.0017277165	0.00013812072	0.00040311938	0.083827019	0.62142651	45.199077	1.0115276e10	0.00007368678	0.015387259
207.49135	9.5380479e-20	0.0017292432	0.00013875676	0.00040465449	0.083952665	0.62127561	45.325744	1.0133683e10	0.000074025106	0.015422502
207.01413	9.5760611e-20	0.0017307681	0.00013939574	0.00040619633	0.084078679	0.62112492	45.452668	1.0152129e10	0.000074364982	0.015457825
206.53802	9.6142409e-20	0.0017322912	0.00014003765	0.00040774491	0.084205063	0.62097444	45.579849	1.0170614e10	0.000074706418	0.015493229
206.06299	9.6525878e-20	0.0017338125	0.00014068251	0.00040930027	0.084331818	0.62082417	45.707286	1.0189139e10	0.000075049419	0.015528714
205.58906	9.6911029e-20	0.001735332	0.00014133035	0.00041086245	0.084458945	0.6206741	45.834981	1.0207703e10	0.000075393993	0.01556428
205.11622	9.7297867e-20	0.0017368497	0.00014198116	0.00041243147	0.084586444	0.62052425	45.962932	1.0226307e10	0.000075740147	0.015599928
204.64446	9.7686402e-20	0.0017383656	0.00014263496	0.00041400738	0.084714317	0.6203746	46.091141	1.024495e10	0.000076087888	0.015635657
204.17379	9.807664e-20	0.0017398797	0.00014329177	0.00041559019	0.084842565	0.62022516	46.219607	1.0263633e10	0.000076437224	0.015671468
203.70421	9.846859e-20	0.001741392	0.00014395161	0.00041717995	0.084971189	0.62007592	46.34833	1.0282356e10	0.000076788162	0.015707361
203.2357	9.8862259e-20	0.0017429024	0.00014461447	0.00041877669	0.08510019	0.61992689	46.477311	1.0301119e10	0.000077140708	0.015743336
202.76827	9.9257655e-20	0.001744411	0.00014528039	0.00042038044	0.08522957	0.61977807	46.606549	1.0319922e10	0.000077494871	0.015779393
202.30192	9.9654787e-20	0.0017459178	0.00014594937	0.00042199124	0.085359328	0.61962946	46.736046	1.0338765e10	0.000077850658	0.015815533
201.83664	1.0005366e-19	0.0017474228	0.00014662143	0.00042360911	0.085489466	0.61948105	46.8658	1.0357648e10	0.000078208076	0.015851756
201.37242	1.0045429e-19	0.001748926	0.00014729658	0.00042523409	0.085619986	0.61933285	46.995812	1.0376571e10	0.000078567133	0.015888061
200.90928	1.0085667e-19	0.0017504273	0.00014797483	0.00042686622	0.085750887	0.61918485	47.126083	1.0395534e10	0.000078927837	0.01592445
200.4472	1.0126083e-19	0.0017519267	0.0001486562	0.00042850553	0.085882172	0.61903705	47.256611	1.0414538e10	0.000079290194	0.015960921
199.98619	1.0166676e-19	0.0017534244	0.00014934071	0.00043015206	0.086013842	0.61888947	47.387398	1.0433583e10	0.000079654212	0.015997476
199.52623	1.0207447e-19	0.0017549202	0.00015002836	0.00043180583	0.086145897	0.61874208	47.518443	1.0452668e10	0.000080019899	0.016034115
199.06733	1.0248397e-19	0.0017564141	0.00015071918	0.00043346688	0.086278339	0.6185949	47.649747	1.0471794e10	0.000080387263	0.016070838
198.60949	1.0289528e-19	0.0017579063	0.00015141318	0.00043513525	0.086411168	0.61844792	47.78131	1.049096e10	0.000080756311	0.016107645
198.1527	1.0330839e-19	0.0017593965	0.00015211036	0.00043681098	0.086544386	0.61830115	47.913131	1.0510168e10	0.00008112705	0.016144535
197.69696	1.0372332e-19	0.0017608849	0.00015281076	0.00043849409	0.086677994	0.61815457	48.045211	1.0529416e10	0.00008149949	0.016181511
197.24227	1.0414007e-19	0.0017623715	0.00015351437	0.00044018462	0.086811993	0.6180082	48.17755	1.0548705e10	0.000081873637	0.01621857
196.78863	1.0455866e-19	0.0017638562	0.00015422122	0.00044188262	0.086946383	0.61786203	48.310148	1.0568036e10	0.000082249499	0.016255715
196.33603	1.0497909e-19	0.001765339	0.00015493133	0.00044358811	0.087081167	0.61771607	48.443005	1.0587408e10	0.000082627084	0.016292944
195.88447	1.0540137e-19	0.00176682	0.00015564469	0.00044530112	0.087216346	0.6175703	48.576121	1.0606821e10	0.0000830064	0.016330259
195.43395	1.0582551e-19	0.0017682991	0.00015636134	0.0004470217	0.087351919	0.61742474	48.709496	1.0626275e10	0.000083387455	0.016367659
194.98446	1.0625152e-19	0.0017697764	0.00015708128	0.00044874989	0.087487889	0.61727938	48.843131	1.0645771e10	0.000083770256	0.016405145
194.53601	1.066794e-19	0.0017712517	0.00015780454	0.00045048571	0.087624257	0.61713421	48.977025	1.0665308e10	0.000084154812	0.016442716
194.08859	1.0710917e-19	0.0017727252	0.00015853112	0.00045222921	0.087761023	0.61698925	49.111179	1.0684888e10	0.000084541132	0.016480373
193.6422	1.0754083e-19	0.0017741969	0.00015926104	0.00045398042	0.087898189	0.61684448	49.245592	1.0704508e10	0.000084929222	0.016518117
193.19683	1.0797439e-19	0.0017756666	0.00015999432	0.00045573938	0.088035757	0.61669992	49.380265	1.0724171e10	0.00008531909	0.016555946
192.75249	1.0840986e-19	0.0017771345	0.00016073097	0.00045750612	0.088173726	0.61655555	49.515197	1.0743876e10	0.000085710746	0.016593863
192.30917	1.0884726e-19	0.0017786005	0.00016147101	0.00045928069	0.088312098	0.61641139	49.650389	1.0763623e10	0.000086104197	0.016631866
191.86687	1.0928658e-19	0.0017800646	0.00016221446	0.00046106311	0.088450875	0.61626742	49.785842	1.0783411e10	0.000086499452	0.016669955
191.42559	1.0972784e-19	0.0017815269	0.00016296132	0.00046285344	0.088590058	0.61612365	49.921553	1.0803242e10	0.000086896518	0.016708132
190.98533	1.1017104e-19	0.0017829872	0.00016371161	0.0004646517	0.088729647	0.61598007	50.057525	1.0823116e10	0.000087295404	0.016746397
190.54607	1.106162e-19	0.0017844457	0.00016446536	0.00046645794	0.088869644	0.6158367	50.193757	1.0843031e10	0.000087696119	0.016784748
190.10783	1.1106333e-19	0.0017859022	0.00016522257	0.00046827218	0.089010049	0.61569352	50.330249	1.086299e10	0.00008809867	0.016823188
189.67059	1.1151243e-19	0.0017873569	0.00016598327	0.00047009448	0.089150865	0.61555053	50.467001	1.088299e10	0.000088503066	0.016861715
189.23436	1.1196351e-19	0.0017888097	0.00016674746	0.00047192487	0.089292093	0.61540775	50.604014	1.0903034e10	0.000088909315	0.016900331
188.79913	1.1241658e-19	0.0017902605	0.00016751517	0.00047376338	0.089433733	0.61526515	50.741286	1.092312e10	0.000089317427	0.016939034
188.36491	1.1287165e-19	0.0017917095	0.0001682864	0.00047561007	0.089575786	0.61512276	50.878819	1.0943249e10	0.000089727408	0.016977827
187.93168	1.1332873e-19	0.0017931566	0.00016906119	0.00047746496	0.089718255	0.61498056	51.016612	1.0963421e10	0.000090139269	0.017016708
187.49945	1.1378783e-19	0.0017946018	0.00016983953	0.00047932809	0.089861139	0.61483855	51.154665	1.0983636e10	0.000090553017	0.017055677
187.06821	1.1424896e-19	0.001796045	0.00017062146	0.00048119951	0.090004441	0.61469674	51.292979	1.1003894e10	0.000090968661	0.017094736
186.63797	1.1471213e-19	0.0017974864	0.00017140698	0.00048307926	0.090148161	0.61455512	51.431554	1.1024196e10	0.000091386211	0.017133885
186.20871	1.1517735e-19	0.0017989258	0.00017219611	0.00048496737	0.0902923	0.61441369	51.570388	1.104454e10	0.000091805673	0.017173122
185.78045	1.1564462e-19	0.0018003634	0.00017298888	0.00048686389	0.090436861	0.61427246	51.709483	1.1064928e10	0.000092227058	0.01721245
185.35316	1.1611396e-19	0.001801799	0.00017378528	0.00048876885	0.090581843	0.61413142	51.848839	1.108536e10	0.000092650374	0.017251867
184.92686	1.1658537e-19	0.0018032327	0.00017458535	0.0004906823	0.090727249	0.61399058	51.988455	1.1105835e10	0.00009307563	0.017291374
184.50154	1.1705887e-19	0.0018046645	0.0001753891	0.00049260428	0.090873079	0.61384992	52.128332	1.1126354e10	0.000093502834	0.017330972
184.0772	1.1753446e-19	0.0018060944	0.00017619654	0.00049453483	0.091019335	0.61370946	52.268469	1.1146917e10	0.000093931996	0.017370661
183.65383	1.1801216e-19	0.0018075223	0.0001770077	0.00049647399	0.091166017	0.61356919	52.408867	1.1167523e10	0.000094363125	0.01741044
183.23144	1.1849197e-19	0.0018089484	0.00017782258	0.0004984218	0.091313128	0.61342911	52.549526	1.1188174e10	0.000094796229	0.017450309
182.81002	1.189739e-19	0.0018103725	0.00017864121	0.0005003783	0.091460668	0.61328922	52.690445	1.1208868e10	0.000095231318	0.017490271
182.38957	1.1945797e-19	0.0018117947	0.00017946361	0.00050234354	0.091608639	0.61314952	52.831624	1.1229607e10	0.0000956684	0.017530323
181.97009	1.1994419e-19	0.0018132149	0.00018028979	0.00050431756	0.091757041	0.61301001	52.973065	1.125039e10	0.000096107486	0.017570467
181.55157	1.2043255e-19	0.0018146332	0.00018111977	0.00050630039	0.091905877	0.61287069	53.114766	1.1271217e10	0.000096548582	0.017610703
181.13401	1.2092308e-19	0.0018160497	0.00018195356	0.00050829209	0.092055147	0.61273156	53.256728	1.1292089e10	0.000096991701	0.01765103
180.71741	1.2141578e-19	0.0018174641	0.00018279118	0.0005102927	0.092204852	0.61259262	53.39895	1.1313006e10	0.000097436849	0.01769145
180.30177	1.2191067e-19	0.0018188767	0.00018363266	0.00051230225	0.092354994	0.61245387	53.541433	1.1333967e10	0.000097884037	0.017731962
179.88709	1.2240775e-19	0.0018202873	0.00018447801	0.00051432079	0.092505574	0.6123153	53.684176	1.1354972e10	0.000098333273	0.017772567
179.47336	1.2290703e-19	0.001821696	0.00018532724	0.00051634837	0.092656594	0.61217693	53.827181	1.1376023e10	0.000098784568	0.017813265
179.06059	1.2340852e-19	0.0018231027	0.00018618038	0.00051838503	0.092808054	0.61203874	53.970445	1.1397118e10	0.000099237931	0.017854055
178.64876	1.2391224e-19	0.0018245075	0.00018703743	0.00052043081	0.092959956	0.61190074	54.113971	1.1418259e10	0.000099693371	0.017894939
178.23788	1.244182e-19	0.0018259104	0.00018789843	0.00052248576	0.093112302	0.61176292	54.257757	1.1439444e10	0.0001001509	0.017935917
177.82794	1.2492639e-19	0.0018273113	0.00018876339	0.00052454992	0.093265091	0.61162529	54.401803	1.1460675e10	0.00010061052	0.017976987
177.41895	1.2543685e-19	0.0018287103	0.00018963233	0.00052662333	0.093418327	0.61148785	54.54611	1.1481951e10	0.00010107225	0.018018152
177.0109	1.2594956e-19	0.0018301073	0.00019050526	0.00052870605	0.093572009	0.61135059	54.690678	1.1503273e10	0.00010153609	0.018059411
176.60378	1.2646456e-19	0.0018315024	0.0001913822	0.00053079811	0.09372614	0.61121352	54.835506	1.152464e10	0.00010200206	0.018100764
176.1976	1.2698183e-19	0.0018328956	0.00019226317	0.00053289957	0.093880721	0.61107664	54.980594	1.1546053e10	0.00010247016	0.018142212
175.79236	1.2750141e-19	0.0018342868	0.0001931482	0.00053501045	0.094035752	0.61093994	55.125943	1.1567511e10	0.00010294041	0.018183754
175.38805	1.2802329e-19	0.001835676	0.00019403729	0.00053713083	0.094191236	0.61080342	55.271552	1.1589015e10	0.00010341281	0.018225391
174.98467	1.2854749e-19	0.0018370633	0.00019493047	0.00053926073	0.094347173	0.61066708	55.417421	1.1610565e10	0.00010388737	0.018267123
174.58222	1.2907402e-19	0.0018384487	0.00019582776	0.0005414002	0.094503565	0.61053093	55.563551	1.1632161e10	0.00010436411	0.018308951
174.18069	1.2960289e-19	0.0018398321	0.00019672917	0.0005435493	0.094660414	0.61039497	55.709941	1.1653804e10	0.00010484304	0.018350874
173.78008	1.3013411e-19	0.0018412136	0.00019763472	0.00054570806	0.09481772	0.61025918	55.856591	1.1675492e10	0.00010532415	0.018392893
173.3804	1.3066768e-19	0.0018425931	0.00019854444	0.00054787654	0.094975485	0.61012358	56.003501	1.1697227e10	0.00010580747	0.018435008
172.98164	1.3120363e-19	0.0018439707	0.00019945834	0.00055005479	0.09513371	0.60998816	56.150671	1.1719008e10	0.00010629301	0.01847722
172.58379	1.3174197e-19	0.0018453463	0.00020037644	0.00055224284	0.095292397	0.60985292	56.298102	1.1740835e10	0.00010678077	0.018519527
172.18686	1.3228269e-19	0.0018467199	0.00020129876	0.00055444075	0.095451547	0.60971787	56.445792	1.1762709e10	0.00010727076	0.018561932
171.79084	1.3282582e-19	0.0018480916	0.00020222532	0.00055664856	0.095611161	0.60958299	56.593742	1.178463e10	0.00010776299	0.018604433
171.39573	1.3337137e-19	0.0018494614	0.00020315614	0.00055886633	0.095771241	0.6094483	56.741951	1.1806598e10	0.00010825749	0.018647031
171.00153	1.3391934e-19	0.0018508291	0.00020409124	0.0005610941	0.095931788	0.60931378	56.890421	1.1828612e10	0.00010875424	0.018689727
170.60824	1.3446975e-19	0.001852195	0.00020503064	0.00056333192	0.096092803	0.60917945	57.03915	1.1850674e10	0.00010925327	0.01873252
170.21585	1.3502261e-19	0.0018535588	0.00020597436	0.00056557984	0.096254288	0.60904529	57.188139	1.1872782e10	0.00010975459	0.01877541
169.82437	1.3557794e-19	0.0018549208	0.00020692241	0.00056783791	0.096416244	0.60891132	57.337387	1.1894938e10	0.0001102582	0.018818399
169.43378	1.3613573e-19	0.0018562807	0.00020787482	0.00057010617	0.096578673	0.60877752	57.486894	1.1917141e10	0.00011076412	0.018861486
169.04409	1.36696e-19	0.0018576387	0.00020883161	0.00057238469	0.096741576	0.6086439	57.636661	1.1939391e10	0.00011127236	0.018904672
168.6553	1.3725878e-19	0.0018589947	0.0002097928	0.0005746735	0.096904954	0.60851046	57.786687	1.1961689e10	0.00011178292	0.018947956
168.26741	1.3782405e-19	0.0018603488	0.00021075841	0.00057697267	0.097068809	0.60837719	57.936972	1.1984035e10	0.00011229582	0.018991339
167.8804	1.3839185e-19	0.0018617009	0.00021172845	0.00057928223	0.097233142	0.60824411	58.087516	1.2006428e10	0.00011281107	0.01903482
167.49429	1.3896217e-19	0.0018630511	0.00021270295	0.00058160224	0.097397955	0.6081112	58.238319	1.2028869e10	0.00011332868	0.019078402
167.10906	1.3953504e-19	0.0018643993	0.00021368193	0.00058393275	0.097563249	0.60797847	58.38938	1.2051358e10	0.00011384866	0.019122082
166.72472	1.4011046e-19	0.0018657455	0.00021466542	0.00058627381	0.097729025	0.60784591	58.540701	1.2073894e10	0.00011437102	0.019165863
166.34127	1.4068844e-19	0.0018670898	0.00021565342	0.00058862548	0.097895285	0.60771353	58.692279	1.2096479e10	0.00011489577	0.019209743
165.95869	1.41269e-19	0.0018684321	0.00021664596	0.0005909878	0.098062031	0.60758132	58.844117	1.2119112e10	0.00011542293	0.019253724
165.577	1.4185215e-19	0.0018697724	0.00021764307	0.00059336083	0.098229263	0.6074493	58.996212	1.2141794e10	0.0001159525	0.019297805
165.19618	1.424379e-19	0.0018711108	0.00021864475	0.00059574462	0.098396983	0.60731744	59.148566	1.2164524e10	0.0001164845	0.019341987
164.81624	1.4302626e-19	0.0018724472	0.00021965105	0.00059813922	0.098565194	0.60718576	59.301178	1.2187302e10	0.00011701893	0.01938627
164.43717	1.4361724e-19	0.0018737817	0.00022066196	0.00060054469	0.098733895	0.60705425	59.454048	1.2210129e10	0.0001175558	0.019430653
164.05898	1.4421086e-19	0.0018751142	0.00022167753	0.00060296108	0.098903089	0.60692292	59.607175	1.2233005e10	0.00011809514	0.019475138
163.68165	1.4480713e-19	0.0018764447	0.00022269776	0.00060538844	0.099072776	0.60679176	59.76056	1.2255929e10	0.00011863695	0.019519725
163.30519	1.4540606e-19	0.0018777732	0.00022372268	0.00060782682	0.09924296	0.60666077	59.914203	1.2278903e10	0.00011918123	0.019564414
162.9296	1.4600767e-19	0.0018790998	0.00022475231	0.00061027629	0.09941364	0.60652996	60.068103	1.2301925e10	0.00011972801	0.019609204
162.55488	1.4661196e-19	0.0018804244	0.00022578667	0.00061273689	0.099584819	0.60639932	60.22226	1.2324997e10	0.00012027729	0.019654097
162.18101	1.4721894e-19	0.0018817471	0.00022682578	0.00061520867	0.099756498	0.60626885	60.376674	1.2348118e10	0.00012082909	0.019699092
161.808	1.4782864e-19	0.0018830678	0.00022786967	0.00061769171	0.099928678	0.60613855	60.531346	1.2371288e10	0.00012138341	0.01974419
161.43586	1.4844106e-19	0.0018843865	0.00022891836	0.00062018604	0.10010136	0.60600842	60.686273	1.2394507e10	0.00012194027	0.019789391
161.06456	1.4905622e-19	0.0018857033	0.00022997187	0.00062269173	0.10027455	0.60587846	60.841458	1.2417776e10	0.00012249968	0.019834695
160.69413	1.4967412e-19	0.0018870181	0.00023103022	0.00062520882	0.10044824	0.60574868	60.996898	1.2441095e10	0.00012306165	0.019880102
160.32454	1.5029478e-19	0.001888331	0.00023209343	0.00062773739	0.10062245	0.60561906	61.152595	1.2464464e10	0.00012362619	0.019925613
159.9558	1.5091822e-19	0.0018896418	0.00023316153	0.00063027748	0.10079716	0.60548961	61.308548	1.2487882e10	0.00012419332	0.019971228
159.58791	1.5154444e-19	0.0018909507	0.00023423454	0.00063282914	0.10097238	0.60536033	61.464757	1.251135e10	0.00012476304	0.020016948
159.22087	1.5217347e-19	0.0018922577	0.00023531248	0.00063539245	0.10114811	0.60523122	61.621221	1.2534869e10	0.00012533537	0.020062771
158.85467	1.528053e-19	0.0018935627	0.00023639537	0.00063796744	0.10132436	0.60510228	61.777941	1.2558437e10	0.00012591033	0.020108699
158.48932	1.5343996e-19	0.0018948657	0.00023748324	0.00064055419	0.10150112	0.60497351	61.934916	1.2582056e10	0.00012648791	0.020154732
158.1248	1.5407746e-19	0.0018961667	0.00023857611	0.00064315275	0.1016784	0.6048449	62.092147	1.2605725e10	0.00012706814	0.02020087
157.76113	1.547178e-19	0.0018974658	0.000239674	0.00064576318	0.1018562	0.60471647	62.249632	1.2629445e10	0.00012765102	0.020247113
157.39829	1.5536102e-19	0.001898763	0.00024077694	0.00064838553	0.10203451	0.60458819	62.407371	1.2653215e10	0.00012823657	0.020293462
157.03628	1.560071e-19	0.0019000581	0.00024188494	0.00065101987	0.10221335	0.60446009	62.565365	1.2677036e10	0.0001288248	0.020339916
156.67511	1.5665608e-19	0.0019013513	0.00024299804	0.00065366625	0.10239271	0.60433215	62.723614	1.2700908e10	0.00012941573	0.020386477
156.31476	1.5730797e-19	0.0019026426	0.00024411625	0.00065632473	0.1025726	0.60420438	62.882116	1.2724831e10	0.00013000935	0.020433144
155.95525	1.5796277e-19	0.0019039319	0.00024523959	0.00065899538	0.10275301	0.60407677	63.040872	1.2748805e10	0.0001306057	0.020479917
155.59656	1.586205e-19	0.0019052192	0.00024636811	0.00066167825	0.10293395	0.60394933	63.199882	1.277283e10	0.00013120477	0.020526797
155.2387	1.5928118e-19	0.0019065046	0.0002475018	0.00066437341	0.10311542	0.60382205	63.359145	1.2796906e10	0.00013180659	0.020573784
154.88166	1.5994481e-19	0.001907788	0.00024864071	0.00066708091	0.10329742	0.60369494	63.518661	1.2821033e10	0.00013241116	0.020620878
154.52544	1.6061142e-19	0.0019090694	0.00024978484	0.00066980081	0.10347996	0.60356799	63.67843	1.2845212e10	0.0001330185	0.02066808
154.17005	1.6128101e-19	0.0019103489	0.00025093424	0.00067253318	0.10366303	0.60344121	63.838452	1.2869443e10	0.00013362861	0.020715389
153.81546	1.619536e-19	0.0019116264	0.00025208892	0.00067527808	0.10384663	0.60331459	63.998726	1.2893725e10	0.00013424152	0.020762806
153.4617	1.626292e-19	0.001912902	0.0002532489	0.00067803557	0.10403077	0.60318813	64.159252	1.2918059e10	0.00013485724	0.020810332
153.10875	1.6330783e-19	0.0019141756	0.00025441421	0.00068080571	0.10421545	0.60306183	64.320029	1.2942445e10	0.00013547577	0.020857966
152.75661	1.6398951e-19	0.0019154473	0.00025558488	0.00068358857	0.10440067	0.6029357	64.481059	1.2966883e10	0.00013609713	0.020905708
152.40528	1.6467423e-19	0.001916717	0.00025676092	0.00068638421	0.10458644	0.60280972	64.642339	1.2991373e10	0.00013672134	0.02095356
152.05475	1.6536203e-19	0.0019179847	0.00025794237	0.00068919269	0.10477275	0.60268391	64.803871	1.3015915e10	0.0001373484	0.02100152
151.70504	1.660529e-19	0.0019192505	0.00025912925	0.00069201407	0.1049596	0.60255826	64.965653	1.304051e10	0.00013797833	0.02104959
151.35612	1.6674688e-19	0.0019205144	0.00026032158	0.00069484842	0.105147	0.60243277	65.127686	1.3065156e10	0.00013861114	0.02109777
151.00802	1.6744397e-19	0.0019217762	0.00026151938	0.00069769581	0.10533496	0.60230744	65.28997	1.3089856e10	0.00013924685	0.02114606
150.66071	1.6814418e-19	0.0019230362	0.00026272269	0.00070055629	0.10552346	0.60218227	65.452503	1.3114608e10	0.00013988547	0.021194459
150.3142	1.6884753e-19	0.0019242942	0.00026393153	0.00070342994	0.10571251	0.60205726	65.615286	1.3139413e10	0.00014052701	0.021242969
149.96848	1.6955404e-19	0.0019255502	0.00026514593	0.00070631682	0.10590212	0.60193241	65.778318	1.3164271e10	0.00014117149	0.02129159
149.62357	1.7026372e-19	0.0019268043	0.0002663659	0.00070921699	0.10609229	0.60180772	65.941599	1.3189182e10	0.00014181891	0.021340322
149.27944	1.7097658e-19	0.0019280565	0.00026759148	0.00071213052	0.10628301	0.60168318	66.105128	1.3214146e10	0.0001424693	0.021389165
148.93611	1.7169264e-19	0.0019293067	0.00026882269	0.00071505748	0.10647429	0.60155881	66.268906	1.3239163e10	0.00014312266	0.021438119
148.59356	1.7241191e-19	0.0019305549	0.00027005955	0.00071799793	0.10666613	0.60143459	66.432932	1.3264233e10	0.00014377901	0.021487185
148.25181	1.7313441e-19	0.0019318012	0.0002713021	0.00072095194	0.10685854	0.60131053	66.597206	1.3289357e10	0.00014443836	0.021536362
147.91084	1.7386016e-19	0.0019330456	0.00027255035	0.00072391958	0.10705151	0.60118662	66.761728	1.3314534e10	0.00014510073	0.021585652
147.57065	1.7458916e-19	0.001934288	0.00027380434	0.00072690092	0.10724505	0.60106288	66.926496	1.3339765e10	0.00014576614	0.021635054
147.23125	1.7532143e-19	0.0019355285	0.00027506409	0.00072989602	0.10743915	0.60093928	67.091511	1.336505e10	0.00014643458	0.021684569
146.89263	1.76057e-19	0.0019367671	0.00027632963	0.00073290496	0.10763383	0.60081585	67.256772	1.3390389e10	0.00014710608	0.021734197
146.55478	1.7679587e-19	0.0019380037	0.00027760098	0.0007359278	0.10782908	0.60069257	67.42228	1.3415782e10	0.00014778066	0.021783938
146.21772	1.7753805e-19	0.0019392384	0.00027887817	0.0007389646	0.1080249	0.60056944	67.588033	1.3441228e10	0.00014845832	0.021833793
145.88143	1.7828357e-19	0.0019404711	0.00028016123	0.00074201545	0.10822129	0.60044647	67.754032	1.3466729e10	0.00014913908	0.021883761
145.54591	1.7903244e-19	0.0019417019	0.00028145018	0.00074508041	0.10841827	0.60032365	67.920275	1.3492285e10	0.00014982295	0.021933843
145.21116	1.7978468e-19	0.0019429308	0.00028274506	0.00074815956	0.10861582	0.60020099	68.086763	1.3517894e10	0.00015050995	0.021984039
144.87719	1.8054029e-19	0.0019441577	0.00028404588	0.00075125295	0.10881395	0.60007848	68.253496	1.3543559e10	0.0001512001	0.022034349
144.54398	1.812993e-19	0.0019453828	0.00028535268	0.00075436067	0.10901267	0.59995612	68.420472	1.3569278e10	0.0001518934	0.022084775
144.21154	1.8206173e-19	0.0019466058	0.00028666548	0.00075748278	0.10921197	0.59983392	68.587692	1.3595051e10	0.00015258987	0.022135315
143.87986	1.8282758e-19	0.001947827	0.00028798431	0.00076061936	0.10941185	0.59971187	68.755154	1.362088e10	0.00015328953	0.022185971
143.54894	1.8359687e-19	0.0019490462	0.0002893092	0.00076377049	0.10961233	0.59958997	68.92286	1.3646764e10	0.00015399239	0.022236742
143.21879	1.8436962e-19	0.0019502635	0.00029064017	0.00076693622	0.10981339	0.59946822	69.090808	1.3672703e10	0.00015469846	0.022287628
142.8894	1.8514585e-19	0.0019514789	0.00029197726	0.00077011664	0.11001504	0.59934662	69.258997	1.3698697e10	0.00015540777	0.022338631
142.56076	1.8592557e-19	0.0019526924	0.00029332049	0.00077331181	0.11021729	0.59922517	69.427428	1.3724746e10	0.00015612031	0.02238975
142.23288	1.8670879e-19	0.0019539039	0.00029466989	0.00077652182	0.11042014	0.59910388	69.5961	1.3750851e10	0.00015683612	0.022440985
141.90575	1.8749554e-19	0.0019551136	0.00029602548	0.00077974674	0.11062358	0.59898273	69.765013	1.3777011e10	0.0001575552	0.022492338
141.57938	1.8828583e-19	0.0019563213	0.00029738731	0.00078298664	0.11082762	0.59886173	69.934166	1.3803227e10	0.00015827756	0.022543807
141.25375	1.8907967e-19	0.0019575271	0.00029875539	0.0007862416	0.11103226	0.59874089	70.103559	1.3829499e10	0.00015900323	0.022595394
140.92888	1.8987709e-19	0.0019587309	0.00030012975	0.00078951169	0.1112375	0.59862019	70.273191	1.3855827e10	0.00015973222	0.022647098
140.60475	1.9067809e-19	0.0019599329	0.00030151043	0.00079279698	0.11144335	0.59849964	70.443062	1.3882211e10	0.00016046454	0.02269892
140.28137	1.914827e-19	0.001961133	0.00030289744	0.00079609757	0.11164981	0.59837924	70.613172	1.3908651e10	0.00016120022	0.02275086
139.95873	1.9229094e-19	0.0019623311	0.00030429083	0.00079941351	0.11185687	0.59825898	70.78352	1.3935147e10	0.00016193925	0.022802919
139.63684	1.9310281e-19	0.0019635274	0.00030569062	0.00080274489	0.11206455	0.59813888	70.954105	1.39617e10	0.00016268167	0.022855096
139.31568	1.9391833e-19	0.0019647217	0.00030709683	0.00080609179	0.11227284	0.59801892	71.124927	1.3988309e10	0.00016342748	0.022907392
138.99526	1.9473753e-19	0.0019659142	0.00030850951	0.00080945429	0.11248174	0.5978991	71.295986	1.4014975e10	0.0001641767	0.022959807
138.67558	1.9556042e-19	0.0019671047	0.00030992867	0.00081283246	0.11269126	0.59777944	71.467281	1.4041698e10	0.00016492934	0.023012342
138.35664	1.9638701e-19	0.0019682934	0.00031135435	0.00081622638	0.11290139	0.59765991	71.638811	1.4068477e10	0.00016568543	0.023064996
138.03843	1.9721733e-19	0.0019694801	0.00031278658	0.00081963613	0.11311215	0.59754054	71.810577	1.4095314e10	0.00016644497	0.02311777
137.72095	1.9805139e-19	0.001970665	0.00031422538	0.00082306179	0.11332353	0.59742131	71.982578	1.4122207e10	0.00016720799	0.023170665
137.4042	1.988892e-19	0.0019718479	0.00031567079	0.00082650344	0.11353554	0.59730222	72.154812	1.4149158e10	0.00016797449	0.02322368
137.08818	1.9973079e-19	0.001973029	0.00031712284	0.00082996117	0.11374817	0.59718328	72.327281	1.4176166e10	0.0001687445	0.023276816
136.77288	2.0057617e-19	0.0019742082	0.00031858156	0.00083343505	0.11396143	0.59706448	72.499982	1.4203232e10	0.00016951803	0.023330073
136.45831	2.0142537e-19	0.0019753855	0.00032004698	0.00083692516	0.11417531	0.59694583	72.672916	1.4230355e10	0.0001702951	0.023383451
136.14447	2.0227839e-19	0.0019765609	0.00032151913	0.00084043159	0.11438984	0.59682732	72.846083	1.4257536e10	0.00017107572	0.023436951
135.83134	2.0313525e-19	0.0019777344	0.00032299804	0.00084395442	0.11460499	0.59670895	73.019481	1.4284774e10	0.0001718599	0.023490572
135.51894	2.0399598e-19	0.0019789061	0.00032448374	0.00084749373	0.11482078	0.59659072	73.19311	1.4312071e10	0.00017264768	0.023544316
135.20726	2.0486059e-19	0.0019800759	0.00032597626	0.0008510496	0.11503721	0.59647264	73.366969	1.4339426e10	0.00017343905	0.023598183
134.89629	2.057291e-19	0.0019812438	0.00032747564	0.00085462212	0.11525429	0.5963547	73.541059	1.4366838e10	0.00017423404	0.023652172
134.58604	2.0660152e-19	0.0019824098	0.0003289819	0.00085821138	0.115472	0.5962369	73.715378	1.4394309e10	0.00017503266	0.023706283
134.2765	2.0747788e-19	0.001983574	0.00033049508	0.00086181745	0.11569036	0.59611924	73.889926	1.4421839e10	0.00017583494	0.023760519
133.96767	2.0835819e-19	0.0019847362	0.00033201521	0.00086544042	0.11590936	0.59600172	74.064702	1.4449427e10	0.00017664088	0.023814877
133.65955	2.0924247e-19	0.0019858967	0.00033354231	0.00086908039	0.11612902	0.59588434	74.239706	1.4477073e10	0.00017745051	0.02386936
133.35214	2.1013074e-19	0.0019870552	0.00033507643	0.00087273743	0.11634932	0.5957671	74.414937	1.4504779e10	0.00017826383	0.023923967
133.04544	2.1102302e-19	0.0019882119	0.0003366176	0.00087641162	0.11657028	0.59565	74.590394	1.4532543e10	0.00017908088	0.023978698
132.73945	2.1191932e-19	0.0019893668	0.00033816584	0.00088010307	0.11679189	0.59553303	74.766078	1.4560366e10	0.00017990166	0.024033553
132.43415	2.1281967e-19	0.0019905197	0.00033972119	0.00088381185	0.11701416	0.59541621	74.941987	1.4588249e10	0.00018072619	0.024088534
132.12956	2.1372408e-19	0.0019916709	0.00034128368	0.00088753805	0.11723709	0.59529953	75.118121	1.461619e10	0.00018155448	0.024143639
131.82567	2.1463258e-19	0.0019928202	0.00034285335	0.00089128177	0.11746068	0.59518298	75.294479	1.4644191e10	0.00018238657	0.024198871
131.52248	2.1554517e-19	0.0019939676	0.00034443022	0.00089504309	0.11768493	0.59506657	75.471061	1.4672252e10	0.00018322245	0.024254228
131.21999	2.1646189e-19	0.0019951132	0.00034601434	0.00089882209	0.11790985	0.5949503	75.647865	1.4700372e10	0.00018406216	0.024309711
130.91819	2.1738274e-19	0.0019962569	0.00034760572	0.00090261888	0.11813544	0.59483416	75.824892	1.4728552e10	0.0001849057	0.02436532
130.61709	2.1830775e-19	0.0019973988	0.00034920442	0.00090643353	0.1183617	0.59471816	76.002141	1.4756791e10	0.0001857531	0.024421056
130.31668	2.1923694e-19	0.0019985389	0.00035081045	0.00091026615	0.11858863	0.5946023	76.17961	1.4785091e10	0.00018660437	0.024476919
130.01696	2.2017032e-19	0.0019996771	0.00035242386	0.00091411682	0.11881624	0.59448657	76.357301	1.4813451e10	0.00018745953	0.024532909
129.71793	2.2110792e-19	0.0020008135	0.00035404467	0.00091798563	0.11904452	0.59437098	76.53521	1.4841871e10	0.0001883186	0.024589027
129.41958	2.2204976e-19	0.002001948	0.00035567293	0.00092187268	0.11927348	0.59425552	76.713339	1.4870351e10	0.0001891816	0.024645272
129.12193	2.2299585e-19	0.0020030808	0.00035730866	0.00092577807	0.11950312	0.59414019	76.891687	1.4898892e10	0.00019004853	0.024701645
128.82496	2.2394621e-19	0.0020042117	0.00035895191	0.00092970187	0.11973344	0.594025	77.070252	1.4927493e10	0.00019091943	0.024758147
128.52867	2.2490087e-19	0.0020053407	0.00036060269	0.00093364419	0.11996445	0.59390995	77.249034	1.4956155e10	0.00019179431	0.024814777
128.23306	2.2585984e-19	0.002006468	0.00036226106	0.00093760512	0.12019615	0.59379502	77.428033	1.4984878e10	0.00019267319	0.024871536
127.93813	2.2682314e-19	0.0020075935	0.00036392704	0.00094158476	0.12042854	0.59368023	77.607247	1.5013662e10	0.00019355608	0.024928425
127.64388	2.2779079e-19	0.0020087171	0.00036560067	0.0009455832	0.12066162	0.59356557	77.786676	1.5042507e10	0.000194443	0.024985443
127.35031	2.2876282e-19	0.0020098389	0.00036728198	0.00094960054	0.1208954	0.59345105	77.96632	1.5071413e10	0.00019533398	0.02504259
127.05741	2.2973925e-19	0.0020109589	0.00036897101	0.00095363687	0.12112987	0.59333665	78.146177	1.5100381e10	0.00019622902	0.025099868
126.76519	2.3072008e-19	0.0020120771	0.00037066779	0.0009576923	0.12136504	0.59322239	78.326247	1.512941e10	0.00019712816	0.025157276
126.47363	2.3170535e-19	0.0020131935	0.00037237236	0.00096176691	0.12160091	0.59310826	78.506529	1.5158501e10	0.0001980314	0.025214815
126.18275	2.3269508e-19	0.0020143082	0.00037408476	0.00096586081	0.12183749	0.59299425	78.687023	1.5187653e10	0.00019893877	0.025272485
125.89254	2.3368928e-19	0.002015421	0.00037580502	0.0009699741	0.12207477	0.59288038	78.867727	1.5216867e10	0.00019985029	0.025330286
125.603	2.3468797e-19	0.002016532	0.00037753318	0.00097410687	0.12231276	0.59276664	79.048641	1.5246143e10	0.00020076597	0.025388218
125.31412	2.3569118e-19	0.0020176412	0.00037926926	0.00097825923	0.12255146	0.59265303	79.229764	1.5275482e10	0.00020168583	0.025446282
125.0259	2.3669893e-19	0.0020187487	0.00038101332	0.00098243127	0.12279088	0.59253954	79.411096	1.5304882e10	0.00020260989	0.025504479
124.73835	2.3771124e-19	0.0020198543	0.00038276539	0.00098662311	0.12303101	0.59242619	79.592635	1.5334345e10	0.00020353818	0.025562808
124.45146	2.3872812e-19	0.0020209582	0.00038452549	0.00099083482	0.12327186	0.59231296	79.774381	1.536387e10	0.0002044707	0.025621269
124.16523	2.3974961e-19	0.0020220603	0.00038629368	0.00099506653	0.12351343	0.59219986	79.956333	1.5393458e10	0.00020540748	0.025679864
123.87966	2.4077571e-19	0.0020231606	0.00038806998	0.00099931834	0.12375572	0.59208689	80.13849	1.5423109e10	0.00020634854	0.025738592
123.59474	2.4180646e-19	0.0020242592	0.00038985444	0.0010035903	0.12399874	0.59197404	80.320852	1.5452822e10	0.00020729391	0.025797453
123.31048	2.4284187e-19	0.0020253559	0.00039164709	0.0010078826	0.12424248	0.59186132	80.503417	1.5482598e10	0.00020824358	0.025856449
123.02688	2.4388197e-19	0.002026451	0.00039344796	0.0010121953	0.12448696	0.59174873	80.686186	1.5512438e10	0.0002091976	0.025915578
122.74392	2.4492677e-19	0.0020275442	0.0003952571	0.0010165285	0.12473216	0.59163627	80.869156	1.5542341e10	0.00021015597	0.025974842
122.46162	2.459763e-19	0.0020286357	0.00039707455	0.0010208824	0.1249781	0.59152392	81.052327	1.5572307e10	0.00021111872	0.026034241
122.17997	2.4703059e-19	0.0020297255	0.00039890034	0.0010252569	0.12522478	0.59141171	81.235699	1.5602336e10	0.00021208586	0.026093775
121.89896	2.4808964e-19	0.0020308135	0.0004007345	0.0010296523	0.1254722	0.59129962	81.41927	1.563243e10	0.00021305743	0.026153445
121.6186	2.4915349e-19	0.0020318997	0.00040257709	0.0010340686	0.12572036	0.59118765	81.60304	1.5662587e10	0.00021403343	0.02621325
121.33889	2.5022215e-19	0.0020329842	0.00040442813	0.001038506	0.12596927	0.59107581	81.787008	1.5692808e10	0.00021501388	0.026273191
121.05981	2.5129565e-19	0.002034067	0.00040628767	0.0010429645	0.12621892	0.59096409	81.971172	1.5723092e10	0.00021599881	0.026333269
120.78138	2.5237401e-19	0.002035148	0.00040815574	0.0010474442	0.12646932	0.59085249	82.155533	1.5753441e10	0.00021698825	0.026393483
120.50359	2.5345726e-19	0.0020362273	0.00041003239	0.0010519453	0.12672048	0.59074102	82.340088	1.5783855e10	0.00021798219	0.026453834
120.22644	2.5454541e-19	0.0020373049	0.00041191765	0.001056468	0.12697239	0.59062967	82.524838	1.5814332e10	0.00021898068	0.026514323
119.94993	2.5563849e-19	0.0020383807	0.00041381156	0.0010610122	0.12722505	0.59051844	82.709782	1.5844874e10	0.00021998373	0.026574949
119.67405	2.5673651e-19	0.0020394548	0.00041571417	0.0010655781	0.12747848	0.59040733	82.894918	1.5875481e10	0.00022099135	0.026635713
119.39881	2.5783951e-19	0.0020405272	0.0004176255	0.0010701658	0.12773267	0.59029634	83.080245	1.5906153e10	0.00022200358	0.026696615
119.1242	2.5894751e-19	0.0020415979	0.00041954561	0.0010747754	0.12798762	0.59018547	83.265763	1.5936889e10	0.00022302042	0.026757655
118.85022	2.6006053e-19	0.0020426668	0.00042147453	0.0010794071	0.12824335	0.59007473	83.45147	1.5967691e10	0.00022404191	0.026818835
118.57687	2.6117858e-19	0.0020437341	0.0004234123	0.001084061	0.12849984	0.5899641	83.637367	1.5998558e10	0.00022506807	0.026880153
118.30416	2.6230171e-19	0.0020447996	0.00042535896	0.0010887371	0.1287571	0.5898536	83.823451	1.602949e10	0.0002260989	0.026941611
118.03206	2.6342992e-19	0.0020458635	0.00042731456	0.0010934356	0.12901515	0.58974321	84.009722	1.6060487e10	0.00022713445	0.027003208
117.7606	2.6456324e-19	0.0020469256	0.00042927913	0.0010981566	0.12927396	0.58963294	84.196179	1.609155e10	0.00022817472	0.027064946
117.48976	2.657017e-19	0.0020479861	0.00043125272	0.0011029002	0.12953356	0.58952279	84.382821	1.6122679e10	0.00022921974	0.027126824
117.21954	2.6684532e-19	0.0020490449	0.00043323537	0.0011076666	0.12979395	0.58941276	84.569646	1.6153874e10	0.00023026953	0.027188843
116.94994	2.6799412e-19	0.0020501019	0.00043522711	0.0011124558	0.13005512	0.58930285	84.756655	1.6185134e10	0.00023132411	0.027251002
116.68096	2.6914812e-19	0.0020511573	0.00043722799	0.001117268	0.13031707	0.58919305	84.943846	1.6216461e10	0.0002323835	0.027313303
116.4126	2.7030736e-19	0.0020522111	0.00043923805	0.0011221033	0.13057982	0.58908337	85.131217	1.6247854e10	0.00023344773	0.027375746
116.14486	2.7147185e-19	0.0020532631	0.00044125734	0.0011269617	0.13084337	0.58897381	85.318769	1.6279313e10	0.00023451682	0.02743833
115.87774	2.7264162e-19	0.0020543135	0.00044328589	0.0011318436	0.13110771	0.58886436	85.506499	1.6310839e10	0.00023559079	0.027501057
115.61122	2.7381669e-19	0.0020553622	0.00044532375	0.0011367488	0.13137285	0.58875503	85.694408	1.6342431e10	0.00023666966	0.027563926
115.34533	2.7499709e-19	0.0020564092	0.00044737096	0.0011416777	0.13163879	0.58864582	85.882493	1.637409e10	0.00023775345	0.027626939
115.08004	2.7618284e-19	0.0020574546	0.00044942757	0.0011466302	0.13190554	0.58853671	86.070754	1.6405816e10	0.00023884219	0.027690094
114.81536	2.7737397e-19	0.0020584983	0.00045149361	0.0011516066	0.13217309	0.58842773	86.25919	1.6437609e10	0.0002399359	0.027753393
114.55129	2.7857049e-19	0.0020595404	0.00045356913	0.0011566069	0.13244146	0.58831886	86.447799	1.646947e10	0.0002410346	0.027816836
114.28783	2.7977245e-19	0.0020605809	0.00045565418	0.0011616313	0.13271064	0.5882101	86.636581	1.6501397e10	0.00024213831	0.027880423
114.02498	2.8097985e-19	0.0020616196	0.00045774879	0.0011666799	0.13298063	0.58810145	86.825535	1.6533392e10	0.00024324706	0.027944154
113.76273	2.8219273e-19	0.0020626568	0.00045985301	0.0011717528	0.13325145	0.58799292	87.014659	1.6565455e10	0.00024436087	0.028008031
113.50108	2.8341111e-19	0.0020636923	0.00046196689	0.0011768502	0.13352309	0.5878845	87.203952	1.6597585e10	0.00024547977	0.028072052
113.24004	2.8463501e-19	0.0020647262	0.00046409046	0.0011819721	0.13379555	0.58777619	87.393414	1.6629783e10	0.00024660376	0.028136219
112.97959	2.8586447e-19	0.0020657585	0.00046622378	0.0011871188	0.13406884	0.587668	87.583042	1.6662049e10	0.00024773289	0.028200532
112.71975	2.870995e-19	0.0020667891	0.00046836689	0.0011922902	0.13434296	0.58755991	87.772837	1.6694383e10	0.00024886717	0.028264991
112.4605	2.8834014e-19	0.0020678181	0.00047051982	0.0011974867	0.13461791	0.58745194	87.962796	1.6726785e10	0.00025000662	0.028329596
112.20185	2.895864e-19	0.0020688455	0.00047268264	0.0012027082	0.1348937	0.58734408	88.15292	1.6759256e10	0.00025115128	0.028394348
111.94379	2.9083832e-19	0.0020698713	0.00047485538	0.001207955	0.13517033	0.58723633	88.343206	1.6791795e10	0.00025230115	0.028459247
111.68632	2.9209592e-19	0.0020708955	0.00047703808	0.0012132271	0.1354478	0.58712868	88.533653	1.6824403e10	0.00025345627	0.028524294
111.42945	2.9335922e-19	0.0020719181	0.0004792308	0.0012185248	0.13572611	0.58702115	88.72426	1.685708e10	0.00025461666	0.028589488
111.17317	2.9462825e-19	0.0020729391	0.00048143358	0.001223848	0.13600528	0.58691373	88.915027	1.6889826e10	0.00025578235	0.028654831
110.91748	2.9590305e-19	0.0020739585	0.00048364646	0.001229197	0.13628529	0.58680641	89.105952	1.692264e10	0.00025695335	0.028720322
110.66238	2.9718362e-19	0.0020749764	0.0004858695	0.0012345719	0.13656616	0.5866992	89.297033	1.6955524e10	0.0002581297	0.028785961
110.40786	2.9847001e-19	0.0020759926	0.00048810273	0.0012399729	0.13684788	0.58659211	89.488269	1.6988477e10	0.00025931141	0.02885175
110.15393	2.9976224e-19	0.0020770073	0.00049034621	0.0012454	0.13713047	0.58648511	89.67966	1.70215e10	0.00026049851	0.028917688
109.90058	3.0106033e-19	0.0020780203	0.00049259998	0.0012508534	0.13741392	0.58637823	89.871204	1.7054592e10	0.00026169102	0.028983776
109.64782	3.0236431e-19	0.0020790319	0.00049486409	0.0012563333	0.13769823	0.58627145	90.0629	1.7087754e10	0.00026288898	0.029050014
109.39564	3.0367421e-19	0.0020800418	0.00049713858	0.0012618397	0.13798341	0.58616478	90.254747	1.7120986e10	0.0002640924	0.029116403
109.14403	3.0499006e-19	0.0020810502	0.00049942351	0.0012673729	0.13826947	0.58605821	90.446742	1.7154288e10	0.00026530131	0.029182942
108.89301	3.0631188e-19	0.002082057	0.00050171892	0.0012729329	0.1385564	0.58595175	90.638886	1.718766e10	0.00026651573	0.029249632
108.64256	3.076397e-19	0.0020830623	0.00050402486	0.00127852	0.13884421	0.5858454	90.831177	1.7221103e10	0.00026773569	0.029316474
108.39269	3.0897355e-19	0.0020840661	0.00050634137	0.0012841342	0.1391329	0.58573915	91.023613	1.7254616e10	0.00026896122	0.029383467
108.1434	3.1031345e-19	0.0020850683	0.00050866851	0.0012897756	0.13942247	0.585633	91.216193	1.7288199e10	0.00027019233	0.029450613
107.89467	3.1165943e-19	0.0020860689	0.00051100633	0.0012954446	0.13971293	0.58552696	91.408916	1.7321853e10	0.00027142906	0.029517911
107.64652	3.1301153e-19	0.0020870681	0.00051335487	0.0013011411	0.14000428	0.58542102	91.601781	1.7355578e10	0.00027267143	0.029585362
107.39894	3.1436976e-19	0.0020880657	0.00051571418	0.0013068653	0.14029653	0.58531519	91.794786	1.7389374e10	0.00027391946	0.029652966
107.15193	3.1573417e-19	0.0020890617	0.00051808431	0.0013126174	0.14058967	0.58520946	91.98793	1.7423242e10	0.00027517319	0.029720723
106.90549	3.1710476e-19	0.0020900563	0.00052046531	0.0013183975	0.14088371	0.58510383	92.181212	1.745718e10	0.00027643263	0.029788635
106.65961	3.1848158e-19	0.0020910493	0.00052285723	0.0013242058	0.14117866	0.5849983	92.37463	1.749119e10	0.00027769782	0.0298567
106.4143	3.1986466e-19	0.0020920409	0.00052526013	0.0013300424	0.14147451	0.58489287	92.568183	1.7525271e10	0.00027896877	0.02992492
106.16956	3.2125401e-19	0.0020930309	0.00052767404	0.0013359075	0.14177127	0.58478755	92.76187	1.7559425e10	0.00028024552	0.029993295
105.92537	3.2264967e-19	0.0020940194	0.00053009902	0.0013418012	0.14206895	0.58468232	92.955689	1.7593649e10	0.00028152809	0.030061825
105.68175	3.2405167e-19	0.0020950065	0.00053253513	0.0013477236	0.14236754	0.5845772	93.149638	1.7627946e10	0.00028281651	0.030130511
105.43869	3.2546004e-19	0.002095992	0.00053498241	0.001353675	0.14266705	0.58447217	93.343717	1.7662316e10	0.0002841108	0.030199352
105.19619	3.2687481e-19	0.0020969761	0.00053744091	0.0013596555	0.14296748	0.58436725	93.537925	1.7696757e10	0.000285411	0.03026835
104.95424	3.28296e-19	0.0020979587	0.00053991069	0.0013656652	0.14326884	0.58426242	93.732258	1.7731271e10	0.00028671712	0.030337504
104.71285	3.2972364e-19	0.0020989398	0.0005423918	0.0013717043	0.14357113	0.5841577	93.926717	1.7765857e10	0.00028802919	0.030406815
104.47202	3.3115777e-19	0.0020999194	0.00054488428	0.0013777729	0.14387435	0.58405307	94.121299	1.7800516e10	0.00028934725	0.030476284
104.23174	3.3259842e-19	0.0021008976	0.00054738819	0.0013838712	0.14417851	0.58394854	94.316004	1.7835248e10	0.00029067131	0.03054591
103.99202	3.3404561e-19	0.0021018743	0.00054990359	0.0013899994	0.14448361	0.58384411	94.51083	1.7870053e10	0.00029200142	0.030615694
103.75284	3.3549937e-19	0.0021028496	0.00055243052	0.0013961576	0.14478965	0.58373977	94.705775	1.7904931e10	0.00029333758	0.030685637
103.51422	3.3695973e-19	0.0021038234	0.00055496904	0.001402346	0.14509663	0.58363553	94.900838	1.7939882e10	0.00029467983	0.030755738
103.27614	3.3842673e-19	0.0021047958	0.0005575192	0.0014085647	0.14540457	0.58353139	95.096017	1.7974906e10	0.00029602821	0.030825998
103.03861	3.399004e-19	0.0021057667	0.00056008105	0.0014148139	0.14571346	0.58342735	95.291312	1.8010005e10	0.00029738272	0.030896418
102.80163	3.4138076e-19	0.0021067362	0.00056265466	0.0014210937	0.1460233	0.5833234	95.486719	1.8045176e10	0.00029874342	0.030966997
102.56519	3.4286785e-19	0.0021077043	0.00056524006	0.0014274044	0.14633411	0.58321954	95.682239	1.8080422e10	0.00030011031	0.031037737
102.3293	3.4436169e-19	0.002108671	0.00056783732	0.0014337461	0.14664588	0.58311578	95.877869	1.8115742e10	0.00030148343	0.031108637
102.09395	3.4586232e-19	0.0021096362	0.00057044649	0.0014401189	0.14695861	0.58301211	96.073608	1.8151136e10	0.00030286281	0.031179698
101.85914	3.4736976e-19	0.0021106	0.00057306762	0.0014465231	0.14727232	0.58290854	96.269454	1.8186604e10	0.00030424848	0.03125092
101.62487	3.4888406e-19	0.0021115624	0.00057570077	0.0014529588	0.147587	0.58280507	96.465406	1.8222146e10	0.00030564046	0.031322303
101.39114	3.5040524e-19	0.0021125234	0.00057834599	0.0014594261	0.14790265	0.58270168	96.661462	1.8257763e10	0.00030703879	0.031393849
101.15795	3.5193333e-19	0.002113483	0.00058100334	0.0014659252	0.14821929	0.58259839	96.85762	1.8293455e10	0.00030844349	0.031465557
100.92529	3.5346836e-19	0.0021144412	0.00058367288	0.0014724563	0.14853691	0.58249519	97.05388	1.8329222e10	0.00030985459	0.031537427
100.69317	3.5501037e-19	0.0021153981	0.00058635466	0.0014790196	0.14885552	0.58239208	97.250239	1.8365063e10	0.00031127211	0.03160946
100.46158	3.5655938e-19	0.0021163535	0.00058904873	0.0014856152	0.14917513	0.58228907	97.446695	1.840098e10	0.0003126961	0.031681657
100.23052	3.5811544e-19	0.0021173076	0.00059175515	0.0014922434	0.14949573	0.58218614	97.643248	1.8436972e10	0.00031412658	0.031754018
100.	3.5967856e-19	0.0021182603	0.00059447398	0.0014989042	0.14981732	0.58208331	97.839896	1.847304e10	0.00031556357	0.031826542
99.770006	3.6124879e-19	0.0021192117	0.00059720528	0.0015055979	0.15013992	0.58198057	98.036636	1.8509183e10	0.00031700711	0.031899231
99.540542	3.6282616e-19	0.0021201616	0.0005999491	0.0015123247	0.15046353	0.58187791	98.233468	1.8545402e10	0.00031845722	0.031972085
99.311605	3.6441069e-19	0.0021211103	0.0006027055	0.0015190846	0.15078814	0.58177535	98.430389	1.8581696e10	0.00031991395	0.032045104
99.083194	3.6600242e-19	0.0021220575	0.00060547454	0.001525878	0.15111377	0.58167287	98.627398	1.8618067e10	0.00032137731	0.032118289
98.855309	3.6760139e-19	0.0021230035	0.00060825627	0.0015327049	0.15144042	0.58157049	98.824493	1.8654514e10	0.00032284733	0.032191639
98.627949	3.6920763e-19	0.0021239481	0.00061105075	0.0015395656	0.15176809	0.58146819	99.021673	1.8691037e10	0.00032432406	0.032265156
98.401111	3.7082116e-19	0.0021248914	0.00061385805	0.0015464602	0.15209678	0.58136598	99.218936	1.8727637e10	0.0003258075	0.03233884
98.174794	3.7244203e-19	0.0021258333	0.00061667821	0.001553389	0.1524265	0.58126386	99.416279	1.8764313e10	0.00032729771	0.03241269
97.948999	3.7407027e-19	0.0021267739	0.0006195113	0.0015603521	0.15275726	0.58116183	99.613702	1.8801066e10	0.00032879471	0.032486708
97.723722	3.7570591e-19	0.0021277132	0.00062235738	0.0015673496	0.15308905	0.58105988	99.811203	1.8837896e10	0.00033029852	0.032560894
97.498964	3.7734898e-19	0.0021286512	0.00062521651	0.0015743818	0.15342188	0.58095802	100.00878	1.8874803e10	0.00033180918	0.032635247
97.274722	3.7899951e-19	0.0021295879	0.00062808874	0.0015814489	0.15375576	0.58085625	100.20643	1.8911787e10	0.00033332672	0.03270977
97.050997	3.8065755e-19	0.0021305233	0.00063097414	0.001588551	0.15409068	0.58075456	100.40415	1.8948849e10	0.00033485118	0.032784461
96.827786	3.8232313e-19	0.0021314574	0.00063387277	0.0015956884	0.15442665	0.58065296	100.60195	1.8985988e10	0.00033638257	0.032859322
96.605088	3.8399628e-19	0.0021323902	0.00063678468	0.0016028612	0.15476368	0.58055144	100.79981	1.9023205e10	0.00033792095	0.032934352
96.382902	3.8567703e-19	0.0021333218	0.00063970994	0.0016100697	0.15510177	0.58045	100.99774	1.9060499e10	0.00033946632	0.033009552
96.161228	3.8736542e-19	0.002134252	0.00064264861	0.0016173139	0.15544093	0.58034865	101.19573	1.9097872e10	0.00034101874	0.033084923
95.940063	3.8906149e-19	0.002135181	0.00064560075	0.0016245942	0.15578115	0.58024739	101.39379	1.9135322e10	0.00034257822	0.033160464
95.719407	3.9076527e-19	0.0021361088	0.00064856642	0.0016319107	0.15612244	0.5801462	101.59191	1.9172851e10	0.00034414481	0.033236177
95.499259	3.9247679e-19	0.0021370352	0.00065154568	0.0016392635	0.15646481	0.5800451	101.79009	1.9210459e10	0.00034571853	0.033312061
95.279616	3.9419609e-19	0.0021379605	0.0006545386	0.001646653	0.15680825	0.57994409	101.98832	1.9248144e10	0.00034729941	0.033388117
95.060479	3.959232e-19	0.0021388845	0.00065754524	0.0016540793	0.15715279	0.57984315	102.18662	1.9285909e10	0.00034888749	0.033464345
94.841846	3.9765817e-19	0.0021398072	0.00066056565	0.0016615425	0.1574984	0.5797423	102.38496	1.9323752e10	0.0003504828	0.033540746
94.623716	3.9940102e-19	0.0021407287	0.00066359991	0.001669043	0.15784511	0.57964152	102.58336	1.9361675e10	0.00035208538	0.033617321
94.406088	4.011518e-19	0.002141649	0.00066664808	0.0016765809	0.15819292	0.57954083	102.78181	1.9399676e10	0.00035369525	0.033694068
94.18896	4.0291053e-19	0.002142568	0.00066971022	0.0016841564	0.15854183	0.57944022	102.98031	1.9437757e10	0.00035531245	0.03377099
93.972331	4.0467726e-19	0.0021434859	0.00067278639	0.0016917696	0.15889183	0.57933969	103.17885	1.9475917e10	0.00035693702	0.033848086
93.756201	4.0645201e-19	0.0021444025	0.00067587666	0.0016994209	0.15924295	0.57923924	103.37744	1.9514157e10	0.00035856898	0.033925356
93.540567	4.0823484e-19	0.0021453179	0.00067898109	0.0017071105	0.15959518	0.57913886	103.57607	1.9552477e10	0.00036020836	0.034002801
93.32543	4.1002577e-19	0.0021462322	0.00068209975	0.0017148384	0.15994853	0.57903857	103.77474	1.9590877e10	0.00036185521	0.034080422
93.110788	4.1182484e-19	0.0021471452	0.0006852327	0.001722605	0.160303	0.57893835	103.97345	1.9629357e10	0.00036350956	0.034158219
92.896639	4.1363209e-19	0.0021480571	0.00068838001	0.0017304104	0.16065859	0.57883822	104.17219	1.9667917e10	0.00036517144	0.034236191
92.682982	4.1544755e-19	0.0021489678	0.00069154174	0.0017382549	0.16101531	0.57873816	104.37097	1.9706557e10	0.00036684088	0.034314341
92.469817	4.1727127e-19	0.0021498773	0.00069471796	0.0017461387	0.16137316	0.57863817	104.56979	1.9745278e10	0.00036851792	0.034392667
92.257143	4.1910327e-19	0.0021507856	0.00069790874	0.001754062	0.16173216	0.57853827	104.76863	1.9784079e10	0.00037020259	0.034471171
92.044957	4.2094361e-19	0.0021516928	0.00070111413	0.001762025	0.16209229	0.57843844	104.9675	1.9822962e10	0.00037189493	0.034549852
91.83326	4.227923e-19	0.0021525988	0.00070433422	0.0017700279	0.16245357	0.57833869	105.1664	1.9861925e10	0.00037359497	0.034628712
91.622049	4.2464941e-19	0.0021535037	0.00070756906	0.0017780709	0.162816	0.57823901	105.36532	1.990097e10	0.00037530275	0.03470775
91.411324	4.2651495e-19	0.0021544074	0.00071081873	0.0017861543	0.16317959	0.57813941	105.56427	1.9940096e10	0.0003770183	0.034786967
91.201084	4.2838897e-19	0.00215531	0.00071408328	0.0017942783	0.16354434	0.57803988	105.76323	1.9979303e10	0.00037874165	0.034866363
90.991327	4.3027151e-19	0.0021562115	0.0007173628	0.0018024431	0.16391025	0.57794043	105.96222	2.0018592e10	0.00038047285	0.034945939
90.782053	4.3216261e-19	0.0021571119	0.00072065734	0.0018106489	0.16427733	0.57784105	106.16121	2.0057962e10	0.00038221193	0.035025696
90.57326	4.340623e-19	0.0021580111	0.00072396697	0.001818896	0.16464558	0.57774174	106.36023	2.0097415e10	0.00038395892	0.035105632
90.364947	4.3597063e-19	0.0021589092	0.00072729177	0.0018271846	0.16501501	0.57764251	106.55925	2.013695e10	0.00038571385	0.03518575
90.157114	4.3788763e-19	0.0021598062	0.00073063181	0.0018355149	0.16538562	0.57754335	106.75829	2.0176567e10	0.00038747677	0.035266049
89.949758	4.3981334e-19	0.0021607022	0.00073398715	0.0018438871	0.16575741	0.57744426	106.95733	2.0216266e10	0.00038924772	0.03534653
89.742879	4.4174781e-19	0.002161597	0.00073735786	0.0018523015	0.1661304	0.57734525	107.15637	2.0256048e10	0.00039102672	0.035427193
89.536477	4.4369107e-19	0.0021624908	0.00074074401	0.0018607583	0.16650459	0.5772463	107.35542	2.0295912e10	0.00039281381	0.035508039
89.330548	4.4564316e-19	0.0021633834	0.00074414568	0.0018692577	0.16687997	0.57714743	107.55447	2.033586e10	0.00039460903	0.035589067
89.125094	4.4760412e-19	0.002164275	0.00074756294	0.0018778	0.16725656	0.57704863	107.75352	2.037589e10	0.00039641242	0.035670279
88.920112	4.49574e-19	0.0021651656	0.00075099585	0.0018863854	0.16763436	0.5769499	107.95257	2.0416004e10	0.00039822401	0.035751674
88.715601	4.5155283e-19	0.002166055	0.00075444448	0.0018950141	0.16801337	0.57685124	108.15161	2.0456201e10	0.00040004384	0.035833254
88.511561	4.5354065e-19	0.0021669435	0.00075790892	0.0019036865	0.1683936	0.57675264	108.35064	2.0496481e10	0.00040187195	0.035915019
88.30799	4.5553751e-19	0.0021678309	0.00076138923	0.0019124026	0.16877505	0.57665412	108.54967	2.0536845e10	0.00040370838	0.035996968
88.104887	4.5754344e-19	0.0021687172	0.00076488548	0.0019211629	0.16915773	0.57655567	108.74867	2.0577293e10	0.00040555316	0.036079103
87.902252	4.5955848e-19	0.0021696025	0.00076839775	0.0019299674	0.16954165	0.57645728	108.94767	2.0617824e10	0.00040740633	0.036161423
87.700082	4.6158269e-19	0.0021704868	0.00077192611	0.0019388165	0.1699268	0.57635896	109.14665	2.065844e10	0.00040926792	0.03624393
87.498378	4.6361609e-19	0.0021713701	0.00077547063	0.0019477104	0.1703132	0.57626071	109.34561	2.0699141e10	0.00041113799	0.036326623
87.297137	4.6565873e-19	0.0021722524	0.00077903139	0.0019566493	0.17070084	0.57616253	109.54454	2.0739925e10	0.00041301655	0.036409504
87.096359	4.6771066e-19	0.0021731336	0.00078260846	0.0019656336	0.17108973	0.57606441	109.74346	2.0780794e10	0.00041490366	0.036492572
86.896043	4.6977191e-19	0.0021740139	0.00078620192	0.0019746634	0.17147989	0.57596636	109.94234	2.0821748e10	0.00041679935	0.036575828
86.696188	4.7184252e-19	0.0021748931	0.00078981183	0.001983739	0.1718713	0.57586837	110.1412	2.0862787e10	0.00041870367	0.036659272
86.496792	4.7392254e-19	0.0021757714	0.00079343828	0.0019928606	0.17226398	0.57577045	110.34003	2.0903911e10	0.00042061664	0.036742905
86.297855	4.7601202e-19	0.0021766487	0.00079708135	0.0020020286	0.17265793	0.5756726	110.53882	2.094512e10	0.0004225383	0.036826727
86.099375	4.7811099e-19	0.0021775251	0.0008007411	0.0020112432	0.17305316	0.57557481	110.73758	2.0986415e10	0.00042446871	0.036910738
85.901352	4.8021949e-19	0.0021784005	0.00080441761	0.0020205045	0.17344967	0.57547708	110.9363	2.1027795e10	0.00042640789	0.03699494
85.703785	4.8233758e-19	0.0021792749	0.00080811097	0.002029813	0.17384747	0.57537942	111.13498	2.106926e10	0.00042835589	0.037079331
85.506671	4.8446528e-19	0.0021801483	0.00081182124	0.0020391688	0.17424656	0.57528182	111.33361	2.1110812e10	0.00043031275	0.037163914
85.310011	4.8660266e-19	0.0021810209	0.0008155485	0.0020485723	0.17464694	0.57518429	111.5322	2.115245e10	0.0004322785	0.037248688
85.113804	4.8874974e-19	0.0021818925	0.00081929283	0.0020580236	0.17504863	0.57508681	111.73075	2.1194173e10	0.00043425318	0.037333654
84.918048	4.9090658e-19	0.0021827631	0.00082305432	0.0020675231	0.17545163	0.5749894	111.92924	2.1235983e10	0.00043623685	0.037418811
84.722741	4.9307322e-19	0.0021836329	0.00082683303	0.002077071	0.17585594	0.57489205	112.12768	2.127788e10	0.00043822953	0.037504162
84.527885	4.952497e-19	0.0021845017	0.00083062905	0.0020866675	0.17626156	0.57479477	112.32606	2.1319863e10	0.00044023127	0.037589705
84.333476	4.9743606e-19	0.0021853696	0.00083444245	0.0020963131	0.17666851	0.57469754	112.52439	2.1361934e10	0.0004422421	0.037675441
84.139514	4.9963236e-19	0.0021862366	0.00083827332	0.0021060079	0.17707678	0.57460037	112.72266	2.1404091e10	0.00044426208	0.037761372
83.945999	5.0183863e-19	0.0021871027	0.00084212173	0.0021157521	0.17748639	0.57450326	112.92086	2.1446335e10	0.00044629123	0.037847496
83.752928	5.0405492e-19	0.002187968	0.00084598777	0.0021255462	0.17789734	0.57440622	113.119	2.1488666e10	0.00044832961	0.037933815
83.560302	5.0628128e-19	0.0021888323	0.00084987151	0.0021353903	0.17830963	0.57430923	113.31707	2.1531086e10	0.00045037726	0.03802033
83.368118	5.0851776e-19	0.0021896958	0.00085377303	0.0021452848	0.17872327	0.5742123	113.51507	2.1573592e10	0.0004524342	0.038107039
83.176377	5.1076438e-19	0.0021905584	0.00085769243	0.0021552299	0.17913826	0.57411543	113.713	2.1616187e10	0.0004545005	0.038193945
82.985077	5.1302122e-19	0.0021914202	0.00086162977	0.0021652259	0.17955462	0.57401862	113.91085	2.1658869e10	0.00045657618	0.038281047
82.794216	5.152883e-19	0.0021922811	0.00086558514	0.0021752732	0.17997233	0.57392186	114.10862	2.170164e10	0.0004586613	0.038368346
82.603795	5.1756567e-19	0.0021931412	0.00086955863	0.0021853719	0.18039142	0.57382516	114.30631	2.1744499e10	0.00046075589	0.038455842
82.413812	5.1985339e-19	0.0021940004	0.0008735503	0.0021955223	0.18081189	0.57372852	114.50392	2.1787446e10	0.00046286	0.038543536
82.224265	5.2215149e-19	0.0021948588	0.00087756026	0.0022057249	0.18123373	0.57363194	114.70144	2.1830482e10	0.00046497367	0.038631428
82.035154	5.2446003e-19	0.0021957164	0.00088158858	0.0022159798	0.18165697	0.57353541	114.89888	2.1873606e10	0.00046709694	0.038719519
81.846479	5.2677905e-19	0.0021965731	0.00088563535	0.0022262873	0.18208159	0.57343894	115.09622	2.191682e10	0.00046922986	0.038807808
81.658237	5.291086e-19	0.0021974291	0.00088970064	0.0022366478	0.18250762	0.57334252	115.29347	2.1960123e10	0.00047137246	0.038896297
81.470428	5.3144873e-19	0.0021982842	0.00089378455	0.0022470616	0.18293505	0.57324616	115.49062	2.2003515e10	0.0004735248	0.038984986
81.283052	5.3379948e-19	0.0021991386	0.00089788715	0.0022575289	0.18336388	0.57314985	115.68768	2.2046996e10	0.00047568692	0.039073875
81.096106	5.361609e-19	0.0021999922	0.00090200854	0.00226805	0.18379414	0.57305359	115.88463	2.2090567e10	0.00047785886	0.039162965
80.90959	5.3853304e-19	0.002200845	0.0009061488	0.0022786253	0.18422581	0.57295739	116.08147	2.2134228e10	0.00048004067	0.039252256
80.723503	5.4091595e-19	0.002201697	0.00091030802	0.0022892551	0.18465891	0.57286124	116.27821	2.2177979e10	0.00048223238	0.039341749
80.537844	5.4330968e-19	0.0022025483	0.00091448628	0.0022999396	0.18509344	0.57276514	116.47484	2.2221819e10	0.00048443405	0.039431444
80.352612	5.4571427e-19	0.0022033988	0.00091868367	0.0023106792	0.18552941	0.5726691	116.67135	2.2265751e10	0.00048664572	0.039521342
80.167806	5.4812977e-19	0.0022042486	0.00092290028	0.0023214742	0.18596682	0.57257311	116.86775	2.2309772e10	0.00048886744	0.039611442
79.983426	5.5055624e-19	0.0022050976	0.00092713619	0.0023323249	0.18640569	0.57247717	117.06404	2.2353884e10	0.00049109924	0.039701746
79.799469	5.5299371e-19	0.0022059459	0.00093139149	0.0023432316	0.186846	0.57238128	117.26019	2.2398087e10	0.00049334118	0.039792254
79.615935	5.5544225e-19	0.0022067934	0.00093566627	0.0023541946	0.18728778	0.57228544	117.45623	2.244238e10	0.0004955933	0.039882966
79.432823	5.579019e-19	0.0022076403	0.00093996062	0.0023652143	0.18773103	0.57218965	117.65214	2.2486765e10	0.00049785564	0.039973883
79.250133	5.6037271e-19	0.0022084864	0.00094427464	0.002376291	0.18817575	0.57209391	117.84792	2.2531241e10	0.00050012826	0.040065005
79.067863	5.6285474e-19	0.0022093319	0.0009486084	0.002387425	0.18862195	0.57199822	118.04356	2.2575809e10	0.0005024112	0.040156333
78.886012	5.6534802e-19	0.0022101766	0.000952962	0.0023986166	0.18906963	0.57190257	118.23907	2.2620468e10	0.00050470451	0.040247867
78.704579	5.6785261e-19	0.0022110207	0.00095733552	0.0024098662	0.18951881	0.57180698	118.43444	2.2665218e10	0.00050700822	0.040339608
78.523563	5.7036857e-19	0.002211864	0.00096172907	0.002421174	0.18996948	0.57171144	118.62968	2.2710061e10	0.0005093224	0.040431555
78.342964	5.7289594e-19	0.0022127067	0.00096614273	0.0024325404	0.19042166	0.57161594	118.82476	2.2754996e10	0.00051164708	0.040523711
78.16278	5.7543477e-19	0.0022135488	0.0009705766	0.0024439658	0.19087534	0.57152049	119.0197	2.2800023e10	0.00051398232	0.040616074
77.983011	5.7798512e-19	0.0022143902	0.00097503076	0.0024554505	0.19133054	0.57142508	119.21449	2.2845142e10	0.00051632815	0.040708645
77.803655	5.8054704e-19	0.0022152309	0.0009795053	0.0024669948	0.19178726	0.57132973	119.40913	2.2890354e10	0.00051868464	0.040801426
77.624712	5.8312058e-19	0.002216071	0.00098400033	0.0024785991	0.19224552	0.57123441	119.60361	2.2935659e10	0.00052105182	0.040894416
77.44618	5.8570579e-19	0.0022169105	0.00098851593	0.0024902636	0.1927053	0.57113915	119.79793	2.2981057e10	0.00052342974	0.040987615
77.268059	5.8830272e-19	0.0022177493	0.0009930522	0.0025019888	0.19316663	0.57104393	119.99209	2.3026548e10	0.00052581846	0.041081025
77.090347	5.9091143e-19	0.0022185875	0.00099760924	0.0025137751	0.1936295	0.57094875	120.18609	2.3072132e10	0.00052821802	0.041174646
76.913044	5.9353196e-19	0.0022194251	0.0010021871	0.0025256226	0.19409392	0.57085362	120.37991	2.3117809e10	0.00053062847	0.041268478
76.736149	5.9616438e-19	0.0022202621	0.001006786	0.0025375318	0.19455991	0.57075853	120.57357	2.316358e10	0.00053304986	0.041362522
76.559661	5.9880873e-19	0.0022210985	0.0010114059	0.0025495031	0.19502746	0.57066349	120.76706	2.3209445e10	0.00053548224	0.041456778
76.383578	6.0146507e-19	0.0022219344	0.0010160469	0.0025615368	0.19549658	0.57056848	120.96036	2.3255404e10	0.00053792566	0.041551246
76.207901	6.0413346e-19	0.0022227696	0.0010207092	0.0025736333	0.19596729	0.57047352	121.15349	2.3301456e10	0.00054038016	0.041645927
76.032628	6.0681393e-19	0.0022236043	0.0010253928	0.0025857929	0.19643957	0.57037861	121.34643	2.3347604e10	0.00054284581	0.041740822
75.857758	6.0950656e-19	0.0022244384	0.0010300978	0.0025980159	0.19691345	0.57028373	121.53919	2.3393845e10	0.00054532264	0.041835931
75.68329	6.1221139e-19	0.002225272	0.0010348244	0.0026103028	0.19738893	0.5701889	121.73176	2.3440181e10	0.0005478107	0.041931255
75.509223	6.1492848e-19	0.002226105	0.0010395726	0.0026226539	0.19786602	0.5700941	121.92414	2.3486612e10	0.00055031006	0.042026793
75.335556	6.1765788e-19	0.0022269375	0.0010443425	0.0026350696	0.19834471	0.56999935	122.11632	2.3533138e10	0.00055282076	0.042122547
75.162289	6.2039966e-19	0.0022277695	0.0010491343	0.0026475503	0.19882503	0.56990463	122.3083	2.3579759e10	0.00055534284	0.042218517
74.989421	6.2315385e-19	0.0022286009	0.001053948	0.0026600963	0.19930696	0.56980996	122.50009	2.3626475e10	0.00055787637	0.042314703
74.81695	6.2592052e-19	0.0022294318	0.0010587837	0.002672708	0.19979054	0.56971533	122.69166	2.3673287e10	0.00056042139	0.042411107
74.644876	6.2869973e-19	0.0022302623	0.0010636416	0.0026853857	0.20027575	0.56962073	122.88303	2.3720194e10	0.00056297795	0.042507727
74.473197	6.3149153e-19	0.0022310922	0.0010685216	0.00269813	0.2007626	0.56952617	123.07419	2.3767198e10	0.00056554612	0.042604565
74.301914	6.3429597e-19	0.0022319216	0.001073424	0.0027109411	0.20125111	0.56943165	123.26514	2.3814297e10	0.00056812593	0.042701622
74.131024	6.3711312e-19	0.0022327506	0.0010783489	0.0027238194	0.20174128	0.56933717	123.45587	2.3861492e10	0.00057071744	0.042798897
73.960528	6.3994302e-19	0.0022335791	0.0010832962	0.0027367653	0.20223311	0.56924272	123.64637	2.3908784e10	0.0005733207	0.042896392
73.790423	6.4278575e-19	0.0022344071	0.0010882663	0.0027497793	0.20272662	0.56914831	123.83666	2.3956172e10	0.00057593577	0.042994106
73.62071	6.4564134e-19	0.0022352347	0.001093259	0.0027628616	0.20322181	0.56905394	124.02672	2.4003656e10	0.0005785627	0.043092041
73.451387	6.4850987e-19	0.0022360618	0.0010982746	0.0027760128	0.20371868	0.5689596	124.21654	2.4051238e10	0.00058120154	0.043190196
73.282453	6.5139138e-19	0.0022368885	0.0011033131	0.0027892332	0.20421725	0.5688653	124.40614	2.4098916e10	0.00058385235	0.043288572
73.113908	6.5428595e-19	0.0022377147	0.0011083747	0.0028025231	0.20471752	0.56877103	124.59549	2.4146692e10	0.00058651518	0.04338717
72.945751	6.5719361e-19	0.0022385405	0.0011134595	0.0028158831	0.2052195	0.5686768	124.78461	2.4194565e10	0.00058919009	0.043485991
72.77798	6.6011444e-19	0.0022393659	0.0011185675	0.0028293135	0.20572319	0.5685826	124.97349	2.4242536e10	0.00059187712	0.043585034
72.610596	6.6304849e-19	0.002240191	0.0011236989	0.0028428147	0.20622861	0.56848844	125.16211	2.4290604e10	0.00059457633	0.0436843
72.443596	6.6599582e-19	0.0022410156	0.0011288537	0.0028563871	0.20673576	0.56839431	125.35049	2.433877e10	0.00059728778	0.04378379
72.27698	6.6895648e-19	0.0022418398	0.0011340322	0.0028700312	0.20724465	0.56830021	125.53862	2.4387034e10	0.00060001153	0.043883504
72.110748	6.7193055e-19	0.0022426636	0.0011392343	0.0028837473	0.20775528	0.56820614	125.72649	2.4435397e10	0.00060274762	0.043983442
71.944898	6.7491807e-19	0.0022434871	0.0011444602	0.0028975359	0.20826766	0.5681121	125.9141	2.4483858e10	0.00060549611	0.044083606
71.779429	6.7791911e-19	0.0022443102	0.00114971	0.0029113974	0.2087818	0.5680181	126.10145	2.4532417e10	0.00060825707	0.044183995
71.614341	6.8093373e-19	0.002245133	0.0011549839	0.0029253323	0.20929771	0.56792413	126.28853	2.4581075e10	0.00061103054	0.04428461
71.449633	6.8396199e-19	0.0022459554	0.0011602819	0.0029393409	0.20981539	0.56783018	126.47534	2.4629832e10	0.00061381658	0.044385452
71.285303	6.8700394e-19	0.0022467775	0.0011656041	0.0029534237	0.21033486	0.56773627	126.66187	2.4678688e10	0.00061661524	0.044486521
71.121351	6.9005965e-19	0.0022475992	0.0011709506	0.0029675811	0.21085611	0.56764239	126.84814	2.4727643e10	0.00061942659	0.044587818
70.957777	6.9312919e-19	0.0022484207	0.0011763216	0.0029818135	0.21137917	0.56754854	127.03412	2.4776698e10	0.00062225069	0.044689343
70.794578	6.962126e-19	0.0022492418	0.0011817172	0.0029961215	0.21190402	0.56745471	127.21982	2.4825852e10	0.00062508758	0.044791096
70.631755	6.9930996e-19	0.0022500626	0.0011871375	0.0030105054	0.21243069	0.56736091	127.40523	2.4875106e10	0.00062793732	0.044893079
70.469307	7.0242132e-19	0.0022508831	0.0011925825	0.0030249656	0.21295918	0.56726715	127.59035	2.492446e10	0.00063079998	0.044995291
70.307232	7.0554675e-19	0.0022517034	0.0011980525	0.0030395027	0.2134895	0.56717341	127.77518	2.4973915e10	0.00063367561	0.045097733
70.14553	7.0868631e-19	0.0022525233	0.0012035474	0.0030541171	0.21402166	0.56707969	127.95971	2.5023469e10	0.00063656427	0.045200406
69.9842	7.1184006e-19	0.002253343	0.0012090675	0.0030688091	0.21455565	0.56698601	128.14394	2.5073124e10	0.00063946602	0.04530331
69.82324	7.1500806e-19	0.0022541625	0.0012146129	0.0030835794	0.2150915	0.56689234	128.32787	2.512288e10	0.00064238091	0.045406445
69.662651	7.1819039e-19	0.0022549817	0.0012201836	0.0030984283	0.21562921	0.56679871	128.51149	2.5172736e10	0.00064530901	0.045509813
69.502432	7.2138709e-19	0.0022558006	0.0012257798	0.0031133563	0.21616879	0.5667051	128.6948	2.5222693e10	0.00064825038	0.045613413
69.342581	7.2459824e-19	0.0022566193	0.0012314016	0.0031283639	0.21671024	0.56661151	128.87779	2.5272752e10	0.00065120507	0.045717247
69.183097	7.278239e-19	0.0022574378	0.0012370491	0.0031434516	0.21725357	0.56651795	129.06047	2.5322912e10	0.00065417314	0.045821314
69.02398	7.3106413e-19	0.0022582561	0.0012427224	0.0031586197	0.2177988	0.56642442	129.24282	2.5373173e10	0.00065715466	0.045925615
68.86523	7.3431899e-19	0.0022590742	0.0012484216	0.0031738688	0.21834592	0.5663309	129.42485	2.5423537e10	0.00066014968	0.046030152
68.706844	7.3758856e-19	0.0022598921	0.001254147	0.0031891994	0.21889496	0.56623741	129.60655	2.5474002e10	0.00066315827	0.046134923
68.548823	7.408729e-19	0.0022607097	0.0012598985	0.0032046119	0.21944591	0.56614395	129.78792	2.5524569e10	0.00066618048	0.04623993
68.391165	7.4417206e-19	0.0022615273	0.0012656763	0.0032201068	0.21999878	0.5660505	129.96895	2.5575238e10	0.00066921638	0.046345173
68.233869	7.4748613e-19	0.0022623446	0.0012714805	0.0032356846	0.22055359	0.56595708	130.14965	2.562601e10	0.00067226603	0.046450653
68.076936	7.5081516e-19	0.0022631618	0.0012773113	0.0032513459	0.22111033	0.56586368	130.33	2.5676884e10	0.00067532949	0.04655637
67.920363	7.5415921e-19	0.0022639788	0.0012831687	0.003267091	0.22166903	0.5657703	130.51001	2.5727861e10	0.00067840682	0.046662325
67.764151	7.5751837e-19	0.0022647957	0.0012890529	0.0032829205	0.22222968	0.56567694	130.68966	2.5778941e10	0.00068149809	0.046768519
67.608298	7.6089268e-19	0.0022656125	0.0012949641	0.0032988349	0.2227923	0.5655836	130.86896	2.5830124e10	0.00068460335	0.046874951
67.452803	7.6428223e-19	0.0022664291	0.0013009022	0.0033148347	0.2233569	0.56549028	131.04791	2.5881411e10	0.00068772267	0.046981623
67.297666	7.6768707e-19	0.0022672457	0.0013068675	0.0033309204	0.22392348	0.56539698	131.22649	2.5932801e10	0.00069085612	0.047088534
67.142885	7.7110727e-19	0.0022680621	0.0013128601	0.0033470924	0.22449205	0.56530369	131.40471	2.5984294e10	0.00069400375	0.047195686
66.988461	7.7454291e-19	0.0022688784	0.0013188801	0.0033633514	0.22506262	0.56521043	131.58256	2.6035892e10	0.00069716563	0.047303079
66.834392	7.7799404e-19	0.0022696946	0.0013249276	0.0033796979	0.2256352	0.56511718	131.76004	2.6087593e10	0.00070034182	0.047410713
66.680677	7.8146074e-19	0.0022705108	0.0013310027	0.0033961322	0.2262098	0.56502395	131.93714	2.6139399e10	0.00070353239	0.04751859
66.527316	7.8494308e-19	0.0022713269	0.0013371056	0.0034126551	0.22678642	0.56493074	132.11386	2.6191309e10	0.0007067374	0.047626708
66.374307	7.8844113e-19	0.0022721429	0.0013432364	0.0034292669	0.22736508	0.56483754	132.2902	2.6243323e10	0.00070995692	0.04773507
66.22165	7.9195494e-19	0.0022729589	0.0013493953	0.0034459683	0.22794579	0.56474437	132.46616	2.6295442e10	0.00071319101	0.047843676
66.069345	7.954846e-19	0.0022737748	0.0013555823	0.0034627597	0.22852854	0.5646512	132.64172	2.6347666e10	0.00071643973	0.047952525
65.91739	7.9903017e-19	0.0022745908	0.0013617976	0.0034796417	0.22911336	0.56455805	132.81689	2.6399995e10	0.00071970316	0.04806162
65.765784	8.0259173e-19	0.0022754067	0.0013680413	0.0034966149	0.22970025	0.56446492	132.99166	2.645243e10	0.00072298136	0.048170959
65.614527	8.0616934e-19	0.0022762225	0.0013743135	0.0035136797	0.23028923	0.5643718	133.16604	2.650497e10	0.00072627439	0.048280544
65.463617	8.0976307e-19	0.0022770384	0.0013806145	0.0035308368	0.23088029	0.56427869	133.34	2.6557615e10	0.00072958232	0.048390376
65.313055	8.13373e-19	0.0022778543	0.0013869442	0.0035480866	0.23147345	0.5641856	133.51356	2.6610366e10	0.00073290521	0.048500454
65.162839	8.1699919e-19	0.0022786702	0.0013933028	0.0035654298	0.23206872	0.56409252	133.6867	2.6663224e10	0.00073624315	0.04861078
65.012969	8.2064171e-19	0.0022794861	0.0013996906	0.0035828668	0.2326661	0.56399946	133.85943	2.6716187e10	0.00073959618	0.048721353
64.863443	8.2430065e-19	0.0022803021	0.0014061075	0.0036003984	0.23326561	0.5639064	134.03173	2.6769257e10	0.00074296438	0.048832175
64.714262	8.2797607e-19	0.0022811181	0.0014125537	0.0036180249	0.23386726	0.56381336	134.20362	2.6822433e10	0.00074634782	0.048943246
64.565423	8.3166804e-19	0.0022819342	0.0014190295	0.003635747	0.23447105	0.56372032	134.37507	2.6875716e10	0.00074974657	0.049054566
64.416927	8.3537663e-19	0.0022827503	0.0014255348	0.0036535652	0.235077	0.5636273	134.54609	2.6929105e10	0.00075316069	0.049166137
64.268772	8.3910193e-19	0.0022835665	0.0014320698	0.0036714802	0.23568511	0.56353429	134.71668	2.6982602e10	0.00075659025	0.049277958
64.120958	8.4284399e-19	0.0022843828	0.0014386347	0.0036894925	0.2362954	0.56344129	134.88683	2.7036206e10	0.00076003533	0.04939003
63.973484	8.466029e-19	0.0022851992	0.0014452297	0.0037076028	0.23690787	0.5633483	135.05653	2.7089918e10	0.00076349598	0.049502354
63.826349	8.5037872e-19	0.0022860157	0.0014518547	0.0037258114	0.23752253	0.56325532	135.22579	2.7143737e10	0.00076697229	0.04961493
63.679552	8.5417154e-19	0.0022868323	0.0014585101	0.0037441192	0.23813939	0.56316234	135.3946	2.7197664e10	0.00077046432	0.049727759
63.533093	8.5798143e-19	0.002287649	0.0014651958	0.0037625267	0.23875847	0.56306938	135.56295	2.7251698e10	0.00077397213	0.049840842
63.386971	8.6180846e-19	0.0022884659	0.0014719121	0.0037810344	0.23937977	0.56297642	135.73084	2.7305841e10	0.00077749581	0.049954178
63.241185	8.656527e-19	0.0022892828	0.0014786591	0.003799643	0.2400033	0.56288347	135.89828	2.7360092e10	0.00078103543	0.050067769
63.095734	8.6951423e-19	0.0022901	0.001485437	0.003818353	0.24062907	0.56279052	136.06524	2.7414452e10	0.00078459105	0.050181614
62.950618	8.7339313e-19	0.0022909173	0.0014922458	0.0038371652	0.2412571	0.56269758	136.23174	2.746892e10	0.00078816274	0.050295716
62.805836	8.7728948e-19	0.0022917348	0.0014990857	0.0038560801	0.24188738	0.56260465	136.39776	2.7523498e10	0.00079175058	0.050410073
62.661386	8.8120334e-19	0.0022925525	0.0015059569	0.0038750983	0.24251994	0.56251172	136.5633	2.7578184e10	0.00079535464	0.050524687
62.517269	8.851348e-19	0.0022933703	0.0015128595	0.0038942205	0.24315479	0.5624188	136.72836	2.7632979e10	0.00079897499	0.050639558
62.373484	8.8908392e-19	0.0022941884	0.0015197936	0.0039134472	0.24379192	0.56232588	136.89294	2.7687884e10	0.00080261171	0.050754688
62.230029	8.930508e-19	0.0022950067	0.0015267594	0.0039327792	0.24443136	0.56223296	137.05702	2.7742898e10	0.00080626487	0.050870075
62.086903	8.9703551e-19	0.0022958252	0.001533757	0.003952217	0.24507311	0.56214005	137.22061	2.7798023e10	0.00080993454	0.050985722
61.944108	9.0103812e-19	0.0022966439	0.0015407867	0.0039717613	0.24571718	0.56204714	137.38371	2.7853257e10	0.00081362079	0.051101628
61.80164	9.0505871e-19	0.0022974628	0.0015478484	0.0039914128	0.24636358	0.56195424	137.5463	2.7908601e10	0.00081732371	0.051217794
61.6595	9.0909736e-19	0.0022982821	0.0015549424	0.004011172	0.24701233	0.56186133	137.70839	2.7964055e10	0.00082104336	0.05133422
61.517687	9.1315415e-19	0.0022991016	0.0015620688	0.0040310397	0.24766344	0.56176843	137.86997	2.801962e10	0.00082477981	0.051450908
61.376201	9.1722916e-19	0.0022999213	0.0015692278	0.0040510165	0.24831691	0.56167553	138.03103	2.8075296e10	0.00082853316	0.051567858
61.235039	9.2132246e-19	0.0023007413	0.0015764194	0.0040711031	0.24897276	0.56158263	138.19158	2.8131083e10	0.00083230346	0.05168507
61.094202	9.2543414e-19	0.0023015617	0.001583644	0.0040913	0.24963099	0.56148973	138.35161	2.818698e10	0.0008360908	0.051802545
60.95369	9.2956428e-19	0.0023023823	0.0015909015	0.0041116081	0.25029162	0.56139683	138.51111	2.8242989e10	0.00083989524	0.051920283
60.8135	9.3371296e-19	0.0023032033	0.0015981922	0.004132028	0.25095465	0.56130393	138.67008	2.8299109e10	0.00084371688	0.052038285
60.673633	9.3788025e-19	0.0023040245	0.0016055162	0.0041525603	0.25162011	0.56121103	138.82852	2.8355341e10	0.00084755578	0.052156552
60.534087	9.4206624e-19	0.0023048461	0.0016128737	0.0041732057	0.252288	0.56111813	138.98642	2.8411685e10	0.00085141202	0.052275085
60.394863	9.4627101e-19	0.0023056681	0.0016202647	0.004193965	0.25295832	0.56102522	139.14378	2.846814e10	0.00085528569	0.052393883
60.255959	9.5049464e-19	0.0023064904	0.0016276896	0.0042148388	0.2536311	0.56093231	139.3006	2.8524708e10	0.00085917685	0.052512947
60.117374	9.5473722e-19	0.0023073131	0.0016351483	0.0042358279	0.25430634	0.5608394	139.45687	2.8581388e10	0.00086308558	0.052632279
59.979108	9.5899881e-19	0.0023081361	0.0016426412	0.0042569328	0.25498405	0.56074649	139.61258	2.863818e10	0.00086701197	0.052751877
59.84116	9.6327952e-19	0.0023089596	0.0016501682	0.0042781544	0.25566425	0.56065357	139.76774	2.8695085e10	0.00087095609	0.052871744
59.703529	9.6757942e-19	0.0023097834	0.0016577297	0.0042994934	0.25634695	0.56056065	139.92234	2.8752103e10	0.00087491802	0.05299188
59.566214	9.7189859e-19	0.0023106076	0.0016653256	0.0043209504	0.25703215	0.56046772	140.07637	2.8809234e10	0.00087889785	0.053112285
59.429216	9.7623711e-19	0.0023114323	0.0016729563	0.0043425262	0.25771988	0.56037479	140.22983	2.8866478e10	0.00088289564	0.05323296
59.292532	9.8059508e-19	0.0023122573	0.0016806218	0.0043642215	0.25841013	0.56028185	140.38272	2.8923836e10	0.00088691149	0.053353905
59.156163	9.8497256e-19	0.0023130829	0.0016883224	0.0043860371	0.25910292	0.5601889	140.53503	2.8981307e10	0.00089094546	0.053475121
59.020108	9.8936966e-19	0.0023139088	0.0016960581	0.0044079736	0.25979827	0.56009595	140.68677	2.9038892e10	0.00089499765	0.053596609
58.884366	9.9378646e-19	0.0023147353	0.0017038291	0.0044300319	0.26049618	0.56000299	140.83791	2.9096591e10	0.00089906814	0.053718369
58.748935	9.9822303e-19	0.0023155622	0.0017116356	0.0044522127	0.26119667	0.55991003	140.98847	2.9154404e10	0.000903157	0.053840402
58.613816	1.0026795e-18	0.0023163895	0.0017194778	0.0044745167	0.26189975	0.55981705	141.13843	2.9212331e10	0.00090726432	0.053962709
58.479008	1.0071558e-18	0.0023172174	0.0017273558	0.0044969446	0.26260543	0.55972407	141.2878	2.9270373e10	0.00091139017	0.054085289
58.34451	1.0116523e-18	0.0023180458	0.0017352698	0.0045194974	0.26331372	0.55963108	141.43656	2.932853e10	0.00091553465	0.054208144
58.210322	1.0161688e-18	0.0023188747	0.0017432199	0.0045421756	0.26402463	0.55953808	141.58473	2.9386801e10	0.00091969784	0.054331274
58.076442	1.0207056e-18	0.0023197041	0.0017512064	0.0045649801	0.26473818	0.55944507	141.73228	2.9445188e10	0.00092387982	0.05445468
57.94287	1.0252626e-18	0.002320534	0.0017592293	0.0045879117	0.26545438	0.55935205	141.87921	2.950369e10	0.00092808066	0.054578362
57.809605	1.02984e-18	0.0023213645	0.0017672888	0.0046109712	0.26617324	0.55925901	142.02553	2.9562307e10	0.00093230047	0.054702321
57.676646	1.034438e-18	0.0023221956	0.0017753851	0.0046341593	0.26689477	0.55916597	142.17123	2.9621039e10	0.00093653932	0.054826558
57.543994	1.0390564e-18	0.0023230272	0.0017835184	0.0046574768	0.26761899	0.55907291	142.31631	2.9679888e10	0.00094079729	0.054951073
57.411646	1.0436955e-18	0.0023238594	0.0017916889	0.0046809245	0.2683459	0.55897984	142.46075	2.9738853e10	0.00094507447	0.055075867
57.279603	1.0483554e-18	0.0023246922	0.0017998967	0.0047045033	0.26907552	0.55888676	142.60456	2.9797933e10	0.00094937096	0.05520094
57.147864	1.0530361e-18	0.0023255256	0.0018081419	0.004728214	0.26980787	0.55879367	142.74773	2.985713e10	0.00095368682	0.055326293
57.016427	1.0577376e-18	0.0023263596	0.0018164248	0.0047520572	0.27054294	0.55870056	142.89026	2.9916444e10	0.00095802216	0.055451927
56.885293	1.0624602e-18	0.0023271942	0.0018247455	0.004776034	0.27128077	0.55860744	143.03215	2.9975874e10	0.00096237705	0.055577842
56.754461	1.0672039e-18	0.0023280294	0.0018331042	0.0048001451	0.27202135	0.5585143	143.17338	3.0035422e10	0.00096675159	0.055704038
56.623929	1.0719688e-18	0.0023288653	0.0018415011	0.0048243914	0.27276471	0.55842115	143.31397	3.0095086e10	0.00097114585	0.055830518
56.493697	1.076755e-18	0.0023297019	0.0018499363	0.0048487736	0.27351085	0.55832798	143.45389	3.0154867e10	0.00097555994	0.05595728
56.363766	1.0815625e-18	0.0023305391	0.00185841	0.0048732926	0.27425979	0.5582348	143.59315	3.0214766e10	0.00097999393	0.056084326
56.234133	1.0863915e-18	0.002331377	0.0018669224	0.0048979493	0.27501153	0.5581416	143.73175	3.0274783e10	0.00098444792	0.056211656
56.104798	1.091242e-18	0.0023322156	0.0018754736	0.0049227446	0.27576611	0.55804838	143.86967	3.0334918e10	0.000988922	0.056339271
55.97576	1.0961142e-18	0.0023330549	0.0018840639	0.0049476792	0.27652352	0.55795515	144.00692	3.039517e10	0.00099341625	0.056467172
55.847019	1.1010081e-18	0.0023338949	0.0018926934	0.0049727541	0.27728378	0.55786189	144.1435	3.0455541e10	0.00099793076	0.056595358
55.718575	1.1059239e-18	0.0023347356	0.0019013624	0.0049979701	0.2780469	0.55776862	144.27939	3.051603e10	0.0010024656	0.056723832
55.590426	1.1108616e-18	0.002335577	0.0019100708	0.0050233282	0.2788129	0.55767533	144.41459	3.0576637e10	0.0010070209	0.056852593
55.462571	1.1158213e-18	0.0023364192	0.0019188191	0.0050488291	0.27958178	0.55758202	144.54911	3.0637364e10	0.0010115968	0.056981641
55.335011	1.1208031e-18	0.0023372622	0.0019276073	0.0050744738	0.28035357	0.55748869	144.68292	3.0698209e10	0.0010161933	0.057110979
55.207744	1.1258071e-18	0.0023381059	0.0019364355	0.0051002632	0.28112828	0.55739534	144.81605	3.0759173e10	0.0010208105	0.057240605
55.08077	1.1308334e-18	0.0023389504	0.0019453041	0.0051261982	0.28190592	0.55730197	144.94847	3.0820257e10	0.0010254485	0.057370522
54.954087	1.1358821e-18	0.0023397957	0.0019542132	0.0051522797	0.2826865	0.55720858	145.08018	3.088146e10	0.0010301074	0.057500729
54.827696	1.1409533e-18	0.0023406418	0.0019631629	0.0051785086	0.28347004	0.55711516	145.21118	3.0942783e10	0.0010347873	0.057631227
54.701596	1.1460471e-18	0.0023414888	0.0019721535	0.0052048858	0.28425654	0.55702173	145.34147	3.1004226e10	0.0010394883	0.057762017
54.575786	1.1511636e-18	0.0023423365	0.0019811851	0.0052314123	0.28504604	0.55692827	145.47104	3.1065789e10	0.0010442105	0.057893099
54.450265	1.1563028e-18	0.0023431851	0.001990258	0.0052580889	0.28583853	0.55683478	145.59988	3.1127472e10	0.001048954	0.058024474
54.325033	1.161465e-18	0.0023440345	0.0019993722	0.0052849168	0.28663403	0.55674128	145.728	3.1189275e10	0.0010537188	0.058156143
54.200089	1.1666501e-18	0.0023448848	0.0020085281	0.0053118966	0.28743256	0.55664774	145.85539	3.1251199e10	0.0010585051	0.058288106
54.075432	1.1718583e-18	0.002345736	0.0020177257	0.0053390296	0.28823414	0.55655419	145.98204	3.1313244e10	0.001063313	0.058420364
53.951062	1.1770896e-18	0.002346588	0.0020269654	0.0053663165	0.28903876	0.55646061	146.10796	3.137541e10	0.0010681425	0.058552918
53.826978	1.1823442e-18	0.002347441	0.0020362471	0.0053937584	0.28984646	0.556367	146.23313	3.1437696e10	0.0010729938	0.058685767
53.70318	1.1876222e-18	0.0023482948	0.0020455713	0.0054213562	0.29065724	0.55627337	146.35755	3.1500105e10	0.001077867	0.058818914
53.579666	1.1929237e-18	0.0023491496	0.002054938	0.0054491109	0.29147112	0.5561797	146.48123	3.1562634e10	0.0010827621	0.058952358
53.456436	1.1982487e-18	0.0023500053	0.0020643474	0.0054770236	0.29228811	0.55608602	146.60415	3.1625286e10	0.0010876792	0.0590861
53.33349	1.2035974e-18	0.002350862	0.0020737998	0.0055050951	0.29310823	0.5559923	146.72631	3.1688059e10	0.0010926185	0.059220141
53.210826	1.2089699e-18	0.0023517196	0.0020832953	0.0055333266	0.29393149	0.55589856	146.84771	3.1750954e10	0.00109758	0.059354481
53.088444	1.2143662e-18	0.0023525781	0.0020928342	0.0055617189	0.2947579	0.55580479	146.96834	3.1813972e10	0.0011025639	0.059489122
52.966344	1.2197865e-18	0.0023534377	0.0021024165	0.0055902732	0.29558749	0.55571098	147.0882	3.1877112e10	0.0011075702	0.059624063
52.844525	1.2252309e-18	0.0023542983	0.0021120426	0.0056189904	0.29642027	0.55561715	147.20728	3.1940375e10	0.0011125991	0.059759305
52.722986	1.2306995e-18	0.0023551598	0.0021217126	0.0056478716	0.29725624	0.55552329	147.32559	3.200376e10	0.0011176506	0.059894849
52.601727	1.2361923e-18	0.0023560224	0.0021314268	0.0056769177	0.29809543	0.5554294	147.44311	3.2067269e10	0.0011227248	0.060030696
52.480746	1.2417095e-18	0.002356886	0.0021411852	0.00570613	0.29893786	0.55533548	147.55985	3.21309e10	0.0011278219	0.060166847
52.360044	1.2472512e-18	0.0023577506	0.0021509882	0.0057355093	0.29978353	0.55524152	147.67579	3.2194655e10	0.001132942	0.060303301
52.239619	1.2528175e-18	0.0023586163	0.0021608359	0.0057650568	0.30063246	0.55514753	147.79095	3.2258534e10	0.001138085	0.06044006
52.119471	1.2584085e-18	0.002359483	0.0021707286	0.0057947735	0.30148467	0.55505351	147.9053	3.2322536e10	0.0011432513	0.060577124
51.9996	1.2640243e-18	0.0023603509	0.0021806664	0.0058246604	0.30234017	0.55495946	148.01885	3.2386662e10	0.0011484408	0.060714494
51.880004	1.2696649e-18	0.0023612198	0.0021906495	0.0058547188	0.30319898	0.55486537	148.13159	3.2450913e10	0.0011536536	0.06085217
51.760683	1.2753306e-18	0.0023620898	0.0022006781	0.0058849496	0.30406111	0.55477125	148.24352	3.2515287e10	0.0011588899	0.060990154
51.641637	1.2810214e-18	0.0023629609	0.0022107525	0.0059153539	0.30492659	0.55467709	148.35464	3.2579787e10	0.0011641498	0.061128446
51.522864	1.2867374e-18	0.0023638332	0.0022208729	0.0059459329	0.30579542	0.5545829	148.46494	3.264441e10	0.0011694333	0.061267046
51.404365	1.2924787e-18	0.0023647066	0.0022310395	0.0059766877	0.30666762	0.55448868	148.57442	3.2709159e10	0.0011747406	0.061405956
51.286138	1.2982454e-18	0.0023655811	0.0022412524	0.0060076193	0.30754321	0.55439441	148.68307	3.2774032e10	0.0011800718	0.061545175
51.168184	1.3040377e-18	0.0023664568	0.0022515119	0.006038729	0.3084222	0.55430011	148.7909	3.2839031e10	0.001185427	0.061684705
51.0505	1.3098556e-18	0.0023673337	0.0022618182	0.0060700177	0.30930461	0.55420578	148.89788	3.2904155e10	0.0011908062	0.061824546
50.933087	1.3156993e-18	0.0023682118	0.0022721715	0.0061014868	0.31019045	0.5541114	149.00404	3.2969405e10	0.0011962097	0.061964699
50.815944	1.3215688e-18	0.0023690911	0.002282572	0.0061331373	0.31107975	0.55401699	149.10934	3.3034781e10	0.0012016374	0.062105165
50.699071	1.3274644e-18	0.0023699716	0.00229302	0.0061649703	0.31197252	0.55392254	149.21381	3.3100282e10	0.0012070896	0.062245943
50.582466	1.3333859e-18	0.0023708533	0.0023035157	0.0061969871	0.31286877	0.55382805	149.31742	3.316591e10	0.0012125663	0.062387036
50.46613	1.3393337e-18	0.0023717362	0.0023140592	0.0062291888	0.31376852	0.55373352	149.42018	3.3231664e10	0.0012180677	0.062528443
50.350061	1.3453078e-18	0.0023726204	0.0023246508	0.0062615765	0.31467179	0.55363894	149.52209	3.3297544e10	0.0012235937	0.062670166
50.234259	1.3513082e-18	0.0023735059	0.0023352907	0.0062941516	0.3155786	0.55354433	149.62313	3.3363551e10	0.0012291447	0.062812204
50.118723	1.3573352e-18	0.0023743927	0.0023459791	0.0063269152	0.31648895	0.55344968	149.72331	3.3429685e10	0.0012347205	0.06295456
50.003453	1.3633888e-18	0.0023752807	0.0023567163	0.0063598684	0.31740288	0.55335498	149.82262	3.3495947e10	0.0012403215	0.063097232
49.888449	1.3694692e-18	0.00237617	0.0023675025	0.0063930125	0.31832039	0.55326025	149.92106	3.3562335e10	0.0012459476	0.063240222
49.773708	1.3755764e-18	0.0023770607	0.0023783378	0.0064263487	0.3192415	0.55316547	150.01862	3.3628851e10	0.001251599	0.063383531
49.659232	1.3817106e-18	0.0023779527	0.0023892226	0.0064598783	0.32016623	0.55307064	150.1153	3.3695494e10	0.0012572759	0.06352716
49.545019	1.3878718e-18	0.002378846	0.002400157	0.0064936025	0.3210946	0.55297578	150.2111	3.3762265e10	0.0012629782	0.063671108
49.431069	1.3940602e-18	0.0023797407	0.0024111412	0.0065275225	0.32202663	0.55288087	150.30602	3.3829164e10	0.0012687062	0.063815377
49.31738	1.400276e-18	0.0023806368	0.0024221756	0.0065616396	0.32296232	0.55278591	150.40004	3.3896191e10	0.0012744599	0.063959968
49.203954	1.4065191e-18	0.0023815342	0.0024332602	0.006595955	0.32390171	0.55269091	150.49316	3.3963347e10	0.0012802395	0.06410488
49.090788	1.4127898e-18	0.002382433	0.0024443954	0.0066304701	0.3248448	0.55259586	150.58539	3.4030631e10	0.001286045	0.064250116
48.977882	1.4190882e-18	0.0023833333	0.0024555814	0.0066651861	0.32579162	0.55250077	150.67672	3.4098044e10	0.0012918767	0.064395675
48.865236	1.4254143e-18	0.0023842349	0.0024668184	0.0067001043	0.32674218	0.55240563	150.76714	3.4165585e10	0.0012977345	0.064541558
48.752849	1.4317682e-18	0.002385138	0.0024781066	0.006735226	0.3276965	0.55231044	150.85665	3.4233256e10	0.0013036187	0.064687766
48.640721	1.4381502e-18	0.0023860425	0.0024894463	0.0067705525	0.3286546	0.5522152	150.94525	3.4301056e10	0.0013095293	0.064834299
48.52885	1.4445603e-18	0.0023869485	0.0025008378	0.0068060851	0.32961649	0.55211992	151.03293	3.4368986e10	0.0013154664	0.064981159
48.417237	1.4509986e-18	0.002387856	0.0025122811	0.0068418252	0.3305822	0.55202458	151.11969	3.4437045e10	0.0013214303	0.065128346
48.30588	1.4574652e-18	0.002388765	0.0025237766	0.0068777741	0.33155174	0.5519292	151.20553	3.4505234e10	0.0013274209	0.06527586
48.19478	1.4639604e-18	0.0023896754	0.0025353245	0.0069139331	0.33252514	0.55183377	151.29044	3.4573552e10	0.0013334384	0.065423703
48.083935	1.470484e-18	0.0023905874	0.0025469251	0.0069503036	0.3335024	0.55173828	151.37442	3.4642001e10	0.0013394829	0.065571874
47.973345	1.4770364e-18	0.0023915009	0.0025585786	0.006986887	0.33448355	0.55164275	151.45746	3.4710581e10	0.0013455546	0.065720376
47.863009	1.4836176e-18	0.002392416	0.0025702851	0.0070236846	0.33546862	0.55154716	151.53957	3.4779291e10	0.0013516536	0.065869208
47.752927	1.4902278e-18	0.0023933326	0.0025820451	0.0070606978	0.3364576	0.55145152	151.62073	3.4848131e10	0.0013577799	0.066018371
47.643099	1.496867e-18	0.0023942507	0.0025938587	0.0070979281	0.33745053	0.55135583	151.70095	3.4917103e10	0.0013639338	0.066167866
47.533523	1.5035354e-18	0.0023951705	0.0026057261	0.0071353767	0.33844743	0.55126009	151.78022	3.4986205e10	0.0013701153	0.066317694
47.424199	1.510233e-18	0.0023960918	0.0026176476	0.0071730452	0.33944831	0.55116429	151.85854	3.5055439e10	0.0013763245	0.066467855
47.315126	1.5169601e-18	0.0023970148	0.0026296235	0.007210935	0.34045319	0.55106844	151.9359	3.5124805e10	0.0013825616	0.06661835
47.206304	1.5237168e-18	0.0023979394	0.0026416539	0.0072490474	0.34146209	0.55097253	152.0123	3.5194302e10	0.0013888267	0.066769179
47.097733	1.5305031e-18	0.0023988656	0.0026537392	0.007287384	0.34247503	0.55087657	152.08774	3.526393e10	0.0013951199	0.066920345
46.989411	1.5373192e-18	0.0023997935	0.0026658796	0.0073259462	0.34349203	0.55078055	152.16222	3.5333691e10	0.0014014414	0.067071846
46.881338	1.5441652e-18	0.002400723	0.0026780753	0.0073647354	0.34451312	0.55068447	152.23572	3.5403584e10	0.0014077912	0.067223684
46.773514	1.5510412e-18	0.0024016542	0.0026903266	0.0074037531	0.3455383	0.55058834	152.30826	3.5473609e10	0.0014141696	0.06737586
46.665938	1.5579474e-18	0.0024025871	0.0027026337	0.0074430008	0.3465676	0.55049215	152.37981	3.5543767e10	0.0014205765	0.067528374
46.558609	1.5648838e-18	0.0024035217	0.0027149969	0.0074824801	0.34760105	0.55039591	152.45039	3.5614058e10	0.0014270122	0.067681227
46.451528	1.5718507e-18	0.0024044581	0.0027274165	0.0075221923	0.34863865	0.5502996	152.51998	3.5684481e10	0.0014334768	0.06783442
46.344692	1.5788481e-18	0.0024053961	0.0027398927	0.0075621391	0.34968043	0.55020324	152.58859	3.5755037e10	0.0014399704	0.067987954
46.238102	1.5858761e-18	0.002406336	0.0027524257	0.0076023219	0.35072641	0.55010681	152.6562	3.5825727e10	0.0014464931	0.068141828
46.131757	1.5929349e-18	0.0024072775	0.0027650159	0.0076427423	0.35177661	0.55001033	152.72283	3.589655e10	0.0014530451	0.068296045
46.025657	1.6000247e-18	0.0024082209	0.0027776634	0.0076834019	0.35283105	0.54991378	152.78846	3.5967507e10	0.0014596264	0.068450604
45.919801	1.6071454e-18	0.0024091661	0.0027903686	0.0077243021	0.35388975	0.54981718	152.85309	3.6038598e10	0.0014662373	0.068605507
45.814189	1.6142974e-18	0.002410113	0.0028031316	0.0077654446	0.35495274	0.54972051	152.91671	3.6109822e10	0.0014728779	0.068760754
45.708819	1.6214806e-18	0.0024110618	0.0028159529	0.0078068309	0.35602002	0.54962378	152.97933	3.6181181e10	0.0014795482	0.068916346
45.603692	1.6286952e-18	0.0024120124	0.0028288325	0.0078484627	0.35709163	0.54952699	153.04095	3.6252674e10	0.0014862484	0.069072283
45.498806	1.6359414e-18	0.0024129649	0.0028417709	0.0078903415	0.35816759	0.54943013	153.10155	3.6324302e10	0.0014929787	0.069228567
45.394162	1.6432192e-18	0.0024139192	0.0028547682	0.007932469	0.35924791	0.54933321	153.16113	3.6396064e10	0.0014997391	0.069385198
45.289758	1.6505289e-18	0.0024148755	0.0028678247	0.0079748467	0.36033261	0.54923623	153.2197	3.6467961e10	0.0015065298	0.069542176
45.185594	1.6578705e-18	0.0024158336	0.0028809407	0.0080174764	0.36142173	0.54913918	153.27724	3.6539993e10	0.001513351	0.069699503
45.08167	1.6652442e-18	0.0024167936	0.0028941165	0.0080603596	0.36251527	0.54904206	153.33376	3.6612161e10	0.0015202028	0.06985718
44.977985	1.67265e-18	0.0024177555	0.0029073523	0.0081034981	0.36361327	0.54894488	153.38925	3.6684463e10	0.0015270853	0.070015206
44.874539	1.6800882e-18	0.0024187194	0.0029206484	0.0081468934	0.36471573	0.54884764	153.44371	3.6756902e10	0.0015339986	0.070173584
44.77133	1.6875588e-18	0.0024196852	0.002934005	0.0081905473	0.3658227	0.54875032	153.49714	3.6829476e10	0.0015409429	0.070332313
44.668359	1.6950621e-18	0.002420653	0.0029474226	0.0082344615	0.36693417	0.54865294	153.54953	3.6902186e10	0.0015479184	0.070491394
44.565625	1.702598e-18	0.0024216228	0.0029609012	0.0082786377	0.36805019	0.54855549	153.60089	3.6975033e10	0.0015549251	0.070650828
44.463127	1.7101668e-18	0.0024225946	0.0029744413	0.0083230776	0.36917077	0.54845797	153.65119	3.7048015e10	0.0015619631	0.070810616
44.360864	1.7177686e-18	0.0024235684	0.0029880431	0.0083677829	0.37029592	0.54836038	153.70046	3.7121134e10	0.0015690328	0.070970758
44.258837	1.7254035e-18	0.0024245442	0.0030017068	0.0084127554	0.37142569	0.54826272	153.74867	3.719439e10	0.001576134	0.071131256
44.157045	1.7330717e-18	0.0024255221	0.0030154327	0.0084579968	0.37256008	0.54816499	153.79584	3.7267782e10	0.0015832672	0.07129211
44.055486	1.7407733e-18	0.002426502	0.0030292212	0.0085035089	0.37369912	0.54806719	153.84195	3.7341312e10	0.0015904322	0.071453321
43.954162	1.7485084e-18	0.002427484	0.0030430725	0.0085492935	0.37484283	0.54796932	153.887	3.7414979e10	0.0015976294	0.071614889
43.85307	1.7562772e-18	0.0024284681	0.0030569869	0.0085953524	0.37599124	0.54787138	153.93099	3.7488783e10	0.0016048587	0.071776816
43.752211	1.7640797e-18	0.0024294542	0.0030709647	0.0086416873	0.37714437	0.54777336	153.97392	3.7562725e10	0.0016121205	0.071939101
43.651583	1.7719163e-18	0.0024304425	0.0030850061	0.0086883002	0.37830224	0.54767527	154.01579	3.7636804e10	0.0016194148	0.072101747
43.551187	1.7797868e-18	0.002431433	0.0030991115	0.0087351928	0.37946487	0.54757711	154.05658	3.7711021e10	0.0016267417	0.072264753
43.451022	1.7876916e-18	0.0024324256	0.0031132812	0.008782367	0.38063229	0.54747887	154.09631	3.7785376e10	0.0016341015	0.07242812
43.351088	1.7956308e-18	0.0024334203	0.0031275154	0.0088298246	0.38180452	0.54738056	154.13496	3.785987e10	0.0016414942	0.07259185
43.251383	1.8036044e-18	0.0024344172	0.0031418144	0.0088775675	0.38298158	0.54728217	154.17254	3.7934502e10	0.00164892	0.072755942
43.151908	1.8116127e-18	0.0024354164	0.0031561785	0.0089255976	0.38416351	0.54718371	154.20904	3.8009273e10	0.001656379	0.072920399
43.052661	1.8196557e-18	0.0024364177	0.0031706081	0.0089739167	0.38535032	0.54708517	154.24445	3.8084182e10	0.0016638714	0.073085219
42.953643	1.8277337e-18	0.0024374213	0.0031851033	0.0090225269	0.38654203	0.54698655	154.27878	3.815923e10	0.0016713974	0.073250405
42.854852	1.8358467e-18	0.0024384271	0.0031996646	0.00907143	0.38773867	0.54688785	154.31203	3.8234418e10	0.001678957	0.073415957
42.756289	1.8439949e-18	0.0024394352	0.0032142922	0.009120628	0.38894027	0.54678908	154.34419	3.8309744e10	0.0016865505	0.073581876
42.657952	1.8521784e-18	0.0024404455	0.0032289864	0.0091701227	0.39014684	0.54669023	154.37525	3.8385211e10	0.0016941779	0.073748162
42.559841	1.8603974e-18	0.0024414581	0.0032437475	0.0092199162	0.39135842	0.5465913	154.40522	3.8460816e10	0.0017018395	0.073914816
42.461956	1.868652e-18	0.0024424731	0.0032585759	0.0092700105	0.39257502	0.54649228	154.4341	3.8536562e10	0.0017095354	0.07408184
42.364297	1.8769424e-18	0.0024434903	0.0032734718	0.0093204076	0.39379668	0.54639319	154.46187	3.8612448e10	0.0017172657	0.074249233
42.266861	1.8852687e-18	0.0024445099	0.0032884354	0.0093711094	0.39502341	0.54629402	154.48855	3.8688473e10	0.0017250305	0.074416998
42.16965	1.893631e-18	0.0024455319	0.0033034673	0.0094221179	0.39625525	0.54619476	154.51412	3.876464e10	0.0017328301	0.074585133
42.072663	1.9020295e-18	0.0024465562	0.0033185676	0.0094734353	0.39749221	0.54609542	154.53858	3.8840946e10	0.0017406646	0.074753641
41.975898	1.9104643e-18	0.0024475829	0.0033337366	0.0095250635	0.39873432	0.545996	154.56194	3.8917393e10	0.0017485341	0.074922522
41.879357	1.9189357e-18	0.0024486121	0.0033489747	0.0095770047	0.39998161	0.5458965	154.58419	3.8993982e10	0.0017564388	0.075091777
41.783037	1.9274436e-18	0.0024496436	0.0033642822	0.0096292608	0.4012341	0.54579691	154.60532	3.9070711e10	0.0017643789	0.075261406
41.686938	1.9359883e-18	0.0024506776	0.0033796593	0.0096818341	0.40249182	0.54569724	154.62534	3.9147581e10	0.0017723545	0.075431411
41.591061	1.94457e-18	0.002451714	0.0033951065	0.0097347266	0.4037548	0.54559748	154.64424	3.9224593e10	0.0017803657	0.075601791
41.495404	1.9531887e-18	0.0024527529	0.003410624	0.0097879404	0.40502305	0.54549764	154.66202	3.9301746e10	0.0017884127	0.075772549
41.399967	1.9618446e-18	0.0024537942	0.0034262122	0.0098414777	0.40629661	0.54539771	154.67868	3.9379041e10	0.0017964958	0.075943685
41.30475	1.9705379e-18	0.0024548381	0.0034418713	0.0098953405	0.4075755	0.5452977	154.69422	3.9456478e10	0.0018046149	0.076115199
41.209752	1.9792687e-18	0.0024558845	0.0034576017	0.0099495312	0.40885975	0.54519759	154.70863	3.9534057e10	0.0018127703	0.076287093
41.114972	1.9880372e-18	0.0024569335	0.0034734037	0.010004052	0.41014938	0.5450974	154.72192	3.9611778e10	0.0018209622	0.076459366
41.02041	1.9968434e-18	0.0024579849	0.0034892777	0.010058905	0.41144442	0.54499712	154.73407	3.9689641e10	0.0018291907	0.076632021
40.926066	2.0056877e-18	0.002459039	0.0035052239	0.010114092	0.4127449	0.54489675	154.74509	3.9767647e10	0.001837456	0.076805057
40.831939	2.01457e-18	0.0024600956	0.0035212427	0.010169616	0.41405085	0.54479629	154.75498	3.9845796e10	0.0018457582	0.076978477
40.738028	2.0234906e-18	0.0024611549	0.0035373344	0.010225479	0.41536228	0.54469574	154.76373	3.9924087e10	0.0018540974	0.077152279
40.644333	2.0324496e-18	0.0024622167	0.0035534993	0.010281682	0.41667924	0.5445951	154.77135	4.0002522e10	0.001862474	0.077326466
40.550854	2.0414472e-18	0.0024632812	0.0035697379	0.01033823	0.41800173	0.54449437	154.77783	4.00811e10	0.0018708879	0.077501037
40.457589	2.0504835e-18	0.0024643484	0.0035860503	0.010395123	0.4193298	0.54439355	154.78316	4.0159821e10	0.0018793395	0.077675995
40.364539	2.0595587e-18	0.0024654182	0.003602437	0.010452364	0.42066347	0.54429263	154.78735	4.0238686e10	0.0018878288	0.077851339
40.271703	2.0686729e-18	0.0024664907	0.0036188983	0.010509955	0.42200277	0.54419162	154.7904	4.0317694e10	0.001896356	0.07802707
40.179081	2.0778262e-18	0.0024675659	0.0036354345	0.010567899	0.42334772	0.54409051	154.79231	4.0396847e10	0.0019049213	0.07820319
40.086672	2.0870189e-18	0.0024686438	0.0036520459	0.010626198	0.42469835	0.54398932	154.79306	4.0476143e10	0.0019135248	0.078379699
39.994475	2.0962511e-18	0.0024697245	0.003668733	0.010684855	0.4260547	0.54388802	154.79266	4.0555584e10	0.0019221667	0.078556598
39.90249	2.1055229e-18	0.0024708079	0.003685496	0.010743871	0.42741678	0.54378663	154.79112	4.0635169e10	0.0019308473	0.078733887
39.810717	2.1148346e-18	0.0024718941	0.0037023353	0.01080325	0.42878463	0.54368515	154.78842	4.0714899e10	0.0019395665	0.078911568
39.719155	2.1241862e-18	0.0024729831	0.0037192512	0.010862993	0.43015828	0.54358357	154.78456	4.0794773e10	0.0019483247	0.079089642
39.627803	2.1335779e-18	0.0024740749	0.0037362441	0.010923103	0.43153775	0.54348189	154.77955	4.0874792e10	0.001957122	0.079268108
39.536662	2.1430098e-18	0.0024751695	0.0037533143	0.010983583	0.43292308	0.54338011	154.77339	4.0954956e10	0.0019659586	0.079446969
39.44573	2.1524822e-18	0.002476267	0.0037704622	0.011044435	0.43431428	0.54327823	154.76606	4.1035266e10	0.0019748346	0.079626224
39.355008	2.1619952e-18	0.0024773674	0.0037876882	0.011105662	0.4357114	0.54317626	154.75757	4.1115721e10	0.0019837502	0.079805875
39.264494	2.1715489e-18	0.0024784706	0.0038049925	0.011167265	0.43711446	0.54307418	154.74792	4.1196321e10	0.0019927056	0.079985922
39.174188	2.1811435e-18	0.0024795767	0.0038223755	0.011229249	0.43852348	0.542972	154.73711	4.1277067e10	0.0020017009	0.080166367
39.08409	2.1907792e-18	0.0024806857	0.0038398377	0.011291614	0.43993851	0.54286973	154.72514	4.1357959e10	0.0020107364	0.08034721
38.994199	2.2004561e-18	0.0024817977	0.0038573793	0.011354364	0.44135956	0.54276735	154.712	4.1438997e10	0.0020198121	0.080528452
38.904514	2.2101744e-18	0.0024829126	0.0038750007	0.011417501	0.44278667	0.54266487	154.69769	4.1520181e10	0.0020289284	0.080710094
38.815037	2.2199342e-18	0.0024840305	0.0038927023	0.011481029	0.44421987	0.54256228	154.68221	4.1601511e10	0.0020380853	0.080892137
38.725764	2.2297358e-18	0.0024851514	0.0039104844	0.011544949	0.44565919	0.5424596	154.66557	4.1682988e10	0.0020472831	0.08107458
38.636698	2.2395792e-18	0.0024862753	0.0039283474	0.011609264	0.44710465	0.54235681	154.64775	4.1764612e10	0.0020565218	0.081257427
38.547836	2.2494646e-18	0.0024874022	0.0039462917	0.011673977	0.4485563	0.54225391	154.62877	4.1846382e10	0.0020658018	0.081440676
38.459178	2.2593923e-18	0.0024885321	0.0039643176	0.01173909	0.45001415	0.54215091	154.60861	4.1928299e10	0.0020751231	0.08162433
38.370725	2.2693623e-18	0.0024896652	0.0039824255	0.011804607	0.45147825	0.5420478	154.58728	4.2010364e10	0.002084486	0.081808388
38.282474	2.2793748e-18	0.0024908013	0.0040006158	0.011870529	0.45294861	0.54194459	154.56477	4.2092576e10	0.0020938906	0.081992852
38.194427	2.28943e-18	0.0024919405	0.0040188889	0.011936861	0.45442527	0.54184127	154.54109	4.2174935e10	0.0021033372	0.082177723
38.106582	2.2995281e-18	0.0024930828	0.004037245	0.012003604	0.45590827	0.54173784	154.51623	4.2257442e10	0.0021128259	0.082363001
38.01894	2.3096692e-18	0.0024942282	0.0040556847	0.012070761	0.45739763	0.5416343	154.49019	4.2340096e10	0.0021223568	0.082548688
37.931498	2.3198534e-18	0.0024953768	0.0040742083	0.012138335	0.45889339	0.54153065	154.46298	4.2422899e10	0.0021319302	0.082734783
37.844258	2.3300811e-18	0.0024965286	0.0040928161	0.012206329	0.46039558	0.5414269	154.43459	4.2505849e10	0.0021415463	0.082921289
37.757219	2.3403522e-18	0.0024976836	0.0041115085	0.012274745	0.46190422	0.54132303	154.40501	4.2588948e10	0.0021512052	0.083108205
37.67038	2.350667e-18	0.0024988418	0.004130286	0.012343587	0.46341935	0.54121906	154.37426	4.2672195e10	0.0021609072	0.083295533
37.58374	2.3610257e-18	0.0025000032	0.0041491489	0.012412858	0.46494101	0.54111497	154.34233	4.2755591e10	0.0021706523	0.083483274
37.4973	2.3714284e-18	0.0025011679	0.0041680975	0.01248256	0.46646922	0.54101077	154.30921	4.2839136e10	0.0021804409	0.083671428
37.411059	2.3818753e-18	0.0025023359	0.0041871324	0.012552696	0.46800402	0.54090645	154.27492	4.2922829e10	0.0021902731	0.083859996
37.325016	2.3923666e-18	0.0025035071	0.0042062538	0.012623269	0.46954544	0.54080203	154.23944	4.3006671e10	0.0022001491	0.08404898
37.239171	2.4029024e-18	0.0025046816	0.0042254622	0.012694283	0.47109351	0.54069749	154.20277	4.3090662e10	0.002210069	0.084238379
37.153523	2.4134829e-18	0.0025058595	0.0042447579	0.012765739	0.47264827	0.54059283	154.16493	4.3174803e10	0.0022200331	0.084428195
37.068072	2.4241083e-18	0.0025070407	0.0042641414	0.012837642	0.47420974	0.54048806	154.12589	4.3259093e10	0.0022300416	0.08461843
36.982818	2.4347787e-18	0.0025082253	0.004283613	0.012909993	0.47577797	0.54038318	154.08568	4.3343533e10	0.0022400947	0.084809082
36.89776	2.4454943e-18	0.0025094133	0.0043031732	0.012982797	0.47735298	0.54027817	154.04428	4.3428123e10	0.0022501925	0.085000154
36.812897	2.4562554e-18	0.0025106047	0.0043228223	0.013056057	0.47893481	0.54017305	154.00169	4.3512862e10	0.0022603352	0.085191647
36.72823	2.467062e-18	0.0025117995	0.0043425608	0.013129774	0.48052349	0.54006782	153.95792	4.3597752e10	0.0022705231	0.085383561
36.643757	2.4779143e-18	0.0025129978	0.004362389	0.013203953	0.48211906	0.53996246	153.91296	4.3682792e10	0.0022807563	0.085575897
36.559479	2.4888126e-18	0.0025141995	0.0043823074	0.013278597	0.48372155	0.53985698	153.86681	4.3767982e10	0.0022910351	0.085768656
36.475395	2.4997569e-18	0.0025154047	0.0044023164	0.013353708	0.48533099	0.53975139	153.81948	4.3853322e10	0.0023013595	0.085961838
36.391504	2.5107475e-18	0.0025166134	0.0044224163	0.013429291	0.48694743	0.53964568	153.77097	4.3938814e10	0.00231173	0.086155446
36.307805	2.5217845e-18	0.0025178257	0.0044426077	0.013505347	0.48857088	0.53953984	153.72126	4.4024456e10	0.0023221465	0.086349479
36.2243	2.5328682e-18	0.0025190415	0.0044628908	0.013581881	0.49020139	0.53943388	153.67037	4.4110249e10	0.0023326094	0.086543939
36.140986	2.5439987e-18	0.0025202608	0.0044832662	0.013658895	0.491839	0.5393278	153.61829	4.4196193e10	0.0023431189	0.086738826
36.057864	2.5551761e-18	0.0025214838	0.0045037341	0.013736394	0.49348373	0.5392216	153.56503	4.4282288e10	0.0023536751	0.086934141
35.974934	2.5664006e-18	0.0025227104	0.0045242952	0.013814379	0.49513563	0.53911527	153.51058	4.4368535e10	0.0023642782	0.087129886
35.892193	2.5776725e-18	0.0025239406	0.0045449497	0.013892855	0.49679472	0.53900882	153.45494	4.4454933e10	0.0023749285	0.08732606
35.809644	2.5889919e-18	0.0025251744	0.0045656981	0.013971825	0.49846105	0.53890225	153.39812	4.4541483e10	0.0023856261	0.087522666
35.727284	2.600359e-18	0.0025264119	0.0045865409	0.014051292	0.50013465	0.53879555	153.34011	4.4628185e10	0.0023963713	0.087719703
35.645113	2.6117739e-18	0.0025276531	0.0046074784	0.014131259	0.50181555	0.53868872	153.28091	4.4715038e10	0.0024071642	0.087917174
35.563132	2.6232369e-18	0.002528898	0.004628511	0.014211731	0.5035038	0.53858177	153.22053	4.4802044e10	0.0024180051	0.088115078
35.481339	2.6347481e-18	0.0025301467	0.0046496393	0.014292709	0.50519942	0.53847469	153.15896	4.4889202e10	0.0024288943	0.088313416
35.399734	2.6463077e-18	0.0025313991	0.0046708636	0.014374199	0.50690246	0.53836748	153.09621	4.4976512e10	0.0024398318	0.08851219
35.318317	2.6579159e-18	0.0025326553	0.0046921844	0.014456203	0.50861294	0.53826014	153.03228	4.5063975e10	0.0024508179	0.0887114
35.237087	2.6695728e-18	0.0025339153	0.0047136022	0.014538725	0.51033092	0.53815267	152.96716	4.5151591e10	0.0024618528	0.088911048
35.156044	2.6812787e-18	0.0025351791	0.0047351172	0.014621768	0.51205642	0.53804508	152.90085	4.5239359e10	0.0024729367	0.089111133
35.075187	2.6930338e-18	0.0025364467	0.0047567301	0.014705337	0.51378948	0.53793735	152.83337	4.5327281e10	0.0024840699	0.089311658
34.994517	2.7048381e-18	0.0025377182	0.0047784412	0.014789433	0.51553014	0.53782949	152.7647	4.5415355e10	0.0024952526	0.089512622
34.914032	2.716692e-18	0.0025389936	0.0048002509	0.014874062	0.51727844	0.5377215	152.69484	4.5503583e10	0.0025064849	0.089714028
34.833732	2.7285955e-18	0.0025402729	0.0048221598	0.014959227	0.51903441	0.53761338	152.62381	4.5591964e10	0.0025177671	0.089915875
34.753616	2.740549e-18	0.0025415561	0.0048441683	0.015044931	0.52079809	0.53750512	152.55159	4.5680498e10	0.0025290994	0.090118165
34.673685	2.7525524e-18	0.0025428432	0.0048662768	0.015131178	0.52256952	0.53739673	152.4782	4.5769186e10	0.002540482	0.090320899
34.593938	2.7646061e-18	0.0025441344	0.0048884857	0.015217973	0.52434875	0.5372882	152.40363	4.5858028e10	0.0025519152	0.090524077
34.514374	2.7767103e-18	0.0025454295	0.0049107956	0.015305317	0.52613579	0.53717954	152.32788	4.5947024e10	0.0025633991	0.090727701
34.434993	2.788865e-18	0.0025467286	0.0049332069	0.015393216	0.52793071	0.53707075	152.25095	4.6036174e10	0.002574934	0.090931771
34.355795	2.8010706e-18	0.0025480318	0.00495572	0.015481673	0.52973352	0.53696181	152.17284	4.6125477e10	0.0025865201	0.091136288
34.276779	2.8133272e-18	0.002549339	0.0049783354	0.015570693	0.53154428	0.53685274	152.09356	4.6214936e10	0.0025981576	0.091341254
34.197944	2.8256349e-18	0.0025506503	0.0050010536	0.015660278	0.53336303	0.53674353	152.0131	4.6304548e10	0.0026098468	0.091546669
34.119291	2.837994e-18	0.0025519658	0.005023875	0.015750432	0.53518979	0.53663418	151.93147	4.6394315e10	0.0026215878	0.091752533
34.040819	2.8504047e-18	0.0025532853	0.0050468001	0.01584116	0.53702461	0.5365247	151.84867	4.6484237e10	0.0026333809	0.091958849
33.962527	2.8628671e-18	0.002554609	0.0050698294	0.015932466	0.53886754	0.53641507	151.76469	4.6574314e10	0.0026452263	0.092165617
33.884416	2.8753815e-18	0.0025559369	0.0050929633	0.016024353	0.5407186	0.5363053	151.67955	4.6664546e10	0.0026571243	0.092372837
33.806484	2.887948e-18	0.0025572689	0.0051162024	0.016116826	0.54257785	0.53619539	151.59323	4.6754932e10	0.0026690751	0.092580512
33.728731	2.9005668e-18	0.0025586052	0.005139547	0.016209888	0.54444531	0.53608534	151.50575	4.6845474e10	0.0026810788	0.092788641
33.651157	2.9132382e-18	0.0025599457	0.0051629977	0.016303543	0.54632104	0.53597515	151.4171	4.6936171e10	0.0026931358	0.092997225
33.573761	2.9259622e-18	0.0025612905	0.0051865549	0.016397796	0.54820507	0.53586481	151.32728	4.7027024e10	0.0027052463	0.093206267
33.496544	2.9387391e-18	0.0025626396	0.0052102191	0.016492651	0.55009745	0.53575433	151.2363	4.7118032e10	0.0027174104	0.093415765
33.419504	2.9515692e-18	0.0025639929	0.0052339909	0.016588112	0.5519982	0.5356437	151.14416	4.7209196e10	0.0027296285	0.093625723
33.342641	2.9644525e-18	0.0025653506	0.0052578706	0.016684182	0.55390738	0.53553293	151.05086	4.7300516e10	0.0027419008	0.093836139
33.265955	2.9773893e-18	0.0025667127	0.0052818589	0.016780867	0.55582503	0.53542202	150.95639	4.7391992e10	0.0027542274	0.094047016
33.189446	2.9903798e-18	0.0025680792	0.0053059561	0.01687817	0.55775118	0.53531095	150.86077	4.7483624e10	0.0027666087	0.094258355
33.113112	3.0034242e-18	0.00256945	0.0053301628	0.016976095	0.55968589	0.53519974	150.76399	4.7575412e10	0.0027790448	0.094470155
33.036954	3.0165226e-18	0.0025708253	0.0053544794	0.017074648	0.56162919	0.53508838	150.66606	4.7667356e10	0.002791536	0.094682419
32.960971	3.0296753e-18	0.002572205	0.0053789065	0.017173831	0.56358112	0.53497687	150.56697	4.7759456e10	0.0028040826	0.094895147
32.885163	3.0428824e-18	0.0025735892	0.0054034445	0.01727365	0.56554172	0.53486521	150.46673	4.7851714e10	0.0028166848	0.09510834
32.809529	3.0561443e-18	0.0025749779	0.0054280941	0.017374109	0.56751105	0.5347534	150.36534	4.7944128e10	0.0028293428	0.095321999
32.734069	3.0694609e-18	0.0025763711	0.0054528555	0.017475213	0.56948914	0.53464144	150.26281	4.8036699e10	0.0028420568	0.095536125
32.658783	3.0828327e-18	0.0025777689	0.0054777295	0.017576964	0.57147603	0.53452933	150.15912	4.8129426e10	0.0028548272	0.095750719
32.58367	3.0962596e-18	0.0025791712	0.0055027164	0.01767937	0.57347177	0.53441707	150.0543	4.8222311e10	0.0028676541	0.095965782
32.50873	3.1097421e-18	0.0025805782	0.0055278168	0.017782432	0.5754764	0.53430465	149.94832	4.8315353e10	0.0028805378	0.096181314
32.433962	3.1232802e-18	0.0025819897	0.0055530312	0.017886157	0.57748996	0.53419208	149.84121	4.8408552e10	0.0028934785	0.096397318
32.359366	3.1368741e-18	0.0025834059	0.0055783601	0.017990549	0.57951251	0.53407935	149.73296	4.8501908e10	0.0029064766	0.096613793
32.284941	3.1505241e-18	0.0025848268	0.005603804	0.018095612	0.58154408	0.53396647	149.62357	4.8595422e10	0.0029195321	0.096830741
32.210688	3.1642304e-18	0.0025862524	0.0056293636	0.018201351	0.58358471	0.53385343	149.51305	4.8689093e10	0.0029326455	0.097048163
32.136605	3.1779931e-18	0.0025876827	0.0056550391	0.01830777	0.58563445	0.53374024	149.4014	4.8782923e10	0.0029458169	0.09726606
32.062693	3.1918125e-18	0.0025891177	0.0056808313	0.018414875	0.58769335	0.53362689	149.28861	4.887691e10	0.0029590465	0.097484432
31.988951	3.2056887e-18	0.0025905575	0.0057067406	0.018522669	0.58976145	0.53351338	149.1747	4.8971055e10	0.0029723347	0.097703281
31.915379	3.219622e-18	0.0025920021	0.0057327676	0.018631159	0.5918388	0.53339971	149.05966	4.9065358e10	0.0029856817	0.097922607
31.841975	3.2336126e-18	0.0025934515	0.0057589127	0.018740348	0.59392544	0.53328589	148.94349	4.9159819e10	0.0029990877	0.098142412
31.768741	3.2476606e-18	0.0025949058	0.0057851766	0.018850241	0.59602141	0.5331719	148.82621	4.9254438e10	0.0030125531	0.098362697
31.695675	3.2617664e-18	0.0025963649	0.0058115597	0.018960843	0.59812676	0.53305775	148.7078	4.9349216e10	0.0030260779	0.098583462
31.622777	3.27593e-18	0.002597829	0.0058380626	0.01907216	0.60024154	0.53294344	148.58828	4.9444152e10	0.0030396626	0.098804708
31.550046	3.2901517e-18	0.0025992979	0.0058646859	0.019184195	0.6023658	0.53282897	148.46765	4.9539247e10	0.0030533074	0.099026437
31.477483	3.3044316e-18	0.0026007719	0.00589143	0.019296955	0.60449957	0.53271433	148.3459	4.96345e10	0.0030670124	0.09924865
31.405087	3.3187701e-18	0.0026022508	0.0059182956	0.019410443	0.60664291	0.53259954	148.22305	4.9729912e10	0.0030807781	0.099471347
31.332857	3.3331673e-18	0.0026037346	0.0059452831	0.019524665	0.60879586	0.53248457	148.09908	4.9825483e10	0.0030946046	0.099694529
31.260794	3.3476234e-18	0.0026052236	0.0059723932	0.019639626	0.61095848	0.53236944	147.97402	4.9921213e10	0.0031084922	0.099918198
31.188896	3.3621387e-18	0.0026067175	0.0059996263	0.019755332	0.6131308	0.53225415	147.84785	5.0017102e10	0.0031224412	0.10014235
31.117163	3.3767132e-18	0.0026082166	0.0060269831	0.019871786	0.61531287	0.53213869	147.72058	5.011315e10	0.0031364518	0.100367
31.045596	3.3913473e-18	0.0026097207	0.0060544641	0.019988995	0.61750475	0.53202306	147.59222	5.0209358e10	0.0031505244	0.10059213
30.974193	3.4060411e-18	0.00261123	0.0060820698	0.020106964	0.61970647	0.53190726	147.46276	5.0305725e10	0.0031646591	0.10081776
30.902954	3.4207949e-18	0.0026127445	0.0061098009	0.020225697	0.62191809	0.5317913	147.33222	5.0402251e10	0.0031788562	0.10104387
30.83188	3.4356089e-18	0.0026142642	0.0061376578	0.020345201	0.62413965	0.53167516	147.20058	5.0498937e10	0.003193116	0.10127048
30.760968	3.4504832e-18	0.002615789	0.0061656412	0.02046548	0.62637121	0.53155886	147.06787	5.0595783e10	0.0032074388	0.10149758
30.69022	3.4654182e-18	0.0026173191	0.0061937517	0.02058654	0.62861281	0.53144238	146.93406	5.0692788e10	0.0032218249	0.10172518
30.619634	3.4804139e-18	0.0026188545	0.0062219897	0.020708386	0.63086451	0.53132573	146.79919	5.0789953e10	0.0032362745	0.10195327
30.549211	3.4954706e-18	0.0026203952	0.0062503559	0.020831023	0.63312634	0.53120891	146.66323	5.0887278e10	0.0032507878	0.10218186
30.47895	3.5105886e-18	0.0026219412	0.0062788509	0.020954458	0.63539836	0.53109191	146.5262	5.0984764e10	0.0032653652	0.10241094
30.40885	3.525768e-18	0.0026234925	0.0063074751	0.021078695	0.63768062	0.53097475	146.38811	5.1082409e10	0.003280007	0.10264053
30.338912	3.541009e-18	0.0026250492	0.0063362294	0.02120374	0.63997317	0.5308574	146.24894	5.1180214e10	0.0032947134	0.10287061
30.269134	3.5563119e-18	0.0026266114	0.0063651141	0.021329599	0.64227605	0.53073988	146.10872	5.127818e10	0.0033094847	0.10310119
30.199517	3.5716769e-18	0.002628179	0.0063941299	0.021456277	0.64458932	0.53062219	145.96743	5.1376306e10	0.0033243211	0.10333228
30.13006	3.5871042e-18	0.002629752	0.0064232774	0.021583781	0.64691303	0.53050432	145.82509	5.1474593e10	0.003339223	0.10356386
30.060763	3.602594e-18	0.0026313305	0.0064525572	0.021712114	0.64924723	0.53038627	145.68169	5.157304e10	0.0033541907	0.10379595
29.991625	3.6181465e-18	0.0026329146	0.0064819699	0.021841285	0.65159197	0.53026804	145.53724	5.1671648e10	0.0033692243	0.10402855
29.922646	3.6337619e-18	0.0026345042	0.006511516	0.021971297	0.6539473	0.53014963	145.39174	5.1770416e10	0.0033843243	0.10426165
29.853826	3.6494405e-18	0.0026360994	0.0065411963	0.022102157	0.65631327	0.53003104	145.24521	5.1869346e10	0.0033994909	0.10449526
29.785164	3.6651824e-18	0.0026377001	0.0065710112	0.022233872	0.65868993	0.52991227	145.09763	5.1968436e10	0.0034147243	0.10472937
29.71666	3.680988e-18	0.0026393066	0.0066009614	0.022366445	0.66107734	0.52979332	144.94901	5.2067687e10	0.0034300248	0.10496399
29.648314	3.6968573e-18	0.0026409187	0.0066310476	0.022499885	0.66347554	0.52967419	144.79937	5.2167099e10	0.0034453929	0.10519912
29.580125	3.7127906e-18	0.0026425365	0.0066612702	0.022634196	0.66588459	0.52955488	144.64869	5.2266673e10	0.0034608286	0.10543477
29.512092	3.7287882e-18	0.00264416	0.0066916301	0.022769385	0.66830455	0.52943538	144.49699	5.2366407e10	0.0034763324	0.10567092
29.444216	3.7448503e-18	0.0026457892	0.0067221276	0.022905458	0.67073545	0.52931569	144.34426	5.2466303e10	0.0034919045	0.10590759
29.376497	3.760977e-18	0.0026474243	0.0067527636	0.02304242	0.67317736	0.52919582	144.19052	5.256636e10	0.0035075452	0.10614477
29.308932	3.7771686e-18	0.0026490651	0.0067835385	0.023180279	0.67563034	0.52907577	144.03576	5.2666578e10	0.0035232548	0.10638247
29.241524	3.7934254e-18	0.0026507118	0.0068144531	0.023319039	0.67809442	0.52895552	143.87999	5.2766958e10	0.0035390336	0.10662068
29.17427	3.8097474e-18	0.0026523644	0.0068455079	0.023458708	0.68056966	0.52883509	143.72321	5.28675e10	0.0035548819	0.1068594
29.107171	3.826135e-18	0.0026540229	0.0068767037	0.023599292	0.68305613	0.52871448	143.56543	5.2968203e10	0.0035708	0.10709865
29.040227	3.8425884e-18	0.0026556873	0.006908041	0.023740796	0.68555386	0.52859367	143.40665	5.3069068e10	0.0035867882	0.10733842
28.973436	3.8591078e-18	0.0026573577	0.0069395204	0.023883228	0.68806293	0.52847267	143.24687	5.3170094e10	0.0036028468	0.1075787
28.906799	3.8756934e-18	0.0026590341	0.0069711427	0.024026594	0.69058337	0.52835148	143.0861	5.3271283e10	0.0036189761	0.10781951
28.840315	3.8923454e-18	0.0026607165	0.0070029084	0.0241709	0.69311525	0.5282301	142.92435	5.3372633e10	0.0036351764	0.10806083
28.773984	3.9090641e-18	0.0026624049	0.0070348183	0.024316153	0.69565863	0.52810853	142.7616	5.3474145e10	0.0036514479	0.10830268
28.707806	3.9258497e-18	0.0026640994	0.0070668729	0.02446236	0.69821355	0.52798676	142.59788	5.357582e10	0.0036677911	0.10854506
28.64178	3.9427024e-18	0.0026658001	0.0070990729	0.024609526	0.70078006	0.52786481	142.43319	5.3677656e10	0.0036842062	0.10878796
28.575905	3.9596225e-18	0.0026675069	0.0071314189	0.024757658	0.70335824	0.52774265	142.26752	5.3779654e10	0.0037006935	0.10903138
28.510183	3.9766101e-18	0.0026692199	0.0071639118	0.024906764	0.70594812	0.5276203	142.10088	5.3881815e10	0.0037172534	0.10927534
28.444611	3.9936654e-18	0.0026709391	0.0071965519	0.025056849	0.70854977	0.52749776	141.93328	5.3984138e10	0.003733886	0.10951982
28.37919	4.0107888e-18	0.0026726646	0.0072293402	0.025207921	0.71116324	0.52737501	141.76473	5.4086624e10	0.0037505919	0.10976483
28.31392	4.0279804e-18	0.0026743963	0.0072622772	0.025359987	0.71378859	0.52725207	141.59521	5.4189271e10	0.0037673711	0.11001037
28.2488	4.0452404e-18	0.0026761343	0.0072953635	0.025513053	0.71642589	0.52712893	141.42475	5.4292081e10	0.0037842242	0.11025644
28.183829	4.0625692e-18	0.0026778787	0.0073286	0.025667126	0.71907517	0.5270056	141.25334	5.4395054e10	0.0038011513	0.11050304
28.119008	4.0799668e-18	0.0026796294	0.0073619872	0.025822214	0.72173651	0.52688206	141.08098	5.4498189e10	0.0038181529	0.11075018
28.054336	4.0974336e-18	0.0026813866	0.0073955258	0.025978323	0.72440995	0.52675832	140.90769	5.4601487e10	0.0038352292	0.11099785
27.989813	4.1149697e-18	0.0026831501	0.0074292165	0.02613546	0.72709556	0.52663437	140.73347	5.4704947e10	0.0038523805	0.11124606
27.925438	4.1325755e-18	0.0026849202	0.0074630601	0.026293633	0.72979339	0.52651023	140.55831	5.480857e10	0.0038696072	0.11149481
27.861212	4.150251e-18	0.0026866968	0.0074970571	0.026452848	0.73250349	0.52638588	140.38224	5.4912356e10	0.0038869095	0.11174409
27.797133	4.1679965e-18	0.0026884799	0.0075312083	0.026613113	0.73522594	0.52626133	140.20524	5.5016304e10	0.0039042879	0.11199391
27.733201	4.1858124e-18	0.0026902695	0.0075655144	0.026774434	0.73796078	0.52613658	140.02733	5.5120416e10	0.0039217426	0.11224427
27.669416	4.2036987e-18	0.0026920658	0.007599976	0.026936821	0.74070809	0.52601161	139.8485	5.522469e10	0.003939274	0.11249518
27.605779	4.2216558e-18	0.0026938687	0.0076345939	0.027100279	0.7434679	0.52588644	139.66877	5.5329127e10	0.0039568823	0.11274662
27.542287	4.2396839e-18	0.0026956783	0.0076693689	0.027264816	0.7462403	0.52576106	139.48814	5.5433727e10	0.0039745679	0.11299861
27.478942	4.2577831e-18	0.0026974946	0.0077043015	0.027430439	0.74902532	0.52563548	139.30661	5.553849e10	0.0039923312	0.11325114
27.415742	4.2759538e-18	0.0026993176	0.0077393925	0.027597157	0.75182304	0.52550969	139.12419	5.5643416e10	0.0040101725	0.11350422
27.352687	4.294196e-18	0.0027011474	0.0077746426	0.027764976	0.75463351	0.52538368	138.94088	5.5748505e10	0.0040280921	0.11375784
27.289778	4.3125102e-18	0.002702984	0.0078100526	0.027933904	0.75745679	0.52525747	138.75669	5.5853757e10	0.0040460902	0.11401201
27.227013	4.3308964e-18	0.0027048274	0.0078456231	0.028103949	0.76029294	0.52513104	138.57162	5.5959173e10	0.0040641674	0.11426673
27.164393	4.349355e-18	0.0027066778	0.0078813549	0.028275119	0.76314202	0.5250044	138.38568	5.6064751e10	0.0040823239	0.114522
27.101916	4.3678862e-18	0.002708535	0.0079172488	0.028447421	0.7660041	0.52487755	138.19887	5.6170493e10	0.00410056	0.11477782
27.039584	4.3864902e-18	0.0027103992	0.0079533053	0.028620863	0.76887924	0.52475048	138.01119	5.6276398e10	0.0041188761	0.1150342
26.977394	4.4051672e-18	0.0027122704	0.0079895254	0.028795454	0.7717675	0.5246232	137.82266	5.6382466e10	0.0041372725	0.11529112
26.915348	4.4239175e-18	0.0027141485	0.0080259096	0.0289712	0.77466893	0.52449571	137.63327	5.6488697e10	0.0041557496	0.1155486
26.853444	4.4427413e-18	0.0027160337	0.0080624589	0.029148111	0.77758361	0.52436799	137.44303	5.6595092e10	0.0041743077	0.11580663
26.791683	4.4616388e-18	0.0027179261	0.0080991738	0.029326193	0.78051158	0.52424006	137.25195	5.670165e10	0.0041929472	0.11606522
26.730064	4.4806102e-18	0.0027198255	0.0081360552	0.029505455	0.78345292	0.52411192	137.06003	5.6808371e10	0.0042116683	0.11632437
26.668587	4.4996559e-18	0.0027217321	0.0081731037	0.029685906	0.78640768	0.52398355	136.86728	5.6915256e10	0.0042304715	0.11658408
26.607251	4.518776e-18	0.002723646	0.0082103203	0.029867553	0.78937593	0.52385496	136.6737	5.7022304e10	0.004249357	0.11684434
26.546056	4.5379707e-18	0.002725567	0.0082477055	0.030050404	0.79235773	0.52372615	136.47929	5.7129516e10	0.0042683254	0.11710517
26.485001	4.5572403e-18	0.0027274953	0.0082852602	0.030234469	0.79535315	0.52359713	136.28407	5.7236891e10	0.0042873768	0.11736655
26.424088	4.5765851e-18	0.0027294309	0.0083229852	0.030419754	0.79836225	0.52346787	136.08803	5.7344429e10	0.0043065116	0.1176285
26.363314	4.5960053e-18	0.0027313739	0.0083608811	0.03060627	0.80138509	0.5233384	135.89118	5.7452131e10	0.0043257303	0.11789102
26.30268	4.6155011e-18	0.0027333242	0.0083989489	0.030794024	0.80442174	0.5232087	135.69353	5.7559996e10	0.0043450331	0.1181541
26.242185	4.6350727e-18	0.002735282	0.0084371892	0.030983025	0.80747226	0.52307877	135.49508	5.7668024e10	0.0043644204	0.11841774
26.18183	4.6547204e-18	0.0027372472	0.0084756028	0.031173281	0.81053671	0.52294863	135.29584	5.7776217e10	0.0043838926	0.11868195
26.121614	4.6744444e-18	0.0027392199	0.0085141906	0.031364802	0.81361515	0.52281825	135.09581	5.7884572e10	0.00440345	0.11894673
26.061535	4.6942449e-18	0.0027412002	0.0085529532	0.031557595	0.81670766	0.52268765	134.895	5.7993092e10	0.004423093	0.11921208
26.001596	4.7141222e-18	0.002743188	0.0085918916	0.031751669	0.8198143	0.52255682	134.69342	5.8101775e10	0.0044428219	0.119478
25.941794	4.7340765e-18	0.0027451834	0.0086310064	0.031947034	0.82293513	0.52242576	134.49106	5.8210621e10	0.0044626372	0.1197445
25.882129	4.754108e-18	0.0027471865	0.0086702985	0.032143698	0.82607022	0.52229446	134.28794	5.8319631e10	0.0044825391	0.12001156
25.822602	4.7742171e-18	0.0027491973	0.0087097687	0.03234167	0.82921964	0.52216294	134.08405	5.8428804e10	0.0045025281	0.1202792
25.763212	4.7944039e-18	0.0027512157	0.0087494177	0.03254096	0.83238345	0.52203119	133.87941	5.853814e10	0.0045226046	0.12054741
25.703958	4.8146687e-18	0.002753242	0.0087892465	0.032741576	0.83556172	0.5218992	133.67402	5.8647641e10	0.0045427688	0.1208162
25.64484	4.8350116e-18	0.002755276	0.0088292558	0.032943527	0.83875451	0.52176698	133.46788	5.8757304e10	0.0045630211	0.12108557
25.585859	4.8554331e-18	0.0027573179	0.0088694463	0.033146823	0.8419619	0.52163453	133.26101	5.8867131e10	0.004583362	0.12135551
25.527013	4.8759331e-18	0.0027593677	0.008909819	0.033351473	0.84518393	0.52150184	133.0534	5.8977122e10	0.0046037918	0.12162604
25.468303	4.8965121e-18	0.0027614254	0.0089503747	0.033557486	0.84842069	0.52136892	132.84506	5.9087277e10	0.0046243109	0.12189714
25.409727	4.9171702e-18	0.0027634911	0.0089911142	0.033764871	0.85167224	0.52123575	132.63601	5.9197594e10	0.0046449196	0.12216883
25.351286	4.9379077e-18	0.0027655647	0.0090320382	0.033973638	0.85493865	0.52110236	132.42623	5.9308076e10	0.0046656184	0.1224411
25.29298	4.9587248e-18	0.0027676465	0.0090731477	0.034183797	0.85821999	0.52096872	132.21574	5.941872e10	0.0046864075	0.12271395
25.234808	4.9796218e-18	0.0027697363	0.0091144435	0.034395357	0.86151632	0.52083484	132.00455	5.9529528e10	0.0047072875	0.12298739
25.176769	5.000599e-18	0.0027718342	0.0091559264	0.034608328	0.86482772	0.52070072	131.79266	5.9640499e10	0.0047282587	0.12326142
25.118864	5.0216565e-18	0.0027739402	0.0091975973	0.03482272	0.86815426	0.52056636	131.58007	5.9751634e10	0.0047493214	0.12353603
25.061093	5.0427946e-18	0.0027760545	0.009239457	0.035038542	0.871496	0.52043176	131.36679	5.9862932e10	0.0047704761	0.12381123
25.003454	5.0640135e-18	0.002778177	0.0092815063	0.035255803	0.874853	0.52029691	131.15283	5.9974393e10	0.0047917231	0.12408702
24.945947	5.0853134e-18	0.0027803079	0.0093237462	0.035474515	0.87822535	0.52016182	130.93819	6.0086018e10	0.0048130628	0.12436341
24.888573	5.1066946e-18	0.002782447	0.0093661775	0.035694686	0.8816131	0.52002649	130.72288	6.0197806e10	0.0048344957	0.12464038
24.831331	5.1281574e-18	0.0027845946	0.009408801	0.035916327	0.88501633	0.51989091	130.5069	6.0309758e10	0.004856022	0.12491795
24.774221	5.1497019e-18	0.0027867506	0.0094516176	0.036139448	0.8884351	0.51975509	130.29027	6.0421872e10	0.0048776423	0.12519611
24.717241	5.1713284e-18	0.002788915	0.0094946282	0.03636406	0.89186949	0.51961901	130.07298	6.053415e10	0.0048993569	0.12547486
24.660393	5.1930373e-18	0.0027910879	0.0095378336	0.036590171	0.89531957	0.51948269	129.85504	6.0646591e10	0.0049211662	0.12575422
24.603676	5.2148286e-18	0.0027932694	0.0095812348	0.036817794	0.89878542	0.51934612	129.63645	6.0759195e10	0.0049430705	0.12603417
24.547089	5.2367027e-18	0.0027954595	0.0096248327	0.037046937	0.9022671	0.5192093	129.41723	6.0871962e10	0.0049650704	0.12631472
24.490632	5.2586598e-18	0.0027976581	0.009668628	0.037277613	0.90576469	0.51907223	129.19737	6.0984892e10	0.0049871662	0.12659587
24.434306	5.2807001e-18	0.0027998655	0.0097126217	0.03750983	0.90927825	0.5189349	128.97689	6.1097985e10	0.0050093582	0.12687762
24.378108	5.3028238e-18	0.0028020816	0.0097568147	0.037743599	0.91280785	0.51879732	128.75579	6.1211241e10	0.005031647	0.12715997
24.32204	5.3250313e-18	0.0028043064	0.009801208	0.037978932	0.91635357	0.51865949	128.53408	6.132466e10	0.0050540329	0.12744293
24.266101	5.3473226e-18	0.0028065401	0.0098458023	0.038215839	0.91991547	0.51852141	128.31176	6.1438242e10	0.0050765163	0.12772649
24.21029	5.3696982e-18	0.0028087827	0.0098905986	0.03845433	0.92349363	0.51838306	128.08883	6.1551987e10	0.0050990976	0.12801065
24.154608	5.3921581e-18	0.0028110341	0.0099355978	0.038694416	0.92708813	0.51824447	127.86531	6.1665895e10	0.0051217773	0.12829543
24.099054	5.4147027e-18	0.0028132945	0.0099808009	0.038936109	0.93069903	0.51810561	127.6412	6.1779965e10	0.0051445557	0.12858081
24.043628	5.4373322e-18	0.0028155639	0.010026209	0.03917942	0.93432641	0.5179665	127.4165	6.1894198e10	0.0051674333	0.1288668
23.988329	5.4600469e-18	0.0028178423	0.010071822	0.039424359	0.93797035	0.51782712	127.19123	6.2008594e10	0.0051904105	0.1291534
23.933158	5.482847e-18	0.0028201297	0.010117642	0.039670938	0.94163092	0.51768749	126.96538	6.2123152e10	0.0052134877	0.12944062
23.878113	5.5057327e-18	0.0028224263	0.01016367	0.039919168	0.94530819	0.51754759	126.73896	6.2237872e10	0.0052366653	0.12972844
23.823195	5.5287043e-18	0.0028247321	0.010209906	0.040169061	0.94900223	0.51740744	126.51198	6.2352755e10	0.0052599438	0.13001688
23.768403	5.5517619e-18	0.0028270471	0.010256352	0.040420626	0.95271313	0.51726702	126.28445	6.2467801e10	0.0052833235	0.13030594
23.713737	5.5749059e-18	0.0028293714	0.010303007	0.040673877	0.95644094	0.51712633	126.05637	6.2583009e10	0.0053068049	0.13059561
23.659197	5.5981365e-18	0.002831705	0.010349875	0.040928824	0.96018574	0.51698538	125.82775	6.2698379e10	0.0053303884	0.1308859
23.604782	5.6214539e-18	0.0028340479	0.010396954	0.041185478	0.96394762	0.51684417	125.59858	6.2813911e10	0.0053540745	0.1311768
23.550493	5.6448583e-18	0.0028364003	0.010444247	0.041443853	0.96772664	0.51670269	125.36889	6.2929606e10	0.0053778635	0.13146833
23.496328	5.66835e-18	0.0028387622	0.010491753	0.041703958	0.97152288	0.51656094	125.13868	6.3045462e10	0.005401756	0.13176048
23.442288	5.6919293e-18	0.0028411335	0.010539475	0.041965807	0.97533642	0.51641892	124.90794	6.3161481e10	0.0054257522	0.13205325
23.388372	5.7155964e-18	0.0028435144	0.010587414	0.042229412	0.97916734	0.51627664	124.67669	6.3277661e10	0.0054498528	0.13234664
23.334581	5.7393516e-18	0.0028459049	0.010635569	0.042494784	0.98301571	0.51613408	124.44493	6.3394003e10	0.005474058	0.13264066
23.280913	5.7631951e-18	0.002848305	0.010683942	0.042761935	0.98688161	0.51599125	124.21267	6.3510506e10	0.0054983684	0.13293531
23.227368	5.7871271e-18	0.0028507148	0.010732534	0.043030877	0.99076512	0.51584815	123.97992	6.3627172e10	0.0055227844	0.13323058
23.173946	5.8111478e-18	0.0028531344	0.010781347	0.043301623	0.9946663	0.51570477	123.74668	6.3743999e10	0.0055473064	0.13352648
23.120648	5.8352575e-18	0.0028555638	0.01083038	0.043574185	0.99858523	0.51556112	123.51295	6.3860987e10	0.0055719349	0.133823
23.067472	5.8594564e-18	0.002858003	0.010879635	0.043848574	1.002522	0.5154172	123.27875	6.3978137e10	0.0055966703	0.13412016
23.014418	5.8837447e-18	0.0028604522	0.010929114	0.044124804	1.0064767	0.515273	123.04408	6.4095448e10	0.005621513	0.13441795
22.961486	5.9081227e-18	0.0028629113	0.010978816	0.044402887	1.0104493	0.51512852	122.80894	6.4212921e10	0.0056464636	0.13471638
22.908677	5.9325906e-18	0.0028653805	0.011028744	0.044682835	1.01444	0.51498377	122.57335	6.4330554e10	0.0056715224	0.13501544
22.855988	5.9571488e-18	0.0028678597	0.011078898	0.044964662	1.0184489	0.51483873	122.3373	6.4448349e10	0.0056966899	0.13531513
22.803421	5.9817974e-18	0.002870349	0.011129278	0.04524838	1.022476	0.51469342	122.10081	6.4566304e10	0.0057219666	0.13561546
22.750974	6.0065367e-18	0.0028728484	0.011179887	0.045534002	1.0265214	0.51454782	121.86387	6.468442e10	0.0057473529	0.13591642
22.698649	6.0313669e-18	0.002875358	0.011230725	0.045821542	1.0305851	0.51440194	121.6265	6.4802697e10	0.0057728492	0.13621803
22.646443	6.0562884e-18	0.0028778779	0.011281793	0.046111011	1.0346674	0.51425578	121.3887	6.4921134e10	0.0057984561	0.13652027
22.594358	6.0813012e-18	0.002880408	0.011333092	0.046402424	1.0387681	0.51410934	121.15048	6.5039732e10	0.005824174	0.13682316
22.542392	6.1064055e-18	0.0028829486	0.011384624	0.046695792	1.0428875	0.51396261	120.91184	6.515849e10	0.0058500033	0.13712669
22.490546	6.1316018e-18	0.0028854996	0.011436389	0.04699113	1.0470256	0.51381559	120.6728	6.5277409e10	0.0058759446	0.13743086
22.438819	6.1568901e-18	0.0028880611	0.011488388	0.04728845	1.0511824	0.51366829	120.43335	6.5396487e10	0.0059019982	0.13773568
22.387211	6.1822707e-18	0.0028906331	0.011540623	0.047587767	1.0553581	0.5135207	120.1935	6.5515726e10	0.0059281647	0.13804115
22.335722	6.2077438e-18	0.0028932157	0.011593094	0.047889093	1.0595527	0.51337283	119.95327	6.5635125e10	0.0059544445	0.13834726
22.284351	6.2333097e-18	0.002895809	0.011645803	0.048192442	1.0637663	0.51322466	119.71265	6.5754684e10	0.0059808381	0.13865402
22.233099	6.2589687e-18	0.0028984129	0.01169875	0.048497828	1.0679991	0.5130762	119.47165	6.5874402e10	0.0060073459	0.13896143
22.181964	6.284721e-18	0.0029010276	0.011751937	0.048805265	1.072251	0.51292745	119.23027	6.5994279e10	0.0060339685	0.13926949
22.130947	6.3105669e-18	0.0029036531	0.011805365	0.049114767	1.0765221	0.51277841	118.98853	6.6114316e10	0.0060607063	0.1395782
22.080047	6.3365066e-18	0.0029062894	0.011859034	0.049426348	1.0808126	0.51262907	118.74642	6.6234512e10	0.0060875598	0.13988756
22.029265	6.3625403e-18	0.0029089366	0.011912947	0.049740021	1.0851226	0.51247944	118.50396	6.6354868e10	0.0061145294	0.14019758
21.978599	6.3886682e-18	0.0029115947	0.011967103	0.050055802	1.089452	0.51232951	118.26115	6.6475382e10	0.0061416157	0.14050826
21.928049	6.4148906e-18	0.0029142639	0.012021505	0.050373703	1.093801	0.51217929	118.018	6.6596055e10	0.0061688192	0.14081959
21.877616	6.4412076e-18	0.0029169442	0.012076153	0.050693739	1.0981696	0.51202877	117.77452	6.6716887e10	0.0061961402	0.14113158
21.827299	6.4676195e-18	0.0029196357	0.012131049	0.051015925	1.102558	0.51187795	117.5307	6.6837878e10	0.0062235794	0.14144423
21.777098	6.4941266e-18	0.0029223384	0.012186192	0.051340274	1.1069663	0.51172683	117.28656	6.6959027e10	0.0062511372	0.14175755
21.727012	6.520729e-18	0.0029250523	0.012241586	0.051666802	1.1113944	0.51157541	117.0421	6.7080335e10	0.0062788141	0.14207152
21.677041	6.5474271e-18	0.0029277776	0.01229723	0.051995523	1.1158425	0.51142369	116.79733	6.72018e10	0.0063066105	0.14238616
21.627185	6.574221e-18	0.0029305142	0.012353126	0.052326453	1.1203107	0.51127166	116.55226	6.7323424e10	0.006334527	0.14270146
21.577444	6.601111e-18	0.0029332623	0.012409275	0.052659605	1.124799	0.51111934	116.30688	6.7445205e10	0.0063625641	0.14301742
21.527817	6.6280975e-18	0.0029360218	0.012465678	0.052994996	1.1293076	0.5109667	116.06121	6.7567144e10	0.0063907223	0.14333405
21.478305	6.6551805e-18	0.0029387928	0.012522337	0.05333264	1.1338365	0.51081376	115.81525	6.7689241e10	0.006419002	0.14365136
21.428906	6.6823604e-18	0.0029415755	0.012579252	0.053672552	1.1383858	0.51066052	115.56901	6.7811494e10	0.0064474038	0.14396933
21.379621	6.7096373e-18	0.0029443698	0.012636424	0.054014747	1.1429556	0.51050696	115.32249	6.7933905e10	0.0064759282	0.14428797
21.330449	6.7370115e-18	0.0029471759	0.012693855	0.054359241	1.147546	0.5103531	115.0757	6.8056473e10	0.0065045757	0.14460728
21.28139	6.7644831e-18	0.0029499938	0.012751546	0.054706049	1.1521571	0.51019893	114.82865	6.8179198e10	0.0065333468	0.14492726
21.232445	6.7920524e-18	0.0029528235	0.012809499	0.055055186	1.1567888	0.51004445	114.58134	6.830208e10	0.006562242	0.14524792
21.183611	6.8197196e-18	0.0029556652	0.012867713	0.055406667	1.1614414	0.50988966	114.33378	6.8425118e10	0.0065912618	0.14556926
21.13489	6.8474849e-18	0.0029585188	0.012926191	0.055760509	1.1661149	0.50973455	114.08598	6.8548313e10	0.0066204067	0.14589127
21.086281	6.8753487e-18	0.0029613845	0.012984934	0.056116728	1.1708094	0.50957913	113.83794	6.8671664e10	0.0066496772	0.14621396
21.037784	6.9033111e-18	0.0029642624	0.013043942	0.056475339	1.175525	0.5094234	113.58966	6.879517e10	0.006679074	0.14653733
20.989399	6.9313723e-18	0.0029671523	0.013103218	0.056836359	1.1802617	0.50926735	113.34116	6.8918833e10	0.0067085974	0.14686138
20.941125	6.9595328e-18	0.0029700545	0.013162762	0.057199803	1.1850197	0.50911098	113.09243	6.9042651e10	0.006738248	0.14718611
20.892961	6.9877926e-18	0.0029729689	0.013222575	0.057565689	1.189799	0.50895429	112.84349	6.9166624e10	0.0067680263	0.14751152
20.844909	7.016152e-18	0.0029758957	0.013282659	0.057934032	1.1945998	0.50879728	112.59434	6.9290752e10	0.0067979329	0.14783762
20.796967	7.0446111e-18	0.002978835	0.013343014	0.058304848	1.199422	0.50863996	112.34498	6.9415036e10	0.0068279683	0.1481644
20.749135	7.0731702e-18	0.0029817867	0.013403643	0.058678154	1.2042659	0.50848231	112.09543	6.9539474e10	0.006858133	0.14849187
20.701413	7.1018296e-18	0.0029847509	0.013464547	0.059053966	1.2091314	0.50832434	111.84568	6.9664067e10	0.0068884275	0.14882003
20.653802	7.1305893e-18	0.0029877279	0.013525725	0.059432301	1.2140186	0.50816605	111.59575	6.9788814e10	0.0069188525	0.14914887
20.606299	7.1594497e-18	0.0029907175	0.013587181	0.059813176	1.2189278	0.50800744	111.34564	6.9913716e10	0.0069494083	0.14947841
20.558906	7.1884109e-18	0.0029937198	0.013648915	0.060196607	1.2238588	0.50784849	111.09536	7.0038772e10	0.0069800955	0.14980864
20.511622	7.2174732e-18	0.002996735	0.013710928	0.060582612	1.2288119	0.50768923	110.84491	7.0163982e10	0.0070109148	0.15013956
20.464446	7.2466368e-18	0.0029997631	0.013773222	0.060971207	1.233787	0.50752963	110.59429	7.0289345e10	0.0070418666	0.15047117
20.417379	7.2759021e-18	0.0030028041	0.013835797	0.061362411	1.2387844	0.50736971	110.34352	7.0414861e10	0.0070729515	0.15080348
20.370421	7.3052691e-18	0.0030058582	0.013898656	0.06175624	1.243804	0.50720946	110.0926	7.0540531e10	0.0071041699	0.15113649
20.32357	7.3347382e-18	0.0030089253	0.013961799	0.062152713	1.2488461	0.50704887	109.84154	7.0666353e10	0.0071355226	0.1514702
20.276827	7.3643095e-18	0.0030120055	0.014025228	0.062551845	1.2539105	0.50688796	109.59033	7.0792329e10	0.0071670099	0.1518046
20.230192	7.3939832e-18	0.003015099	0.014088943	0.062953656	1.2589976	0.50672671	109.339	7.0918456e10	0.0071986326	0.1521397
20.183664	7.4237596e-18	0.0030182058	0.014152947	0.063358162	1.2641072	0.50656513	109.08753	7.1044736e10	0.007230391	0.15247551
20.137242	7.4536389e-18	0.003021326	0.014217241	0.063765381	1.2692396	0.50640321	108.83595	7.1171168e10	0.0072622859	0.15281202
20.090928	7.4836212e-18	0.0030244596	0.014281826	0.064175332	1.2743947	0.50624096	108.58425	7.1297751e10	0.0072943176	0.15314923
20.04472	7.5137069e-18	0.0030276067	0.014346702	0.064588032	1.2795728	0.50607837	108.33244	7.1424486e10	0.0073264869	0.15348715
19.998619	7.5438961e-18	0.0030307673	0.014411873	0.065003499	1.2847738	0.50591544	108.08052	7.1551373e10	0.0073587942	0.15382578
19.952623	7.574189e-18	0.0030339417	0.014477338	0.065421753	1.2899979	0.50575218	107.82851	7.167841e10	0.0073912402	0.15416511
19.906733	7.6045858e-18	0.0030371297	0.014543099	0.06584281	1.2952452	0.50558857	107.5764	7.1805598e10	0.0074238253	0.15450515
19.860949	7.6350869e-18	0.0030403316	0.014609158	0.06626669	1.3005157	0.50542462	107.32421	7.1932937e10	0.0074565502	0.1548459
19.81527	7.6656922e-18	0.0030435473	0.014675515	0.066693411	1.3058095	0.50526033	107.07193	7.2060426e10	0.0074894154	0.15518737
19.769696	7.6964022e-18	0.003046777	0.014742173	0.067122992	1.3111268	0.50509569	106.81959	7.2188065e10	0.0075224215	0.15552955
19.724227	7.727217e-18	0.0030500206	0.014809133	0.067555452	1.3164676	0.50493072	106.56717	7.2315854e10	0.0075555691	0.15587244
19.678863	7.7581368e-18	0.0030532784	0.014876395	0.067990809	1.3218319	0.50476539	106.31468	7.2443792e10	0.0075888587	0.15621605
19.633603	7.7891618e-18	0.0030565503	0.014943962	0.068429083	1.32722	0.50459972	106.06214	7.257188e10	0.007622291	0.15656037
19.588447	7.8202922e-18	0.0030598365	0.015011834	0.068870292	1.3326318	0.5044337	105.80955	7.2700116e10	0.0076558665	0.15690541
19.543395	7.8515282e-18	0.003063137	0.015080013	0.069314456	1.3380675	0.50426733	105.5569	7.2828501e10	0.0076895858	0.15725117
19.498446	7.8828701e-18	0.0030664519	0.015148501	0.069761594	1.3435272	0.50410062	105.30422	7.2957035e10	0.0077234494	0.15759766
19.453601	7.914318e-18	0.0030697812	0.015217299	0.070211726	1.3490108	0.50393355	105.0515	7.3085717e10	0.007757458	0.15794486
19.408859	7.9458721e-18	0.0030731251	0.015286408	0.070664871	1.3545186	0.50376612	104.79875	7.3214546e10	0.0077916122	0.15829279
19.36422	7.9775327e-18	0.0030764836	0.015355829	0.07112105	1.3600507	0.50359835	104.54597	7.3343523e10	0.0078259125	0.15864144
19.319683	8.0093e-18	0.0030798568	0.015425565	0.071580281	1.365607	0.50343022	104.29318	7.3472648e10	0.0078603596	0.15899082
19.275249	8.041174e-18	0.0030832448	0.015495616	0.072042584	1.3711878	0.50326174	104.04037	7.3601919e10	0.007894954	0.15934092
19.230917	8.0731551e-18	0.0030866477	0.015565983	0.072507981	1.376793	0.50309289	103.78755	7.3731337e10	0.0079296963	0.15969175
19.186687	8.1052435e-18	0.0030900655	0.01563667	0.07297649	1.3824228	0.5029237	103.53473	7.3860902e10	0.0079645872	0.16004332
19.142559	8.1374393e-18	0.0030934984	0.015707675	0.073448132	1.3880772	0.50275414	103.28191	7.3990613e10	0.0079996272	0.16039561
19.098533	8.1697428e-18	0.0030969463	0.015779002	0.073922928	1.3937565	0.50258422	103.02909	7.4120469e10	0.0080348169	0.16074864
19.054607	8.2021541e-18	0.0031004094	0.015850652	0.074400897	1.3994605	0.50241394	102.77629	7.4250471e10	0.0080701571	0.1611024
19.010783	8.2346734e-18	0.0031038877	0.015922626	0.074882062	1.4051895	0.5022433	102.52351	7.4380618e10	0.0081056481	0.16145689
18.967059	8.267301e-18	0.0031073815	0.015994925	0.075366441	1.4109435	0.50207229	102.27076	7.451091e10	0.0081412908	0.16181212
18.923436	8.3000369e-18	0.0031108906	0.016067552	0.075854056	1.4167227	0.50190092	102.01803	7.4641347e10	0.0081770856	0.16216809
18.879913	8.3328815e-18	0.0031144153	0.016140507	0.076344929	1.422527	0.50172919	101.76534	7.4771928e10	0.0082130332	0.16252479
18.836491	8.3658348e-18	0.0031179555	0.016213792	0.076839079	1.4283566	0.50155709	101.51268	7.4902652e10	0.0082491342	0.16288224
18.793168	8.3988972e-18	0.0031215114	0.016287408	0.07733653	1.4342116	0.50138462	101.26007	7.5033521e10	0.0082853893	0.16324042
18.749945	8.4320688e-18	0.0031250831	0.016361357	0.077837301	1.4400921	0.50121178	101.00751	7.5164532e10	0.008321799	0.16359935
18.706821	8.4653497e-18	0.0031286706	0.016435641	0.078341414	1.4459982	0.50103857	100.75501	7.5295687e10	0.0083583641	0.16395902
18.663797	8.4987401e-18	0.0031322741	0.016510261	0.07884889	1.4519298	0.50086499	100.50257	7.5426984e10	0.008395085	0.16431944
18.620871	8.5322403e-18	0.0031358936	0.016585219	0.079359752	1.4578873	0.50069104	100.25019	7.5558423e10	0.0084319625	0.16468061
18.578045	8.5658504e-18	0.0031395292	0.016660515	0.079874021	1.4638705	0.50051671	99.997884	7.5690005e10	0.0084689971	0.16504252
18.535316	8.5995706e-18	0.003143181	0.016736152	0.080391719	1.4698797	0.50034201	99.745654	7.5821727e10	0.0085061896	0.16540518
18.492686	8.6334011e-18	0.0031468491	0.016812131	0.080912868	1.4759149	0.50016693	99.493505	7.5953591e10	0.0085435405	0.16576859
18.450154	8.6673421e-18	0.0031505335	0.016888454	0.08143749	1.4819762	0.49999148	99.241443	7.6085596e10	0.0085810505	0.16613275
18.40772	8.7013937e-18	0.0031542344	0.016965122	0.081965608	1.4880637	0.49981565	98.989471	7.6217742e10	0.0086187202	0.16649767
18.365383	8.7355561e-18	0.0031579519	0.017042136	0.082497244	1.4941774	0.49963943	98.737596	7.6350028e10	0.0086565503	0.16686333
18.323144	8.7698295e-18	0.003161686	0.017119499	0.08303242	1.5003175	0.49946284	98.485823	7.6482453e10	0.0086945414	0.16722976
18.281002	8.804214e-18	0.0031654369	0.017197212	0.083571159	1.5064841	0.49928587	98.234157	7.6615018e10	0.0087326941	0.16759694
18.238957	8.8387099e-18	0.0031692045	0.017275277	0.084113485	1.5126772	0.49910851	97.982601	7.6747722e10	0.0087710092	0.16796488
18.197009	8.8733173e-18	0.0031729891	0.017353694	0.084659419	1.518897	0.49893077	97.731162	7.6880564e10	0.0088094872	0.16833358
18.155157	8.9080364e-18	0.0031767906	0.017432466	0.085208985	1.5251435	0.49875265	97.479844	7.7013545e10	0.0088481289	0.16870303
18.113401	8.9428674e-18	0.0031806093	0.017511595	0.085762206	1.5314168	0.49857414	97.228652	7.7146664e10	0.0088869348	0.16907325
18.071741	8.9778103e-18	0.0031844452	0.017591081	0.086319105	1.537717	0.49839524	96.977592	7.727992e10	0.0089259056	0.16944424
18.030177	9.0128654e-18	0.0031882983	0.017670927	0.086879706	1.5440442	0.49821595	96.726667	7.7413314e10	0.0089650421	0.16981598
17.988709	9.0480329e-18	0.0031921689	0.017751134	0.087444032	1.5503985	0.49803627	96.475884	7.7546844e10	0.0090043448	0.1701885
17.947336	9.0833129e-18	0.0031960569	0.017831703	0.088012106	1.5567799	0.4978562	96.225246	7.7680511e10	0.0090438144	0.17056178
17.906059	9.1187055e-18	0.0031999625	0.017912637	0.088583954	1.5631886	0.49767574	95.974758	7.7814314e10	0.0090834516	0.17093583
17.864876	9.154211e-18	0.0032038857	0.017993938	0.089159598	1.5696247	0.49749489	95.724425	7.7948252e10	0.0091232571	0.17131065
17.823788	9.1898296e-18	0.0032078267	0.018075605	0.089739063	1.5760882	0.49731364	95.474252	7.8082325e10	0.0091632315	0.17168623
17.782794	9.2255612e-18	0.0032117856	0.018157642	0.090322373	1.5825793	0.497132	95.224244	7.8216533e10	0.0092033755	0.1720626
17.741895	9.2614061e-18	0.0032157625	0.018240051	0.090909551	1.5890979	0.49694996	94.974405	7.8350876e10	0.0092436898	0.17243973
17.70109	9.2973644e-18	0.0032197574	0.018322831	0.091500623	1.5956443	0.49676752	94.72474	7.8485352e10	0.0092841751	0.17281764
17.660378	9.3334364e-18	0.0032237705	0.018405987	0.092095613	1.6022185	0.49658468	94.475254	7.8619962e10	0.009324832	0.17319633
17.61976	9.3696221e-18	0.0032278018	0.018489518	0.092694545	1.6088205	0.49640144	94.225951	7.8754705e10	0.0093656613	0.17357579
17.579236	9.4059218e-18	0.0032318515	0.018573427	0.093297446	1.6154505	0.4962178	93.976835	7.8889581e10	0.0094066636	0.17395603
17.538805	9.4423355e-18	0.0032359197	0.018657715	0.093904339	1.6221086	0.49603376	93.727912	7.9024589e10	0.0094478397	0.17433705
17.498467	9.4788634e-18	0.0032400064	0.018742385	0.094515249	1.6287948	0.49584931	93.479185	7.9159729e10	0.0094891901	0.17471886
17.458222	9.5155057e-18	0.0032441118	0.018827438	0.095130202	1.6355093	0.49566446	93.23066	7.9295e10	0.0095307156	0.17510144
17.418069	9.5522624e-18	0.003248236	0.018912875	0.095749223	1.6422521	0.4954792	92.982342	7.9430402e10	0.009572417	0.17548481
17.378008	9.5891337e-18	0.0032523791	0.018998699	0.096372337	1.6490233	0.49529354	92.734233	7.9565934e10	0.0096142948	0.17586897
17.33804	9.6261197e-18	0.0032565412	0.019084911	0.096999571	1.655823	0.49510746	92.48634	7.9701597e10	0.0096563499	0.17625391
17.298164	9.6632207e-18	0.0032607223	0.019171512	0.097630949	1.6626513	0.49492098	92.238665	7.9837389e10	0.0096985828	0.17663964
17.258379	9.7004368e-18	0.0032649226	0.019258506	0.098266499	1.6695083	0.49473408	91.991213	7.997331e10	0.0097409944	0.17702615
17.218686	9.737768e-18	0.0032691423	0.019345893	0.098906245	1.676394	0.49454677	91.743989	8.010936e10	0.0097835853	0.17741346
17.179084	9.7752145e-18	0.0032733813	0.019433675	0.099550215	1.6833086	0.49435905	91.496997	8.0245538e10	0.0098263562	0.17780156
17.139573	9.8127764e-18	0.0032776399	0.019521854	0.10019843	1.6902521	0.49417092	91.250242	8.0381844e10	0.0098693079	0.17819046
17.100153	9.8504539e-18	0.0032819181	0.019610431	0.10085093	1.6972246	0.49398236	91.003728	8.0518277e10	0.0099124411	0.17858015
17.060824	9.888247e-18	0.0032862161	0.01969941	0.10150772	1.7042263	0.49379339	90.757459	8.0654837e10	0.0099557564	0.17897063
17.021585	9.9261559e-18	0.0032905339	0.01978879	0.10216885	1.7112571	0.49360401	90.51144	8.0791523e10	0.0099992547	0.17936191
16.982437	9.9641807e-18	0.0032948717	0.019878575	0.10283433	1.7183173	0.4934142	90.265673	8.0928335e10	0.010042937	0.17975399
16.943378	1.0002322e-17	0.0032992295	0.019968766	0.10350419	1.7254068	0.49322397	90.020163	8.1065272e10	0.010086803	0.18014687
16.904409	1.0040579e-17	0.0033036075	0.020059365	0.10417846	1.7325257	0.49303332	89.774915	8.1202334e10	0.010130854	0.18054055
16.86553	1.0078952e-17	0.0033080059	0.020150374	0.10485717	1.7396742	0.49284225	89.529933	8.133952e10	0.010175091	0.18093503
16.826741	1.0117442e-17	0.0033124246	0.020241794	0.10554034	1.7468523	0.49265075	89.285221	8.147683e10	0.010219515	0.18133031
16.78804	1.0156048e-17	0.0033168639	0.020333628	0.106228	1.7540602	0.49245882	89.040783	8.1614264e10	0.010264126	0.1817264
16.749429	1.0194771e-17	0.0033213239	0.020425877	0.10692019	1.7612978	0.49226647	88.796623	8.175182e10	0.010308925	0.1821233
16.710906	1.023361e-17	0.0033258046	0.020518543	0.10761692	1.7685653	0.49207369	88.552745	8.1889499e10	0.010353913	0.182521
16.672472	1.0272567e-17	0.0033303062	0.020611628	0.10831822	1.7758627	0.49188048	88.309152	8.2027299e10	0.01039909	0.18291951
16.634127	1.031164e-17	0.0033348287	0.020705134	0.10902413	1.7831903	0.49168684	88.065849	8.2165221e10	0.010444458	0.18331884
16.595869	1.035083e-17	0.0033393724	0.020799063	0.10973467	1.7905479	0.49149277	87.822839	8.2303263e10	0.010490017	0.18371897
16.5577	1.0390138e-17	0.0033439374	0.020893417	0.11044987	1.7979358	0.49129827	87.580127	8.2441426e10	0.010535767	0.18411992
16.519618	1.0429562e-17	0.0033485237	0.020988197	0.11116975	1.8053539	0.49110333	87.337717	8.2579708e10	0.01058171	0.18452168
16.481624	1.0469104e-17	0.0033531315	0.021083407	0.11189435	1.8128025	0.49090795	87.095612	8.271811e10	0.010627846	0.18492425
16.443717	1.0508764e-17	0.0033577609	0.021179046	0.1126237	1.8202815	0.49071214	86.853817	8.285663e10	0.010674177	0.18532764
16.405898	1.054854e-17	0.0033624121	0.021275119	0.11335782	1.827791	0.49051589	86.612334	8.2995268e10	0.010720702	0.18573185
16.368165	1.0588435e-17	0.003367085	0.021371625	0.11409674	1.8353312	0.4903192	86.371167	8.3134023e10	0.010767422	0.18613688
16.330519	1.0628447e-17	0.00337178	0.021468569	0.11484049	1.8429021	0.49012207	86.13032	8.3272896e10	0.010814339	0.18654273
16.29296	1.0668577e-17	0.003376497	0.02156595	0.11558911	1.8505038	0.4899245	85.889797	8.3411884e10	0.010861454	0.1869494
16.255488	1.0708825e-17	0.0033812363	0.021663772	0.11634261	1.8581364	0.48972648	85.649602	8.3550989e10	0.010908766	0.1873569
16.218101	1.074919e-17	0.003385998	0.021762037	0.11710104	1.8657999	0.48952802	85.409738	8.3690209e10	0.010956276	0.18776522
16.1808	1.0789674e-17	0.0033907822	0.021860746	0.11786441	1.8734944	0.48932912	85.170209	8.3829544e10	0.011003986	0.18817436
16.143586	1.0830275e-17	0.0033955889	0.021959901	0.11863277	1.8812201	0.48912976	84.931019	8.3968992e10	0.011051897	0.18858433
16.106456	1.0870995e-17	0.0034004185	0.022059505	0.11940613	1.888977	0.48892996	84.69217	8.4108555e10	0.011100008	0.18899513
16.069413	1.0911833e-17	0.0034052708	0.022159559	0.12018454	1.8967651	0.48872971	84.453667	8.424823e10	0.011148321	0.18940676
16.032454	1.0952789e-17	0.0034101462	0.022260066	0.12096801	1.9045846	0.48852901	84.215511	8.4388017e10	0.011196837	0.18981922
15.99558	1.0993863e-17	0.0034150447	0.022361027	0.12175658	1.9124355	0.48832786	83.977709	8.4527917e10	0.011245556	0.19023251
15.958791	1.1035056e-17	0.0034199665	0.022462445	0.12255029	1.920318	0.48812625	83.740262	8.4667927e10	0.011294479	0.19064664
15.922087	1.1076368e-17	0.0034249117	0.022564321	0.12334915	1.928232	0.48792419	83.503174	8.4808048e10	0.011343607	0.1910616
15.885467	1.1117797e-17	0.0034298805	0.022666658	0.12415321	1.9361777	0.48772168	83.26645	8.4948279e10	0.011392941	0.1914774
15.848932	1.1159346e-17	0.003434873	0.022769459	0.12496248	1.9441551	0.4875187	83.030091	8.5088619e10	0.011442481	0.19189403
15.81248	1.1201012e-17	0.0034398893	0.022872724	0.12577702	1.9521643	0.48731527	82.794102	8.5229068e10	0.011492229	0.19231151
15.776113	1.1242798e-17	0.0034449295	0.022976456	0.12659683	1.9602055	0.48711138	82.558484	8.5369625e10	0.011542185	0.19272982
15.739829	1.1284702e-17	0.0034499938	0.023080657	0.12742197	1.9682786	0.48690703	82.323242	8.551029e10	0.01159235	0.19314898
15.703628	1.1326725e-17	0.0034550824	0.02318533	0.12825245	1.9763838	0.48670221	82.088379	8.5651061e10	0.011642725	0.19356897
15.667511	1.1368867e-17	0.0034601953	0.023290476	0.12908831	1.9845211	0.48649693	81.853897	8.5791939e10	0.01169331	0.19398981
15.631476	1.1411127e-17	0.0034653328	0.023396097	0.12992959	1.9926906	0.48629119	81.619801	8.5932922e10	0.011744107	0.1944115
15.595525	1.1453507e-17	0.0034704949	0.023502196	0.1307763	2.0008923	0.48608498	81.386094	8.6074011e10	0.011795116	0.19483403
15.559656	1.1496005e-17	0.0034756819	0.023608776	0.13162849	2.0091264	0.4858783	81.152779	8.6215203e10	0.011846338	0.19525742
15.52387	1.1538622e-17	0.0034808938	0.023715837	0.13248619	2.0173929	0.48567116	80.919858	8.6356499e10	0.011897774	0.19568165
15.488166	1.1581358e-17	0.0034861308	0.023823382	0.13334942	2.0256919	0.48546354	80.687335	8.6497898e10	0.011949425	0.19610673
15.452544	1.1624213e-17	0.0034913931	0.023931414	0.13421823	2.0340235	0.48525546	80.455212	8.66394e10	0.012001291	0.19653266
15.417005	1.1667187e-17	0.0034966807	0.024039935	0.13509265	2.0423877	0.4850469	80.223492	8.6781003e10	0.012053374	0.19695945
15.381546	1.171028e-17	0.0035019939	0.024148946	0.1359727	2.0507846	0.48483786	79.992179	8.6922707e10	0.012105674	0.19738709
15.34617	1.1753491e-17	0.0035073328	0.02425845	0.13685842	2.0592143	0.48462836	79.761275	8.7064511e10	0.012158192	0.19781558
15.310875	1.1796822e-17	0.0035126975	0.02436845	0.13774985	2.0676768	0.48441837	79.530785	8.7206415e10	0.012210929	0.19824494
15.275661	1.1840272e-17	0.0035180883	0.024478947	0.138647	2.0761723	0.48420791	79.30071	8.7348418e10	0.012263885	0.19867515
15.240528	1.1883841e-17	0.0035235052	0.024589945	0.13954993	2.0847007	0.48399697	79.071054	8.7490519e10	0.012317063	0.19910622
15.205475	1.1927528e-17	0.0035289485	0.024701444	0.14045866	2.0932621	0.48378555	78.841818	8.7632718e10	0.012370461	0.19953815
15.170504	1.1971335e-17	0.0035344182	0.024813447	0.14137323	2.1018567	0.48357364	78.613006	8.7775013e10	0.012424082	0.19997094
15.135612	1.2015261e-17	0.0035399145	0.024925957	0.14229367	2.1104845	0.48336126	78.384621	8.7917405e10	0.012477926	0.2004046
15.100802	1.2059306e-17	0.0035454376	0.025038976	0.14322001	2.1191455	0.48314839	78.156664	8.8059892e10	0.012531995	0.20083912
15.066071	1.2103469e-17	0.0035509876	0.025152507	0.14415229	2.1278399	0.48293503	77.929139	8.8202474e10	0.012586288	0.20127451
15.03142	1.2147752e-17	0.0035565647	0.025266551	0.14509055	2.1365676	0.48272119	77.702049	8.834515e10	0.012640806	0.20171077
14.996848	1.2192154e-17	0.0035621692	0.02538111	0.1460348	2.1453288	0.48250686	77.475397	8.8487919e10	0.012695552	0.20214789
14.962357	1.2236674e-17	0.003567801	0.025496188	0.1469851	2.1541235	0.48229204	77.249185	8.8630781e10	0.012750525	0.20258589
14.927944	1.2281313e-17	0.0035734605	0.025611787	0.14794147	2.1629517	0.48207673	77.023416	8.8773734e10	0.012805726	0.20302475
14.893611	1.2326071e-17	0.0035791477	0.025727908	0.14890395	2.1718136	0.48186092	76.798092	8.8916779e10	0.012861156	0.20346449
14.859356	1.2370948e-17	0.0035848628	0.025844555	0.14987258	2.1807092	0.48164462	76.573215	8.9059913e10	0.012916817	0.2039051
14.825181	1.2415944e-17	0.003590606	0.02596173	0.15084739	2.1896386	0.48142783	76.348788	8.9203138e10	0.012972709	0.20434659
14.791084	1.2461059e-17	0.0035963774	0.026079434	0.15182841	2.1986018	0.48121054	76.124813	8.9346451e10	0.013028832	0.20478895
14.757065	1.2506292e-17	0.0036021772	0.026197671	0.15281568	2.2075989	0.48099276	75.901294	8.9489853e10	0.013085188	0.20523219
14.723125	1.2551644e-17	0.0036080057	0.026316443	0.15380924	2.2166299	0.48077448	75.678232	8.9633341e10	0.013141778	0.20567631
14.689263	1.2597115e-17	0.003613863	0.026435752	0.15480911	2.2256949	0.48055569	75.455631	8.9776917e10	0.013198602	0.20612131
14.655478	1.2642704e-17	0.0036197492	0.026555601	0.15581534	2.2347939	0.4803364	75.233492	8.9920578e10	0.013255662	0.20656719
14.621772	1.2688411e-17	0.0036256646	0.026675993	0.15682796	2.2439271	0.48011662	75.011819	9.0064324e10	0.013312958	0.20701396
14.588143	1.2734237e-17	0.0036316093	0.026796929	0.15784701	2.2530944	0.47989632	74.790613	9.0208154e10	0.013370492	0.20746161
14.554591	1.2780181e-17	0.0036375834	0.026918412	0.15887252	2.2622959	0.47967553	74.569875	9.0352068e10	0.013428263	0.20791014
14.521116	1.2826244e-17	0.0036435871	0.027040444	0.15990453	2.2715318	0.47945422	74.349609	9.0496064e10	0.013486274	0.20835956
14.487719	1.2872425e-17	0.0036496207	0.027163029	0.16094307	2.2808019	0.47923241	74.129816	9.0640142e10	0.013544524	0.20880987
14.454398	1.2918724e-17	0.0036556843	0.027286169	0.16198819	2.2901065	0.47901009	73.910499	9.0784301e10	0.013603015	0.20926107
14.421154	1.2965141e-17	0.0036617781	0.027409865	0.16303992	2.2994455	0.47878725	73.691661	9.092854e10	0.013661748	0.20971315
14.387986	1.3011676e-17	0.0036679023	0.027534121	0.16409829	2.308819	0.47856391	73.473303	9.1072859e10	0.013720724	0.21016613
14.354894	1.3058329e-17	0.003674057	0.02765894	0.16516335	2.3182271	0.47834005	73.255427	9.1217256e10	0.013779944	0.21062
14.321879	1.31051e-17	0.0036802425	0.027784323	0.16623512	2.3276697	0.47811567	73.038036	9.1361731e10	0.013839408	0.21107477
14.28894	1.3151989e-17	0.003686459	0.027910274	0.16731365	2.337147	0.47789078	72.821131	9.1506283e10	0.013899117	0.21153043
14.256076	1.3198995e-17	0.0036927065	0.028036794	0.16839897	2.3466589	0.47766538	72.604715	9.1650912e10	0.013959073	0.21198699
14.223288	1.3246119e-17	0.0036989854	0.028163887	0.16949112	2.3562057	0.47743945	72.388789	9.1795615e10	0.014019276	0.21244445
14.190575	1.329336e-17	0.0037052958	0.028291555	0.17059014	2.3657871	0.47721301	72.173357	9.1940393e10	0.014079728	0.21290281
14.157938	1.3340718e-17	0.0037116379	0.028419801	0.17169606	2.3754035	0.47698604	71.958418	9.2085244e10	0.014140428	0.21336206
14.125375	1.3388194e-17	0.0037180119	0.028548627	0.17280893	2.3850547	0.47675855	71.743976	9.2230168e10	0.014201379	0.21382222
14.092888	1.3435787e-17	0.003724418	0.028678036	0.17392878	2.3947408	0.47653053	71.530033	9.2375164e10	0.014262581	0.21428329
14.060475	1.3483496e-17	0.0037308564	0.028808031	0.17505564	2.4044619	0.47630199	71.31659	9.252023e10	0.014324035	0.21474525
14.028137	1.3531323e-17	0.0037373272	0.028938614	0.17618957	2.4142179	0.47607292	71.10365	9.2665367e10	0.014385741	0.21520812
13.995873	1.3579266e-17	0.0037438308	0.029069787	0.17733058	2.4240091	0.47584333	70.891213	9.2810573e10	0.014447702	0.2156719
13.963684	1.3627326e-17	0.0037503673	0.029201555	0.17847873	2.4338353	0.4756132	70.679282	9.2955848e10	0.014509918	0.21613659
13.931568	1.3675502e-17	0.0037569369	0.029333919	0.17963405	2.4436966	0.47538255	70.467859	9.3101189e10	0.014572389	0.21660219
13.899526	1.3723795e-17	0.0037635397	0.029466882	0.18079658	2.4535931	0.47515136	70.256945	9.3246598e10	0.014635117	0.2170687
13.867558	1.3772203e-17	0.0037701761	0.029600446	0.18196636	2.4635248	0.47491963	70.046542	9.3392072e10	0.014698103	0.21753612
13.835664	1.3820728e-17	0.0037768463	0.029734615	0.18314343	2.4734917	0.47468738	69.836652	9.3537611e10	0.014761348	0.21800445
13.803843	1.3869369e-17	0.0037835503	0.029869392	0.18432782	2.4834939	0.47445458	69.627277	9.3683213e10	0.014824853	0.2184737
13.772095	1.3918125e-17	0.0037902885	0.030004778	0.18551958	2.4935314	0.47422125	69.418417	9.3828879e10	0.014888618	0.21894386
13.74042	1.3966996e-17	0.003797061	0.030140777	0.18671874	2.5036042	0.47398738	69.210076	9.3974606e10	0.014952645	0.21941494
13.708818	1.4015983e-17	0.0038038682	0.030277392	0.18792534	2.5137124	0.47375297	69.002253	9.4120395e10	0.015016934	0.21988694
13.677288	1.4065085e-17	0.0038107101	0.030414625	0.18913943	2.523856	0.47351801	68.794952	9.4266243e10	0.015081487	0.22035985
13.645831	1.4114303e-17	0.003817587	0.030552479	0.19036104	2.534035	0.47328252	68.588173	9.4412151e10	0.015146305	0.22083369
13.614447	1.4163635e-17	0.0038244991	0.030690957	0.19159021	2.5442494	0.47304648	68.381918	9.4558117e10	0.015211388	0.22130845
13.583134	1.4213081e-17	0.0038314467	0.030830062	0.19282698	2.5544994	0.47280989	68.176189	9.4704141e10	0.015276738	0.22178413
13.551894	1.4262642e-17	0.00383843	0.030969797	0.1940714	2.5647849	0.47257275	67.970987	9.485022e10	0.015342355	0.22226074
13.520726	1.4312317e-17	0.0038454491	0.031110164	0.19532349	2.5751059	0.47233507	67.766313	9.4996355e10	0.015408241	0.22273828
13.489629	1.4362107e-17	0.0038525044	0.031251167	0.19658331	2.5854624	0.47209684	67.562169	9.5142545e10	0.015474396	0.22321674
13.458604	1.441201e-17	0.003859596	0.031392808	0.19785088	2.5958546	0.47185805	67.358556	9.5288788e10	0.015540822	0.22369612
13.42765	1.4462027e-17	0.0038667242	0.03153509	0.19912626	2.6062823	0.47161871	67.155476	9.5435083e10	0.01560752	0.22417644
13.396767	1.4512157e-17	0.0038738892	0.031678017	0.20040948	2.6167456	0.47137882	66.95293	9.558143e10	0.01567449	0.22465769
13.365955	1.45624e-17	0.0038810913	0.03182159	0.20170058	2.6272446	0.47113837	66.750919	9.5727827e10	0.015741733	0.22513987
13.335214	1.4612756e-17	0.0038883306	0.031965814	0.20299961	2.6377793	0.47089736	66.549445	9.5874274e10	0.015809251	0.22562298
13.304544	1.4663225e-17	0.0038956075	0.03211069	0.20430659	2.6483496	0.4706558	66.348509	9.6020769e10	0.015877045	0.22610703
13.273945	1.4713807e-17	0.0039029221	0.032256222	0.20562159	2.6589557	0.47041368	66.148111	9.6167312e10	0.015945116	0.22659201
13.243415	1.47645e-17	0.0039102747	0.032402414	0.20694462	2.6695974	0.47017099	65.948255	9.6313901e10	0.016013464	0.22707793
13.212956	1.4815306e-17	0.0039176656	0.032549267	0.20827574	2.6802749	0.46992775	65.74894	9.6460536e10	0.016082091	0.22756479
13.182567	1.4866224e-17	0.0039250949	0.032696785	0.20961499	2.690988	0.46968393	65.550168	9.6607215e10	0.016150997	0.22805258
13.152248	1.4917253e-17	0.003932563	0.032844971	0.21096241	2.701737	0.46943956	65.35194	9.6753937e10	0.016220184	0.22854132
13.121999	1.4968393e-17	0.00394007	0.032993828	0.21231804	2.7125217	0.46919461	65.154257	9.6900702e10	0.016289653	0.229031
13.091819	1.5019644e-17	0.0039476162	0.033143359	0.21368191	2.7233421	0.4689491	64.95712	9.7047508e10	0.016359405	0.22952162
13.061709	1.5071006e-17	0.003955202	0.033293568	0.21505408	2.7341983	0.46870302	64.760531	9.7194355e10	0.016429441	0.23001318
13.031668	1.5122479e-17	0.0039628275	0.033444456	0.21643459	2.7450902	0.46845637	64.56449	9.734124e10	0.016499761	0.23050569
13.001696	1.5174061e-17	0.003970493	0.033596028	0.21782346	2.756018	0.46820915	64.368999	9.7488164e10	0.016570368	0.23099915
12.971793	1.5225754e-17	0.0039781987	0.033748286	0.21922076	2.7669815	0.46796135	64.174058	9.7635125e10	0.016641261	0.23149355
12.941958	1.5277556e-17	0.0039859449	0.033901234	0.22062651	2.7779808	0.46771298	63.979668	9.7782122e10	0.016712442	0.2319889
12.912193	1.5329467e-17	0.0039937319	0.034054875	0.22204077	2.7890159	0.46746403	63.785831	9.7929153e10	0.016783913	0.23248521
12.882496	1.5381487e-17	0.0040015599	0.034209211	0.22346356	2.8000867	0.4672145	63.592548	9.8076219e10	0.016855673	0.23298246
12.852867	1.5433617e-17	0.0040094293	0.034364247	0.22489494	2.8111933	0.46696439	63.399819	9.8223317e10	0.016927725	0.23348066
12.823306	1.5485854e-17	0.0040173401	0.034519984	0.22633495	2.8223356	0.46671371	63.207645	9.8370447e10	0.017000069	0.23397982
12.793813	1.55382e-17	0.0040252929	0.034676427	0.22778363	2.8335138	0.46646244	63.016028	9.8517607e10	0.017072707	0.23447994
12.764388	1.5590653e-17	0.0040332877	0.034833579	0.22924101	2.8447276	0.46621059	62.824967	9.8664797e10	0.017145639	0.23498101
12.735031	1.5643214e-17	0.0040413249	0.034991442	0.23070715	2.8559772	0.46595815	62.634465	9.8812015e10	0.017218866	0.23548303
12.705741	1.5695881e-17	0.0040494048	0.035150021	0.23218209	2.8672626	0.46570513	62.444521	9.8959261e10	0.01729239	0.23598602
12.676519	1.5748656e-17	0.0040575277	0.035309318	0.23366587	2.8785836	0.46545152	62.255137	9.9106532e10	0.017366211	0.23648996
12.647363	1.5801537e-17	0.0040656937	0.035469336	0.23515852	2.8899404	0.46519732	62.066314	9.9253829e10	0.017440331	0.23699487
12.618275	1.5854524e-17	0.0040739033	0.03563008	0.2366601	2.9013328	0.46494253	61.878051	9.9401149e10	0.017514751	0.23750073
12.589254	1.5907617e-17	0.0040821566	0.035791552	0.23817065	2.9127609	0.46468714	61.690351	9.9548492e10	0.017589472	0.23800756
12.5603	1.5960815e-17	0.0040904541	0.035953755	0.2396902	2.9242247	0.46443117	61.503213	9.9695856e10	0.017664495	0.23851535
12.531412	1.6014118e-17	0.0040987959	0.036116693	0.24121881	2.9357241	0.4641746	61.316638	9.9843241e10	0.017739821	0.23902411
12.50259	1.6067525e-17	0.0041071824	0.03628037	0.24275651	2.9472591	0.46391744	61.130628	9.9990644e10	0.01781545	0.23953384
12.473835	1.6121037e-17	0.0041156138	0.036444788	0.24430335	2.9588296	0.46365967	60.945182	1.0013807e11	0.017891386	0.24004453
12.445146	1.6174653e-17	0.0041240904	0.036609951	0.24585937	2.9704358	0.46340131	60.760302	1.0028551e11	0.017967627	0.24055619
12.416523	1.6228372e-17	0.0041326127	0.036775862	0.24742462	2.9820775	0.46314235	60.575987	1.0043296e11	0.018044176	0.24106882
12.387966	1.6282194e-17	0.0041411807	0.036942526	0.24899913	2.9937546	0.46288279	60.39224	1.0058043e11	0.018121034	0.24158242
12.359474	1.6336119e-17	0.004149795	0.037109944	0.25058295	3.0054673	0.46262262	60.209059	1.0072791e11	0.018198201	0.242097
12.331048	1.6390146e-17	0.0041584557	0.037278121	0.25217612	3.0172153	0.46236185	60.026447	1.008754e11	0.018275679	0.24261255
12.302688	1.6444275e-17	0.0041671632	0.037447061	0.25377869	3.0289988	0.46210048	59.844402	1.0102291e11	0.018353469	0.24312907
12.274392	1.6498506e-17	0.0041759177	0.037616766	0.25539071	3.0408177	0.46183849	59.662926	1.0117042e11	0.018431572	0.24364656
12.246162	1.6552838e-17	0.0041847197	0.03778724	0.2570122	3.0526719	0.4615759	59.48202	1.0131795e11	0.018509989	0.24416504
12.217997	1.660727e-17	0.0041935694	0.037958487	0.25864323	3.0645613	0.4613127	59.301683	1.0146548e11	0.018588722	0.24468449
12.189896	1.6661802e-17	0.0042024671	0.03813051	0.26028382	3.0764861	0.46104889	59.121917	1.0161301e11	0.018667771	0.24520492
12.16186	1.6716434e-17	0.0042114132	0.038303312	0.26193403	3.088446	0.46078446	58.942722	1.0176055e11	0.018747137	0.24572633
12.133889	1.6771165e-17	0.004220408	0.038476898	0.26359389	3.1004411	0.46051942	58.764098	1.019081e11	0.018826822	0.24624872
12.105981	1.6825995e-17	0.0042294517	0.038651271	0.26526346	3.1124713	0.46025377	58.586045	1.0205564e11	0.018906827	0.2467721
12.078138	1.6880923e-17	0.0042385448	0.038826434	0.26694277	3.1245366	0.4599875	58.408565	1.0220319e11	0.018987153	0.24729646
12.050359	1.6935949e-17	0.0042476876	0.039002392	0.26863187	3.1366369	0.45972061	58.231657	1.0235074e11	0.019067801	0.2478218
12.022644	1.6991073e-17	0.0042568805	0.039179147	0.2703308	3.1487722	0.4594531	58.055322	1.0249828e11	0.019148772	0.24834813
11.994993	1.7046293e-17	0.0042661236	0.039356703	0.2720396	3.1609423	0.45918497	57.87956	1.0264583e11	0.019230067	0.24887544
11.967405	1.710161e-17	0.0042754174	0.039535064	0.27375833	3.1731474	0.45891621	57.704372	1.0279336e11	0.019311688	0.24940374
11.939881	1.7157023e-17	0.0042847623	0.039714235	0.27548702	3.1853872	0.45864684	57.529757	1.029409e11	0.019393636	0.24993303
11.91242	1.7212531e-17	0.0042941585	0.039894217	0.27722572	3.1976618	0.45837683	57.355716	1.0308842e11	0.019475912	0.25046332
11.885022	1.7268134e-17	0.0043036065	0.040075016	0.27897447	3.2099711	0.4581062	57.18225	1.0323594e11	0.019558516	0.25099459
11.857687	1.7323832e-17	0.0043131065	0.040256634	0.28073331	3.2223149	0.45783495	57.009358	1.0338345e11	0.019641451	0.25152685
11.830416	1.7379623e-17	0.004322659	0.040439076	0.28250229	3.2346933	0.45756306	56.837042	1.0353095e11	0.019724717	0.25206011
11.803206	1.7435508e-17	0.0043322643	0.040622345	0.28428145	3.2471062	0.45729054	56.6653	1.0367843e11	0.019808316	0.25259436
11.77606	1.7491486e-17	0.0043419227	0.040806446	0.28607084	3.2595535	0.45701739	56.494133	1.0382591e11	0.019892248	0.25312961
11.748976	1.7547556e-17	0.0043516346	0.040991381	0.2878705	3.2720351	0.45674361	56.323542	1.0397336e11	0.019976515	0.25366586
11.721954	1.7603718e-17	0.0043614004	0.041177155	0.28968047	3.284551	0.45646919	56.153527	1.0412081e11	0.020061118	0.2542031
11.694994	1.7659971e-17	0.0043712204	0.041363772	0.2915008	3.2971011	0.45619413	55.984088	1.0426823e11	0.020146059	0.25474134
11.668096	1.7716315e-17	0.0043810952	0.041551235	0.29333153	3.3096852	0.45591844	55.815225	1.0441564e11	0.020231338	0.25528058
11.64126	1.7772749e-17	0.0043910248	0.041739549	0.2951727	3.3223034	0.45564211	55.646938	1.0456302e11	0.020316956	0.25582082
11.614486	1.7829272e-17	0.0044010099	0.041928716	0.29702437	3.3349556	0.45536513	55.479226	1.0471039e11	0.020402915	0.25636206
11.587774	1.7885885e-17	0.0044110507	0.042118742	0.29888657	3.3476416	0.45508752	55.312091	1.0485773e11	0.020489217	0.25690431
11.561122	1.7942585e-17	0.0044211476	0.04230963	0.30075934	3.3603614	0.45480926	55.145533	1.0500504e11	0.020575861	0.25744756
11.534533	1.7999374e-17	0.0044313011	0.042501384	0.30264273	3.3731148	0.45453036	54.979551	1.0515234e11	0.02066285	0.25799182
11.508004	1.8056249e-17	0.0044415116	0.042694008	0.30453679	3.3859018	0.45425081	54.814147	1.052996e11	0.020750184	0.25853708
11.481536	1.8113211e-17	0.0044517794	0.042887506	0.30644155	3.3987224	0.45397061	54.649318	1.0544683e11	0.020837865	0.25908335
11.455129	1.8170259e-17	0.0044621048	0.043081882	0.30835707	3.4115763	0.45368976	54.485066	1.0559404e11	0.020925894	0.25963062
11.428783	1.8227393e-17	0.0044724884	0.04327714	0.31028338	3.4244636	0.45340826	54.32139	1.0574122e11	0.021014273	0.26017891
11.402498	1.8284611e-17	0.0044829305	0.043473283	0.31222053	3.437384	0.45312612	54.158291	1.0588836e11	0.021103001	0.2607282
11.376273	1.8341914e-17	0.0044934316	0.043670317	0.31416856	3.4503376	0.45284331	53.995769	1.0603546e11	0.021192082	0.26127851
11.350108	1.8399299e-17	0.004503992	0.043868245	0.31612751	3.4633241	0.45255986	53.833824	1.0618254e11	0.021281515	0.26182983
11.324004	1.8456768e-17	0.0045146122	0.044067072	0.31809743	3.4763435	0.45227574	53.672455	1.0632957e11	0.021371302	0.26238216
11.297959	1.8514318e-17	0.0045252926	0.044266801	0.32007837	3.4893957	0.45199097	53.511663	1.0647657e11	0.021461445	0.26293551
11.271975	1.8571951e-17	0.0045360335	0.044467436	0.32207036	3.5024806	0.45170554	53.351446	1.0662352e11	0.021551944	0.26348987
11.24605	1.8629664e-17	0.0045468355	0.044668982	0.32407346	3.5155981	0.45141945	53.191806	1.0677044e11	0.021642801	0.26404525
11.220185	1.8687457e-17	0.0045576989	0.044871443	0.32608769	3.5287479	0.4511327	53.032742	1.0691731e11	0.021734017	0.26460165
11.194379	1.8745329e-17	0.0045686243	0.045074822	0.3281131	3.5419301	0.45084529	52.874254	1.0706414e11	0.021825593	0.26515906
11.168632	1.880328e-17	0.004579612	0.045279126	0.33014975	3.5551444	0.45055721	52.716343	1.0721092e11	0.02191753	0.26571749
11.142945	1.886131e-17	0.0045906625	0.045484356	0.33219766	3.5683908	0.45026847	52.559007	1.0735765e11	0.022009831	0.26627695
11.117317	1.8919416e-17	0.0046017761	0.045690519	0.33425689	3.5816692	0.44997906	52.402247	1.0750434e11	0.022102495	0.26683742
11.091748	1.89776e-17	0.0046129534	0.045897617	0.33632748	3.5949794	0.44968898	52.246062	1.0765097e11	0.022195524	0.26739892
11.066238	1.9035859e-17	0.0046241949	0.046105656	0.33840947	3.6083213	0.44939823	52.090452	1.0779756e11	0.02228892	0.26796144
11.040786	1.9094194e-17	0.0046355009	0.046314639	0.3405029	3.6216947	0.44910681	51.935418	1.0794409e11	0.022382684	0.26852499
11.015393	1.9152603e-17	0.004646872	0.046524572	0.34260782	3.6350995	0.44881471	51.780958	1.0809056e11	0.022476816	0.26908955
10.990058	1.9211085e-17	0.0046583086	0.046735457	0.34472426	3.6485356	0.44852194	51.627074	1.0823698e11	0.022571319	0.26965515
10.964782	1.9269641e-17	0.0046698112	0.046947301	0.34685227	3.6620028	0.4482285	51.473764	1.0838334e11	0.022666193	0.27022177
10.939564	1.9328269e-17	0.0046813802	0.047160106	0.3489919	3.675501	0.44793438	51.321027	1.0852964e11	0.02276144	0.27078942
10.914403	1.9386968e-17	0.004693016	0.047373878	0.35114318	3.6890301	0.44763958	51.168865	1.0867588e11	0.022857062	0.2713581
10.889301	1.9445738e-17	0.0047047193	0.047588621	0.35330616	3.7025898	0.44734411	51.017276	1.0882205e11	0.022953058	0.27192781
10.864256	1.9504578e-17	0.0047164905	0.04780434	0.35548088	3.7161801	0.44704795	50.866261	1.0896816e11	0.023049431	0.27249855
10.839269	1.9563487e-17	0.0047283301	0.048021038	0.35766737	3.7298007	0.44675111	50.715819	1.0911421e11	0.023146182	0.27307033
10.81434	1.9622464e-17	0.0047402385	0.048238721	0.35986569	3.7434515	0.44645358	50.565951	1.0926019e11	0.023243312	0.27364313
10.789467	1.9681509e-17	0.0047522163	0.048457393	0.36207587	3.7571325	0.44615537	50.416654	1.094061e11	0.023340822	0.27421697
10.764652	1.974062e-17	0.0047642639	0.048677059	0.36429796	3.7708433	0.44585648	50.267929	1.0955194e11	0.023438714	0.27479184
10.739894	1.9799798e-17	0.0047763819	0.048897722	0.366532	3.784584	0.44555689	50.119776	1.096977e11	0.023536989	0.27536775
10.715193	1.985904e-17	0.0047885708	0.049119388	0.36877803	3.7983541	0.44525662	49.972195	1.0984339e11	0.023635648	0.2759447
10.690549	1.9918347e-17	0.0048008311	0.049342061	0.37103608	3.8121536	0.44495565	49.825186	1.0998901e11	0.023734693	0.27652268
10.665961	1.9977717e-17	0.0048131633	0.049565747	0.3733062	3.8259824	0.444654	49.678747	1.1013455e11	0.023834125	0.2771017
10.64143	2.0037149e-17	0.004825568	0.049790448	0.37558843	3.8398401	0.44435165	49.532879	1.1028001e11	0.023933944	0.27768176
10.616956	2.0096643e-17	0.0048380456	0.050016171	0.37788282	3.8537268	0.44404861	49.38758	1.1042539e11	0.024034154	0.27826286
10.592537	2.0156198e-17	0.0048505967	0.05024292	0.3801894	3.8676422	0.44374487	49.242851	1.1057069e11	0.024134754	0.278845
10.568175	2.0215813e-17	0.0048632217	0.0504707	0.38250822	3.8815861	0.44344043	49.098691	1.107159e11	0.024235746	0.27942818
10.543869	2.0275488e-17	0.0048759215	0.050699515	0.38483931	3.8955582	0.44313529	48.9551	1.1086103e11	0.024337131	0.2800124
10.519619	2.033522e-17	0.0048886963	0.05092937	0.3871827	3.9095585	0.44282946	48.812078	1.1100607e11	0.024438911	0.28059767
10.495424	2.0395009e-17	0.0049015469	0.05116027	0.38953845	3.9235867	0.44252292	48.669624	1.1115103e11	0.024541088	0.28118398
10.471285	2.0454854e-17	0.0049144737	0.05139222	0.39190659	3.9376426	0.44221568	48.527738	1.1129589e11	0.024643661	0.28177134
10.447202	2.0514755e-17	0.0049274773	0.051625224	0.39428716	3.951726	0.44190774	48.386418	1.1144066e11	0.024746633	0.28235974
10.423174	2.0574711e-17	0.0049405582	0.051859288	0.39668021	3.9658369	0.44159909	48.245665	1.1158533e11	0.024850005	0.28294919
10.399202	2.0634721e-17	0.004953717	0.052094417	0.39908577	3.9799748	0.44128973	48.105478	1.1172991e11	0.024953779	0.28353969
10.375284	2.0694783e-17	0.0049669544	0.052330614	0.40150387	3.9941397	0.44097967	47.965856	1.1187439e11	0.025057955	0.28413124
10.351422	2.0754896e-17	0.0049802709	0.052567886	0.40393456	4.0083312	0.44066889	47.826801	1.1201878e11	0.025162535	0.28472383
10.327614	2.081506e-17	0.0049936672	0.052806237	0.40637787	4.0225492	0.44035741	47.68831	1.1216306e11	0.02526752	0.28531748
10.303861	2.0875274e-17	0.0050071437	0.053045672	0.40883385	4.0367934	0.44004521	47.550384	1.1230724e11	0.025372912	0.28591218
10.280163	2.0935537e-17	0.0050207011	0.053286196	0.41130253	4.0510637	0.4397323	47.413021	1.1245132e11	0.025478712	0.28650793
10.256519	2.0995848e-17	0.0050343399	0.053527814	0.41378396	4.0653599	0.43941867	47.27622	1.1259529e11	0.025584921	0.28710473
10.23293	2.1056206e-17	0.0050480608	0.053770531	0.41627816	4.0796817	0.43910433	47.139983	1.1273915e11	0.025691541	0.28770258
10.209395	2.1116609e-17	0.0050618644	0.054014352	0.41878518	4.0940289	0.43878927	47.004307	1.128829e11	0.025798573	0.28830149
10.185914	2.1177058e-17	0.0050757514	0.054259283	0.42130504	4.1084012	0.43847349	46.869194	1.1302654e11	0.025906018	0.28890146
10.162487	2.1237549e-17	0.0050897224	0.054505329	0.42383779	4.1227983	0.43815699	46.734642	1.1317007e11	0.026013878	0.28950248
10.139114	2.1298084e-17	0.005103778	0.054752493	0.42638346	4.1372201	0.43783977	46.600651	1.1331348e11	0.026122153	0.29010455
10.115795	2.135866e-17	0.0051179188	0.055000783	0.4289421	4.1516663	0.43752183	46.467219	1.1345677e11	0.026230847	0.29070769
10.092529	2.1419278e-17	0.0051321454	0.055250202	0.43151374	4.1661368	0.43720316	46.334347	1.1359995e11	0.026339959	0.29131188
10.069317	2.1479935e-17	0.0051464585	0.055500757	0.43409842	4.1806312	0.43688377	46.202032	1.1374301e11	0.026449491	0.29191713
10.046158	2.1540631e-17	0.0051608588	0.055752452	0.43669616	4.1951493	0.43656365	46.070276	1.1388594e11	0.026559445	0.29252345
10.023052	2.1601364e-17	0.0051753469	0.056005293	0.439307	4.2096907	0.4362428	45.939079	1.1402875e11	0.026669821	0.29313082
10.	2.1662133e-17	0.0051899237	0.056259285	0.44193098	4.2242553	0.43592123	45.808438	1.1417143e11	0.026780622	0.29373925
9.9770006	2.1722938e-17	0.0052045896	0.056514433	0.44456812	4.2388428	0.43559892	45.678354	1.1431399e11	0.026891848	0.29434875
9.9540542	2.1783777e-17	0.0052193453	0.056770742	0.44721848	4.2534529	0.43527588	45.548826	1.1445642e11	0.027003501	0.2949593
9.9311605	2.184465e-17	0.0052341915	0.057028219	0.44988208	4.2680855	0.4349521	45.419853	1.1459871e11	0.027115583	0.29557093
9.9083194	2.1905555e-17	0.0052491289	0.057286868	0.45255897	4.2827402	0.4346276	45.291433	1.1474087e11	0.027228094	0.29618361
9.8855309	2.1966491e-17	0.0052641582	0.057546695	0.45524916	4.2974168	0.43430235	45.163568	1.148829e11	0.027341037	0.29679736
9.8627949	2.2027457e-17	0.0052792802	0.057807705	0.45795269	4.3121148	0.43397637	45.036256	1.1502479e11	0.027454412	0.29741218
9.8401111	2.2088451e-17	0.0052944956	0.058069903	0.46066959	4.3268341	0.43364965	44.909498	1.1516654e11	0.027568221	0.29802806
9.8174794	2.2149472e-17	0.0053098052	0.058333296	0.46339989	4.3415743	0.43332219	44.783292	1.1530815e11	0.027682465	0.29864501
9.7948999	2.221052e-17	0.0053252095	0.058597889	0.46614363	4.3563352	0.43299399	44.657638	1.1544961e11	0.027797145	0.29926303
9.7723722	2.2271593e-17	0.0053407093	0.058863687	0.46890084	4.3711166	0.43266504	44.532533	1.1559093e11	0.027912264	0.29988211
9.7498964	2.2332691e-17	0.0053563053	0.059130696	0.47167156	4.3859181	0.43233536	44.407979	1.1573211e11	0.028027822	0.30050227
9.7274722	2.2393812e-17	0.0053719982	0.059398921	0.47445582	4.4007395	0.43200492	44.283973	1.1587313e11	0.028143822	0.30112349
9.7050997	2.2454955e-17	0.005387789	0.059668368	0.47725364	4.4155804	0.43167374	44.160516	1.1601401e11	0.028260263	0.30174578
9.6827786	2.2516117e-17	0.0054036783	0.059939043	0.48006505	4.4304404	0.43134182	44.037608	1.1615473e11	0.028377148	0.30236915
9.6605088	2.2577299e-17	0.0054196669	0.060210952	0.48289008	4.4453194	0.43100914	43.915248	1.162953e11	0.028494478	0.30299359
9.6382902	2.2638499e-17	0.0054357556	0.0604841	0.48572876	4.4602168	0.43067572	43.793435	1.1643571e11	0.028612254	0.3036191
9.6161228	2.2699716e-17	0.0054519452	0.060758492	0.48858112	4.4751326	0.43034154	43.672167	1.1657596e11	0.028730479	0.30424568
9.5940063	2.2760949e-17	0.0054682362	0.061034135	0.4914472	4.4900664	0.43000661	43.551445	1.1671605e11	0.028849152	0.30487334
9.5719407	2.2822197e-17	0.0054846297	0.061311035	0.49432702	4.5050179	0.42967093	43.431266	1.1685598e11	0.028968277	0.30550207
9.5499259	2.2883458e-17	0.0055011263	0.061589197	0.49722062	4.5199867	0.42933449	43.311631	1.1699575e11	0.029087853	0.30613187
9.5279616	2.2944731e-17	0.005517727	0.061868627	0.500128	4.5349725	0.42899729	43.19254	1.1713535e11	0.029207883	0.30676276
9.5060479	2.3006014e-17	0.0055344327	0.062149331	0.5030492	4.5499749	0.42865934	43.073993	1.1727478e11	0.029328368	0.30739471
9.4841846	2.3067306e-17	0.0055512441	0.062431315	0.50598424	4.5649935	0.42832063	42.955987	1.1741404e11	0.029449309	0.30802775
9.4623716	2.3128606e-17	0.0055681621	0.062714585	0.50893314	4.580028	0.42798115	42.838523	1.1755313e11	0.029570709	0.30866186
9.4406088	2.3189912e-17	0.0055851874	0.062999146	0.51189595	4.5950782	0.42764092	42.7216	1.1769204e11	0.029692567	0.30929705
9.418896	2.3251225e-17	0.0056023208	0.063285006	0.5148727	4.6101438	0.42729992	42.605215	1.1783078e11	0.029814886	0.30993332
9.3972331	2.3312542e-17	0.0056195632	0.063572169	0.5178634	4.6252244	0.42695816	42.489369	1.1796934e11	0.029937667	0.31057066
9.3756201	2.3373863e-17	0.0056369155	0.063860642	0.52086808	4.6403196	0.42661564	42.374061	1.1810771e11	0.030060911	0.31120909
9.3540567	2.3435184e-17	0.0056543787	0.064150431	0.52388675	4.655429	0.42627235	42.259291	1.1824591e11	0.030184621	0.3118486
9.332543	2.3496505e-17	0.0056719536	0.064441542	0.52691943	4.6705522	0.42592829	42.145058	1.1838392e11	0.030308797	0.31248919
9.3110788	2.3557825e-17	0.0056896412	0.064733981	0.52996615	4.6856888	0.42558346	42.031362	1.1852174e11	0.030433441	0.31313085
9.2896639	2.3619142e-17	0.0057074423	0.065027755	0.53302694	4.7008385	0.42523786	41.918201	1.1865938e11	0.030558554	0.31377361
9.2682982	2.3680456e-17	0.0057253577	0.065322869	0.53610182	4.7160011	0.42489149	41.805575	1.1879682e11	0.030684137	0.31441744
9.2469817	2.3741765e-17	0.0057433883	0.06561933	0.53919082	4.7311761	0.42454435	41.693482	1.1893407e11	0.030810193	0.31506236
9.2257143	2.3803067e-17	0.0057615351	0.065917143	0.54229396	4.7463633	0.42419643	41.581921	1.1907112e11	0.030936723	0.31570835
9.2044957	2.3864362e-17	0.0057797991	0.066216317	0.54541125	4.761562	0.42384774	41.470893	1.1920798e11	0.031063727	0.31635544
9.183326	2.3925646e-17	0.0057981812	0.066516855	0.5485427	4.776772	0.42349827	41.360397	1.1934464e11	0.031191208	0.31700361
9.1622049	2.398692e-17	0.0058166825	0.066818766	0.55168833	4.7919927	0.42314803	41.250433	1.1948109e11	0.031319167	0.31765286
9.1411324	2.4048181e-17	0.0058353039	0.067122055	0.55484817	4.8072238	0.42279701	41.140999	1.1961735e11	0.031447606	0.3183032
9.1201084	2.4109427e-17	0.0058540464	0.067426729	0.55802222	4.8224649	0.4224452	41.032095	1.1975339e11	0.031576525	0.31895462
9.0991327	2.4170659e-17	0.0058729108	0.067732794	0.56121052	4.8377157	0.42209262	40.92372	1.1988923e11	0.031705927	0.31960713
9.0782053	2.4231875e-17	0.0058918981	0.068040257	0.5644131	4.8529759	0.42173925	40.815872	1.2002486e11	0.031835812	0.32026073
9.057326	2.4293073e-17	0.0059110094	0.068349124	0.56762995	4.8682449	0.4213851	40.70855	1.2016027e11	0.031966183	0.32091542
9.0364947	2.4354251e-17	0.0059302456	0.068659402	0.5708611	4.8835224	0.42103017	40.601756	1.2029547e11	0.03209704	0.32157119
9.0157114	2.4415408e-17	0.0059496078	0.068971097	0.57410656	4.8988079	0.42067445	40.495487	1.2043046e11	0.032228386	0.32222805
8.9949758	2.4476542e-17	0.0059690971	0.069284216	0.57736634	4.914101	0.42031795	40.389742	1.2056522e11	0.032360221	0.322886
8.9742879	2.4537653e-17	0.0059887144	0.069598765	0.58064047	4.9294013	0.41996065	40.284522	1.2069976e11	0.032492547	0.32354504
8.9536477	2.4598739e-17	0.0060084609	0.069914752	0.58392894	4.9447084	0.41960257	40.179825	1.2083408e11	0.032625366	0.32420517
8.9330548	2.4659797e-17	0.0060283375	0.070232182	0.58723178	4.9600218	0.4192437	40.075651	1.2096818e11	0.032758679	0.32486638
8.9125094	2.4720827e-17	0.0060483454	0.070551063	0.590549	4.9753411	0.41888403	39.971999	1.2110205e11	0.032892488	0.32552869
8.8920112	2.4781827e-17	0.0060684857	0.070871401	0.5938806	4.9906659	0.41852358	39.868867	1.2123568e11	0.033026793	0.32619209
8.8715601	2.4842795e-17	0.0060887593	0.071193204	0.59722661	5.0059958	0.41816233	39.766256	1.2136909e11	0.033161597	0.32685658
8.8511561	2.490373e-17	0.0061091675	0.071516477	0.60058703	5.0213302	0.41780028	39.664164	1.2150225e11	0.033296901	0.32752216
8.830799	2.4964631e-17	0.0061297114	0.071841228	0.60396186	5.0366687	0.41743744	39.562592	1.2163519e11	0.033432707	0.32818884
8.8104887	2.5025495e-17	0.006150392	0.072167464	0.60735113	5.0520108	0.4170738	39.461537	1.2176788e11	0.033569015	0.3288566
8.7902252	2.5086321e-17	0.0061712105	0.072495191	0.61075483	5.0673563	0.41670937	39.360999	1.2190033e11	0.033705828	0.32952546
8.7700082	2.5147108e-17	0.0061921681	0.072824418	0.61417298	5.0827045	0.41634413	39.260978	1.2203254e11	0.033843146	0.33019541
8.7498378	2.5207855e-17	0.0062132659	0.073155149	0.61760558	5.098055	0.4159781	39.161473	1.221645e11	0.033980972	0.33086646
8.7297137	2.5268558e-17	0.0062345051	0.073487393	0.62105263	5.1134073	0.41561126	39.062483	1.2229622e11	0.034119307	0.3315386
8.7096359	2.5329217e-17	0.0062558869	0.073821157	0.62451415	5.1287609	0.41524362	38.964007	1.2242768e11	0.034258153	0.33221183
8.6896043	2.5389831e-17	0.0062774124	0.074156448	0.62799014	5.1441155	0.41487518	38.866044	1.2255889e11	0.03439751	0.33288615
8.6696188	2.5450397e-17	0.0062990829	0.074493273	0.63148061	5.1594705	0.41450593	38.768594	1.2268985e11	0.03453738	0.33356158
8.6496792	2.5510914e-17	0.0063208996	0.074831638	0.63498555	5.1748254	0.41413588	38.671656	1.2282054e11	0.034677766	0.33423809
8.6297855	2.5571381e-17	0.0063428638	0.075171552	0.63850496	5.1901797	0.41376502	38.575229	1.2295098e11	0.034818667	0.3349157
8.6099375	2.5631794e-17	0.0063649766	0.075513021	0.64203885	5.2055329	0.41339335	38.479313	1.2308116e11	0.034960087	0.33559441
8.5901352	2.5692154e-17	0.0063872393	0.075856053	0.64558723	5.2208847	0.41302087	38.383906	1.2321107e11	0.035102026	0.33627421
8.5703785	2.5752459e-17	0.0064096532	0.076200655	0.64915009	5.2362344	0.41264758	38.289008	1.2334071e11	0.035244485	0.33695511
8.5506671	2.5812706e-17	0.0064322196	0.076546835	0.65272743	5.2515816	0.41227348	38.194618	1.2347009e11	0.035387467	0.3376371
8.5310011	2.5872893e-17	0.0064549399	0.076894599	0.65631925	5.2669256	0.41189857	38.100736	1.2359919e11	0.035530973	0.33832019
8.5113804	2.593302e-17	0.0064778151	0.077243955	0.65992555	5.2822662	0.41152285	38.007361	1.2372802e11	0.035675004	0.33900438
8.4918048	2.5993085e-17	0.0065008468	0.077594911	0.66354632	5.2976027	0.41114631	37.914491	1.2385657e11	0.035819562	0.33968966
8.4722741	2.6053085e-17	0.0065240362	0.077947474	0.66718157	5.3129345	0.41076896	37.822127	1.2398484e11	0.035964649	0.34037604
8.4527885	2.6113019e-17	0.0065473847	0.078301652	0.67083127	5.3282613	0.41039079	37.730267	1.2411283e11	0.036110265	0.34106352
8.4333476	2.6172886e-17	0.0065708937	0.078657452	0.67449544	5.3435824	0.4100118	37.638911	1.2424054e11	0.036256412	0.3417521
8.4139514	2.6232683e-17	0.0065945645	0.079014881	0.67817407	5.3588974	0.40963199	37.548058	1.2436797e11	0.036403093	0.34244177
8.3945999	2.6292409e-17	0.0066183984	0.079373948	0.68186715	5.3742057	0.40925137	37.457707	1.244951e11	0.036550307	0.34313254
8.3752928	2.6352062e-17	0.006642397	0.07973466	0.68557466	5.3895068	0.40886992	37.367857	1.2462194e11	0.036698058	0.34382441
8.3560302	2.641164e-17	0.0066665618	0.080097025	0.68929661	5.4048001	0.40848766	37.278509	1.2474849e11	0.036846346	0.34451738
8.3368118	2.6471142e-17	0.006690894	0.08046105	0.69303297	5.420085	0.40810457	37.189661	1.2487474e11	0.036995173	0.34521145
8.3176377	2.6530566e-17	0.006715395	0.080826744	0.69678375	5.4353612	0.40772065	37.101311	1.250007e11	0.03714454	0.34590661
8.2985077	2.6589909e-17	0.0067400665	0.081194113	0.70054893	5.450628	0.40733592	37.013461	1.2512635e11	0.037294449	0.34660288
8.2794216	2.6649171e-17	0.0067649098	0.081563167	0.7043285	5.4658847	0.40695035	36.926108	1.2525171e11	0.037444902	0.34730024
8.2603795	2.6708349e-17	0.0067899266	0.081933912	0.70812244	5.481131	0.40656397	36.839253	1.2537675e11	0.037595899	0.3479987
8.2413812	2.6767441e-17	0.0068151182	0.082306358	0.71193074	5.4963661	0.40617675	36.752894	1.2550149e11	0.037747443	0.34869826
8.2224265	2.6826446e-17	0.0068404862	0.082680511	0.71575339	5.5115897	0.40578871	36.667031	1.2562591e11	0.037899535	0.34939892
8.2035154	2.6885362e-17	0.0068660321	0.083056379	0.71959037	5.526801	0.40539983	36.581663	1.2575003e11	0.038052177	0.35010068
8.1846479	2.6944187e-17	0.0068917576	0.083433972	0.72344166	5.5419996	0.40501013	36.496789	1.2587382e11	0.038205369	0.35080354
8.1658237	2.7002919e-17	0.0069176642	0.083813296	0.72730724	5.5571847	0.40461959	36.41241	1.259973e11	0.038359114	0.3515075
8.1470428	2.7061556e-17	0.0069437534	0.084194361	0.73118709	5.5723559	0.40422823	36.328523	1.2612046e11	0.038513414	0.35221255
8.1283052	2.7120097e-17	0.0069700269	0.084577173	0.73508121	5.5875127	0.40383603	36.245128	1.262433e11	0.038668268	0.35291871
8.1096106	2.7178539e-17	0.0069964863	0.084961742	0.73898956	5.6026543	0.40344299	36.162225	1.2636581e11	0.03882368	0.35362596
8.090959	2.723688e-17	0.0070231332	0.085348076	0.74291212	5.6177802	0.40304913	36.079813	1.2648799e11	0.03897965	0.35433432
8.0723503	2.729512e-17	0.0070499694	0.085736183	0.74684887	5.6328898	0.40265442	35.997891	1.2660984e11	0.039136181	0.35504378
8.0537844	2.7353255e-17	0.0070769965	0.08612607	0.75079979	5.6479825	0.40225888	35.916459	1.2673135e11	0.039293273	0.35575433
8.0352612	2.7411284e-17	0.0071042161	0.086517748	0.75476485	5.6630577	0.4018625	35.835516	1.2685253e11	0.039450928	0.35646598
8.0167806	2.7469205e-17	0.00713163	0.086911224	0.75874403	5.6781149	0.40146529	35.755061	1.2697337e11	0.039609148	0.35717874
7.9983426	2.7527016e-17	0.0071592399	0.087306506	0.7627373	5.6931533	0.40106723	35.675093	1.2709387e11	0.039767934	0.35789259
7.9799469	2.7584715e-17	0.0071870476	0.087703603	0.76674462	5.7081723	0.40066834	35.595613	1.2721403e11	0.039927288	0.35860755
7.9615935	2.76423e-17	0.007215055	0.088102523	0.77076597	5.7231714	0.4002686	35.516619	1.2733384e11	0.040087211	0.3593236
7.9432823	2.7699769e-17	0.0072432635	0.088503276	0.77480133	5.73815	0.39986803	35.438111	1.274533e11	0.040247705	0.36004075
7.9250133	2.7757121e-17	0.0072716752	0.08890587	0.77885067	5.7531075	0.3994666	35.360087	1.2757241e11	0.040408771	0.360759
7.9067863	2.7814353e-17	0.0073002918	0.089310312	0.78291394	5.7680431	0.39906434	35.282548	1.2769116e11	0.040570411	0.36147835
7.8886012	2.7871463e-17	0.0073291153	0.089716613	0.78699111	5.7829562	0.39866123	35.205493	1.2780956e11	0.040732626	0.3621988
7.8704579	2.792845e-17	0.0073581476	0.090124781	0.79108215	5.7978462	0.39825728	35.128921	1.279276e11	0.040895418	0.36292035
7.8523563	2.798531e-17	0.0073873903	0.090534825	0.79518703	5.8127126	0.39785248	35.052831	1.2804527e11	0.041058789	0.363643
7.8342964	2.8042044e-17	0.0074168454	0.090946753	0.79930571	5.8275547	0.39744684	34.977223	1.2816259e11	0.041222739	0.36436675
7.816278	2.8098647e-17	0.0074465149	0.091360574	0.80343816	5.8423717	0.39704034	34.902097	1.2827953e11	0.041387271	0.36509159
7.7983011	2.8155119e-17	0.0074764008	0.091776297	0.80758432	5.8571631	0.396633	34.827451	1.283961e11	0.041552386	0.36581754
7.7803655	2.8211456e-17	0.007506505	0.092193932	0.81174415	5.8719281	0.39622481	34.753285	1.285123e11	0.041718085	0.36654458
7.7624712	2.8267658e-17	0.0075368295	0.092613487	0.81591763	5.8866662	0.39581577	34.679599	1.2862813e11	0.04188437	0.36727272
7.744618	2.8323722e-17	0.0075673762	0.093034972	0.82010472	5.9013768	0.39540588	34.606392	1.2874357e11	0.042051243	0.36800196
7.7268059	2.8379647e-17	0.0075981472	0.093458395	0.82430536	5.9160592	0.39499514	34.533663	1.2885864e11	0.042218705	0.3687323
7.7090347	2.843543e-17	0.0076291447	0.093883765	0.82851951	5.9307125	0.39458354	34.461411	1.2897332e11	0.042386757	0.36946374
7.6913044	2.8491068e-17	0.0076603707	0.094311092	0.83274712	5.9453362	0.3941711	34.389637	1.2908762e11	0.042555401	0.37019627
7.6736149	2.854656e-17	0.0076918272	0.094740385	0.83698813	5.9599296	0.39375779	34.31834	1.2920152e11	0.042724639	0.3709299
7.6559661	2.8601904e-17	0.0077235164	0.095171653	0.84124253	5.9744922	0.39334364	34.247519	1.2931504e11	0.042894472	0.37166463
7.6383578	2.8657098e-17	0.0077554403	0.095604906	0.84551026	5.9890232	0.39292863	34.177173	1.2942816e11	0.043064902	0.37240046
7.6207901	2.871214e-17	0.0077876013	0.096040153	0.84979125	6.0035218	0.39251276	34.107302	1.2954088e11	0.04323593	0.37313738
7.6032628	2.8767028e-17	0.0078200015	0.096477403	0.85408544	6.0179874	0.39209604	34.037905	1.2965321e11	0.043407557	0.3738754
7.5857758	2.8821758e-17	0.0078526432	0.096916666	0.8583928	6.0324193	0.39167846	33.968983	1.2976513e11	0.043579786	0.37461451
7.568329	2.887633e-17	0.0078855285	0.097357952	0.86271327	6.0468169	0.39126003	33.900534	1.2987664e11	0.043752617	0.37535472
7.5509223	2.8930742e-17	0.0079186596	0.097801269	0.8670468	6.0611795	0.39084073	33.832558	1.2998775e11	0.043926053	0.37609603
7.5335556	2.8984991e-17	0.0079520389	0.098246628	0.87139333	6.0755064	0.39042058	33.765053	1.3009845e11	0.044100094	0.37683843
7.5162289	2.9039074e-17	0.0079856688	0.098694038	0.87575279	6.0897967	0.38999956	33.698021	1.3020873e11	0.044274743	0.37758193
7.4989421	2.9092991e-17	0.0080195517	0.099143509	0.88012512	6.1040498	0.38957769	33.631461	1.3031859e11	0.04445	0.37832652
7.481695	2.9146738e-17	0.0080536898	0.09959505	0.88451026	6.1182651	0.38915495	33.565372	1.3042804e11	0.044625867	0.37907221
7.4644876	2.9200314e-17	0.0080880854	0.10004867	0.88890818	6.1324419	0.38873135	33.499752	1.3053707e11	0.044802347	0.37981899
7.4473197	2.9253716e-17	0.008122741	0.10050438	0.89331879	6.1465795	0.38830689	33.434602	1.3064567e11	0.044979439	0.38056686
7.4301914	2.9306943e-17	0.0081576592	0.1009622	0.89774202	6.1606771	0.38788157	33.369922	1.3075384e11	0.045157146	0.38131583
7.4131024	2.9359992e-17	0.0081928425	0.10142212	0.9021778	6.1747339	0.38745539	33.305712	1.3086158e11	0.04533547	0.38206589
7.3960528	2.941286e-17	0.0082282933	0.10188416	0.90662607	6.1887492	0.38702834	33.24197	1.3096889e11	0.045514411	0.38281704
7.3790423	2.9465546e-17	0.008264014	0.10234833	0.91108677	6.2027224	0.38660042	33.178696	1.3107576e11	0.045693972	0.38356928
7.362071	2.9518049e-17	0.0083000072	0.10281465	0.91555984	6.2166529	0.38617164	33.115889	1.3118219e11	0.045874153	0.38432262
7.3451387	2.9570364e-17	0.0083362755	0.10328311	0.9200452	6.2305397	0.385742	33.05355	1.3128818e11	0.046054957	0.38507705
7.3282453	2.9622491e-17	0.0083728218	0.10375373	0.92454275	6.2443822	0.38531149	32.991678	1.3139373e11	0.046236384	0.38583257
7.3113908	2.9674426e-17	0.0084096485	0.10422653	0.92905243	6.2581795	0.38488011	32.930272	1.3149883e11	0.046418437	0.38658918
7.2945751	2.9726168e-17	0.0084467584	0.1047015	0.93357416	6.271931	0.38444786	32.869333	1.3160348e11	0.046601117	0.38734687
7.277798	2.9777715e-17	0.008484154	0.10517867	0.9381079	6.2856361	0.38401475	32.808859	1.3170768e11	0.046784425	0.38810566
7.2610596	2.9829065e-17	0.008521838	0.10565804	0.94265355	6.2992939	0.38358077	32.74885	1.3181142e11	0.046968362	0.38886554
7.2443596	2.9880215e-17	0.0085598135	0.10613962	0.94721101	6.3129037	0.38314592	32.689305	1.319147e11	0.047152931	0.3896265
7.227698	2.9931162e-17	0.0085980831	0.10662342	0.95178021	6.3264647	0.3827102	32.630226	1.3201752e11	0.047338133	0.39038856
7.2110748	2.9981905e-17	0.0086366499	0.10710946	0.95636106	6.3399761	0.38227361	32.571612	1.3211987e11	0.047523969	0.3911517
7.1944898	3.0032441e-17	0.0086755164	0.10759774	0.96095349	6.3534372	0.38183615	32.513461	1.3222176e11	0.04771044	0.39191593
7.1779429	3.0082769e-17	0.0087146854	0.10808828	0.96555743	6.3668475	0.38139782	32.455773	1.3232318e11	0.047897549	0.39268124
7.1614341	3.0132886e-17	0.0087541601	0.10858108	0.97017279	6.380206	0.38095862	32.398548	1.3242412e11	0.048085297	0.39344764
7.1449633	3.018279e-17	0.0087939435	0.10907616	0.97479944	6.393512	0.38051854	32.341786	1.3252459e11	0.048273685	0.39421512
7.1285303	3.0232478e-17	0.0088340387	0.10957352	0.97943731	6.4067645	0.3800776	32.285488	1.3262458e11	0.048462714	0.39498369
7.1121351	3.0281947e-17	0.0088744486	0.11007318	0.9840863	6.419963	0.37963578	32.229652	1.3272408e11	0.048652387	0.39575335
7.0957777	3.0331197e-17	0.0089151761	0.11057515	0.98874635	6.4331067	0.37919309	32.174277	1.3282311e11	0.048842704	0.39652408
7.0794578	3.0380225e-17	0.0089562243	0.11107944	0.99341736	6.4461949	0.37874953	32.119364	1.3292164e11	0.049033667	0.3972959
7.0631755	3.0429029e-17	0.0089975964	0.11158606	0.99809923	6.4592269	0.37830509	32.064912	1.3301968e11	0.049225278	0.3980688
7.0469307	3.0477605e-17	0.0090392959	0.11209503	1.0027918	6.4722016	0.37785978	32.010921	1.3311723e11	0.049417538	0.39884278
7.0307232	3.0525952e-17	0.0090813258	0.11260634	1.0074951	6.4851183	0.3774136	31.957392	1.3321429e11	0.049610448	0.39961785
7.014553	3.0574067e-17	0.0091236894	0.11312002	1.0122089	6.4979763	0.37696654	31.904324	1.3331084e11	0.04980401	0.40039399
6.99842	3.0621949e-17	0.0091663897	0.11363608	1.0169331	6.510775	0.37651861	31.851716	1.3340689e11	0.049998226	0.40117121
6.982324	3.0669595e-17	0.0092094301	0.11415452	1.0216678	6.5235136	0.3760698	31.799568	1.3350244e11	0.050193096	0.40194951
6.9662651	3.0717003e-17	0.0092528141	0.11467536	1.0264127	6.5361912	0.37562012	31.747879	1.3359747e11	0.050388623	0.40272889
6.9502432	3.0764171e-17	0.0092965453	0.11519861	1.0311677	6.5488069	0.37516956	31.696651	1.33692e11	0.050584807	0.40350934
6.9342581	3.0811094e-17	0.009340627	0.11572428	1.0359327	6.56136	0.37471813	31.645883	1.3378601e11	0.050781651	0.40429087
6.9183097	3.0857773e-17	0.0093850627	0.11625238	1.0407076	6.5738497	0.37426582	31.595575	1.3387951e11	0.050979155	0.40507348
6.902398	3.0904204e-17	0.0094298557	0.11678293	1.0454924	6.5862754	0.37381263	31.545725	1.3397248e11	0.051177322	0.40585716
6.886523	3.0950387e-17	0.0094750095	0.11731593	1.0502869	6.5986363	0.37335857	31.496334	1.3406493e11	0.051376152	0.40664191
6.8706844	3.0996317e-17	0.009520528	0.1178514	1.0550909	6.6109315	0.37290363	31.447402	1.3415686e11	0.051575647	0.40742774
6.8548823	3.1041992e-17	0.0095664149	0.11838935	1.0599044	6.6231601	0.37244781	31.39893	1.3424825e11	0.051775808	0.40821464
6.8391165	3.108741e-17	0.009612674	0.11892979	1.0647273	6.6353213	0.37199112	31.350917	1.3433912e11	0.051976637	0.40900261
6.8233869	3.1132569e-17	0.0096593088	0.11947273	1.0695594	6.6474144	0.37153355	31.303362	1.3442945e11	0.052178135	0.40979165
6.8076936	3.1177467e-17	0.0097063228	0.12001819	1.0744006	6.6594388	0.3710751	31.256265	1.3451924e11	0.052380304	0.41058177
6.7920363	3.1222102e-17	0.00975372	0.12056618	1.0792508	6.6713937	0.37061577	31.209627	1.3460849e11	0.052583146	0.41137295
6.7764151	3.1266471e-17	0.0098015045	0.1211167	1.0841099	6.6832781	0.37015557	31.163446	1.3469719e11	0.05278666	0.41216519
6.7608298	3.1310572e-17	0.0098496802	0.12166977	1.0889777	6.6950911	0.36969449	31.117725	1.3478535e11	0.05299085	0.41295851
6.7452803	3.1354401e-17	0.0098982512	0.12222541	1.0938541	6.7068319	0.36923253	31.072463	1.3487296e11	0.053195715	0.41375289
6.7297666	3.1397957e-17	0.0099472213	0.12278363	1.098739	6.7184999	0.36876969	31.027659	1.3496002e11	0.053401259	0.41454833
6.7142885	3.1441238e-17	0.0099965943	0.12334443	1.1036322	6.7300944	0.36830598	30.983312	1.3504652e11	0.053607482	0.41534484
6.6988461	3.1484243e-17	0.010046374	0.12390783	1.1085338	6.7416147	0.36784139	30.939423	1.3513246e11	0.053814385	0.41614241
6.6834392	3.1526968e-17	0.010096566	0.12447385	1.1134434	6.7530596	0.36737592	30.895992	1.3521784e11	0.05402197	0.41694105
6.6680677	3.156941e-17	0.010147173	0.12504249	1.1183609	6.7644284	0.36690957	30.85302	1.3530265e11	0.054230238	0.41774074
6.6527316	3.1611566e-17	0.010198201	0.12561376	1.1232863	6.7757202	0.36644234	30.810507	1.353869e11	0.054439191	0.4185415
6.6374307	3.1653436e-17	0.010249652	0.12618769	1.1282193	6.7869343	0.36597424	30.768453	1.3547057e11	0.05464883	0.41934331
6.622165	3.1695017e-17	0.010301532	0.12676428	1.1331598	6.7980702	0.36550526	30.726856	1.3555367e11	0.054859157	0.42014618
6.6069345	3.1736308e-17	0.010353845	0.12734355	1.1381079	6.8091269	0.3650354	30.685717	1.356362e11	0.055070172	0.42095011
6.591739	3.1777304e-17	0.010406595	0.1279255	1.1430632	6.8201037	0.36456466	30.645036	1.3571814e11	0.055281877	0.4217551
6.5765784	3.1818004e-17	0.010459787	0.12851016	1.1480255	6.8309994	0.36409304	30.604814	1.357995e11	0.055494274	0.42256113
6.5614527	3.1858405e-17	0.010513426	0.12909753	1.1529948	6.8418134	0.36362055	30.565052	1.3588028e11	0.055707364	0.42336823
6.5463617	3.1898505e-17	0.010567517	0.12968763	1.157971	6.8525448	0.36314718	30.525749	1.3596046e11	0.055921148	0.42417637
6.5313055	3.1938301e-17	0.010622062	0.13028047	1.1629538	6.863193	0.36267293	30.486904	1.3604006e11	0.056135627	0.42498556
6.5162839	3.1977794e-17	0.010677069	0.13087606	1.1679432	6.8737575	0.3621978	30.448517	1.3611906e11	0.056350804	0.42579581
6.5012969	3.2016979e-17	0.01073254	0.13147442	1.1729389	6.8842371	0.3617218	30.410589	1.3619746e11	0.056566678	0.4266071
6.4863443	3.2055854e-17	0.010788482	0.13207556	1.1779409	6.8946309	0.36124492	30.373122	1.3627525e11	0.056783252	0.42741944
6.4714262	3.2094415e-17	0.010844899	0.1326795	1.1829488	6.9049381	0.36076717	30.336114	1.3635245e11	0.057000528	0.42823283
6.4565423	3.2132661e-17	0.010901797	0.13328624	1.1879627	6.915158	0.36028853	30.299567	1.3642904e11	0.057218505	0.42904726
6.4416927	3.2170591e-17	0.01095918	0.1338958	1.1929823	6.9252897	0.35980902	30.26348	1.3650501e11	0.057437186	0.42986273
6.4268772	3.2208202e-17	0.011017053	0.13450819	1.1980076	6.9353329	0.35932864	30.227852	1.3658038e11	0.057656571	0.43067925
6.4120958	3.2245492e-17	0.011075421	0.13512343	1.2030382	6.9452866	0.35884738	30.192683	1.3665512e11	0.057876663	0.43149681
6.3973484	3.2282458e-17	0.011134289	0.13574153	1.2080742	6.9551498	0.35836524	30.157976	1.3672925e11	0.058097462	0.43231541
6.3826349	3.2319097e-17	0.011193664	0.13636251	1.2131152	6.9649215	0.35788223	30.12373	1.3680276e11	0.05831897	0.43313504
6.3679552	3.2355407e-17	0.011253551	0.13698638	1.218161	6.974601	0.35739835	30.089947	1.3687564e11	0.058541188	0.43395572
6.3533093	3.2391386e-17	0.011313954	0.13761315	1.2232117	6.9841876	0.35691359	30.056625	1.3694789e11	0.058764117	0.43477743
6.3386971	3.2427034e-17	0.01137488	0.13824283	1.2282669	6.9936808	0.35642795	30.023764	1.3701951e11	0.058987759	0.43560017
6.3241185	3.2462347e-17	0.011436332	0.13887545	1.2333267	7.0030799	0.35594145	29.991364	1.370905e11	0.059212114	0.43642395
6.3095734	3.2497322e-17	0.011498318	0.13951101	1.2383906	7.0123837	0.35545407	29.959427	1.3716084e11	0.059437185	0.43724875
6.2950618	3.2531957e-17	0.011560844	0.14014953	1.2434586	7.0215913	0.35496581	29.927953	1.3723055e11	0.059662971	0.43807459
6.2805836	3.2566248e-17	0.011623915	0.14079102	1.2485304	7.030702	0.35447669	29.896944	1.3729962e11	0.059889476	0.43890146
6.2661386	3.2600195e-17	0.011687536	0.1414355	1.253606	7.0397149	0.35398669	29.866399	1.3736803e11	0.060116699	0.43972935
6.2517269	3.2633795e-17	0.011751715	0.14208298	1.258685	7.0486294	0.35349582	29.836318	1.374358e11	0.060344642	0.44055827
6.2373484	3.2667048e-17	0.011816455	0.14273348	1.2637675	7.0574452	0.35300408	29.8067	1.3750292e11	0.060573307	0.44138821
6.2230029	3.2699951e-17	0.011881764	0.143387	1.2688532	7.0661613	0.35251148	29.777546	1.3756938e11	0.060802694	0.44221917
6.2086903	3.27325e-17	0.011947647	0.14404358	1.2739418	7.0747765	0.352018	29.748858	1.3763518e11	0.061032805	0.44305116
6.1944108	3.2764692e-17	0.012014113	0.14470321	1.2790332	7.0832901	0.35152365	29.720637	1.3770032e11	0.06126364	0.44388416
6.180164	3.2796526e-17	0.012081165	0.14536592	1.2841272	7.0917012	0.35102843	29.692882	1.3776479e11	0.061495202	0.44471819
6.16595	3.2828e-17	0.012148812	0.14603171	1.2892236	7.1000092	0.35053235	29.665595	1.378286e11	0.061727491	0.44555322
6.1517687	3.2859112e-17	0.012217058	0.14670061	1.2943222	7.1082136	0.35003539	29.638775	1.3789174e11	0.061960508	0.44638928
6.1376201	3.2889861e-17	0.012285911	0.14737263	1.299423	7.1163138	0.34953758	29.612421	1.379542e11	0.062194255	0.44722634
6.1235039	3.2920244e-17	0.012355376	0.14804779	1.3045256	7.1243087	0.34903889	29.586536	1.3801599e11	0.062428733	0.44806442
6.1094202	3.2950258e-17	0.012425462	0.14872609	1.3096298	7.1321974	0.34853934	29.56112	1.380771e11	0.062663943	0.4489035
6.095369	3.2979899e-17	0.012496175	0.14940756	1.3147354	7.1399789	0.34803893	29.536175	1.3813752e11	0.062899886	0.44974359
6.08135	3.3009166e-17	0.012567523	0.15009221	1.3198422	7.1476525	0.34753765	29.511702	1.3819726e11	0.063136563	0.45058469
6.0673633	3.3038057e-17	0.012639511	0.15078005	1.32495	7.1552177	0.34703551	29.4877	1.3825631e11	0.063373976	0.45142679
6.0534087	3.3066572e-17	0.012712146	0.15147111	1.3300588	7.1626741	0.34653251	29.464168	1.3831467e11	0.063612125	0.4522699
6.0394863	3.3094709e-17	0.012785435	0.15216539	1.3351682	7.170021	0.34602865	29.441107	1.3837234e11	0.063851012	0.453114
6.0255959	3.3122465e-17	0.012859386	0.15286291	1.3402781	7.1772572	0.34552392	29.418519	1.3842931e11	0.064090638	0.45395911
6.0117374	3.3149835e-17	0.012934007	0.15356369	1.3453882	7.1843819	0.34501834	29.396405	1.3848558e11	0.064331003	0.45480521
5.9979108	3.3176818e-17	0.013009306	0.15426774	1.3504983	7.1913943	0.3445119	29.374767	1.3854114e11	0.064572109	0.4556523
5.984116	3.3203412e-17	0.013085288	0.15497508	1.3556081	7.1982936	0.3440046	29.353604	1.38596e11	0.064813957	0.45650039
5.9703529	3.3229617e-17	0.013161963	0.15568573	1.3607176	7.2050794	0.34349644	29.332918	1.3865015e11	0.065056549	0.45734947
5.9566214	3.325543e-17	0.013239336	0.1563997	1.3658265	7.2117514	0.34298743	29.312706	1.3870359e11	0.065299884	0.45819954
5.9429216	3.3280851e-17	0.013317416	0.157117	1.3709347	7.2183087	0.34247757	29.292971	1.3875632e11	0.065543965	0.45905059
5.9292532	3.3305875e-17	0.013396212	0.15783766	1.3760418	7.2247501	0.34196685	29.273714	1.3880833e11	0.065788792	0.45990263
5.9156163	3.3330499e-17	0.013475731	0.15856168	1.3811476	7.2310749	0.34145528	29.254937	1.3885961e11	0.066034366	0.46075566
5.9020108	3.3354721e-17	0.013555982	0.15928909	1.3862519	7.2372822	0.34094285	29.236642	1.3891018e11	0.066280689	0.46160966
5.8884366	3.3378539e-17	0.013636973	0.1600199	1.3913545	7.2433714	0.34042958	29.218828	1.3896001e11	0.066527761	0.46246464
5.8748935	3.3401953e-17	0.013718712	0.16075414	1.3964551	7.249342	0.33991546	29.201496	1.3900912e11	0.066775583	0.4633206
5.8613816	3.3424962e-17	0.013801207	0.1614918	1.4015537	7.2551937	0.33940049	29.184646	1.390575e11	0.067024156	0.46417754
5.8479008	3.3447562e-17	0.013884466	0.16223292	1.40665	7.2609257	0.33888467	29.168278	1.3910514e11	0.067273482	0.46503545
5.834451	3.3469752e-17	0.013968498	0.1629775	1.4117437	7.266537	0.33836801	29.152395	1.3915204e11	0.067523561	0.46589432
5.8210322	3.3491529e-17	0.014053313	0.16372557	1.4168345	7.2720269	0.3378505	29.136997	1.3919821e11	0.067774395	0.46675417
5.8076442	3.3512892e-17	0.014138918	0.16447714	1.4219224	7.277395	0.33733215	29.122086	1.3924363e11	0.068025983	0.46761498
5.794287	3.3533839e-17	0.014225324	0.16523223	1.427007	7.2826404	0.33681296	29.107662	1.392883e11	0.068278328	0.46847676
5.7809605	3.3554368e-17	0.014312538	0.16599086	1.4320882	7.2877626	0.33629293	29.093726	1.3933223e11	0.068531429	0.4693395
5.7676646	3.3574476e-17	0.014400571	0.16675304	1.4371656	7.2927607	0.33577206	29.08028	1.3937541e11	0.068785289	0.47020319
5.7543994	3.3594162e-17	0.014489432	0.16751879	1.4422391	7.2976343	0.33525035	29.067324	1.3941783e11	0.069039907	0.47106785
5.7411646	3.3613425e-17	0.014579129	0.16828812	1.4473085	7.3023828	0.33472781	29.054859	1.3945949e11	0.069295286	0.47193346
5.7279603	3.3632262e-17	0.014669673	0.16906106	1.4523734	7.3070053	0.33420443	29.042888	1.3950039e11	0.069551425	0.47280002
5.7147864	3.3650671e-17	0.014761073	0.16983762	1.4574336	7.3115012	0.33368022	29.03141	1.3954054e11	0.069808325	0.47366753
5.7016427	3.3668651e-17	0.014853339	0.17061783	1.4624891	7.31587	0.33315517	29.020427	1.3957991e11	0.070065988	0.47453599
5.6885293	3.36862e-17	0.014946481	0.17140168	1.4675394	7.3201111	0.3326293	29.00994	1.3961852e11	0.070324414	0.47540539
5.6754461	3.3703315e-17	0.015040509	0.17218922	1.4725843	7.3242238	0.3321026	28.99995	1.3965636e11	0.070583605	0.47627574
5.6623929	3.3719996e-17	0.015135434	0.17298045	1.4776237	7.3282074	0.33157507	28.990459	1.3969342e11	0.07084356	0.47714703
5.6493697	3.3736241e-17	0.015231265	0.17377538	1.4826572	7.3320615	0.33104672	28.981468	1.3972971e11	0.071104281	0.47801925
5.6363766	3.3752047e-17	0.015328013	0.17457405	1.4876847	7.3357855	0.33051754	28.972977	1.3976523e11	0.071365768	0.47889241
5.6234133	3.3767414e-17	0.015425689	0.17537646	1.4927059	7.3393786	0.32998754	28.964989	1.3979996e11	0.071628023	0.4797665
5.6104798	3.3782338e-17	0.015524304	0.17618264	1.4977205	7.3428403	0.32945672	28.957505	1.398339e11	0.071891045	0.48064153
5.597576	3.379682e-17	0.015623868	0.1769926	1.5027283	7.3461702	0.32892509	28.950525	1.3986706e11	0.072154837	0.48151747
5.5847019	3.3810856e-17	0.015724392	0.17780637	1.5077291	7.3493676	0.32839264	28.944051	1.3989943e11	0.072419398	0.48239435
5.5718575	3.3824447e-17	0.015825888	0.17862395	1.5127226	7.3524319	0.32785937	28.938085	1.3993102e11	0.072684729	0.48327215
5.5590426	3.3837588e-17	0.015928367	0.17944537	1.5177085	7.3553625	0.32732529	28.932628	1.399618e11	0.072950832	0.48415086
5.5462571	3.385028e-17	0.016031841	0.18027065	1.5226867	7.358159	0.3267904	28.927681	1.3999179e11	0.073217706	0.48503049
5.5335011	3.3862521e-17	0.01613632	0.18109981	1.5276569	7.360821	0.32625471	28.923246	1.4002098e11	0.073485352	0.48591104
5.5207744	3.3874309e-17	0.016241817	0.18193285	1.5326187	7.3633476	0.3257182	28.919324	1.4004938e11	0.073753772	0.4867925
5.508077	3.3885642e-17	0.016348344	0.18276982	1.5375721	7.3657384	0.32518089	28.915918	1.4007696e11	0.074022965	0.48767486
5.4954087	3.389652e-17	0.016455913	0.18361071	1.5425167	7.367993	0.32464278	28.913027	1.4010374e11	0.074292933	0.48855813
5.4827696	3.3906941e-17	0.016564536	0.18445556	1.5474523	7.370111	0.32410387	28.910654	1.4012972e11	0.074563676	0.48944231
5.4701596	3.3916902e-17	0.016674226	0.18530438	1.5523786	7.3720917	0.32356417	28.9088	1.4015488e11	0.074835194	0.49032738
5.4575786	3.3926403e-17	0.016784995	0.18615719	1.5572953	7.3739346	0.32302366	28.907467	1.4017923e11	0.075107489	0.49121335
5.4450265	3.3935443e-17	0.016896856	0.18701401	1.5622023	7.3756393	0.32248236	28.906657	1.4020276e11	0.07538056	0.49210021
5.4325033	3.394402e-17	0.017009821	0.18787485	1.5670993	7.3772054	0.32194027	28.906371	1.4022548e11	0.075654409	0.49298797
5.4200089	3.3952132e-17	0.017123905	0.18873975	1.571986	7.3786324	0.3213974	28.90661	1.4024737e11	0.075929035	0.49387661
5.4075432	3.3959778e-17	0.017239119	0.18960871	1.5768621	7.3799197	0.32085373	28.907377	1.4026844e11	0.076204441	0.49476613
5.3951062	3.3966957e-17	0.017355479	0.19048176	1.5817274	7.3810669	0.32030928	28.908673	1.4028869e11	0.076480625	0.49565654
5.3826978	3.3973669e-17	0.017472997	0.19135892	1.5865818	7.3820738	0.31976405	28.910499	1.4030811e11	0.076757588	0.49654783
5.370318	3.3979911e-17	0.017591686	0.19224021	1.5914248	7.3829399	0.31921805	28.912858	1.4032671e11	0.077035332	0.49743999
5.3579666	3.3985681e-17	0.017711562	0.19312565	1.5962563	7.3836646	0.31867126	28.915751	1.4034447e11	0.077313856	0.49833302
5.3456436	3.3990979e-17	0.017832638	0.19401525	1.6010759	7.3842475	0.3181237	28.919181	1.403614e11	0.077593161	0.49922692
5.333349	3.3995805e-17	0.017954929	0.19490904	1.6058835	7.3846885	0.31757537	28.923149	1.4037749e11	0.077873247	0.50012169
5.3210826	3.4000157e-17	0.018078449	0.19580704	1.6106788	7.3849871	0.31702627	28.927655	1.4039275e11	0.078154115	0.50101732
5.3088444	3.4004033e-17	0.018203212	0.19670927	1.6154615	7.3851428	0.3164764	28.932704	1.4040716e11	0.078435765	0.5019138
5.2966344	3.4007432e-17	0.018329235	0.19761575	1.6202313	7.3851552	0.31592577	28.938296	1.4042074e11	0.078718198	0.50281115
5.2844525	3.4010354e-17	0.018456532	0.1985265	1.6249881	7.3850241	0.31537439	28.944434	1.4043347e11	0.079001413	0.50370934
5.2722986	3.4012798e-17	0.018585118	0.19944154	1.6297315	7.3847493	0.31482224	28.951118	1.4044535e11	0.079285412	0.50460839
5.2601727	3.4014761e-17	0.018715009	0.20036089	1.6344614	7.3843302	0.31426934	28.958352	1.4045639e11	0.079570195	0.50550828
5.2480746	3.4016244e-17	0.018846221	0.20128458	1.6391773	7.3837665	0.31371568	28.966137	1.4046658e11	0.079855761	0.50640901
5.2360044	3.4017246e-17	0.01897877	0.20221261	1.6438792	7.3830579	0.31316128	28.974476	1.4047592e11	0.080142111	0.50731057
5.2239619	3.4017765e-17	0.019112671	0.20314503	1.6485667	7.3822045	0.31260613	28.98337	1.404844e11	0.080429246	0.50821298
5.2119471	3.4017802e-17	0.019247941	0.20408184	1.6532396	7.3812056	0.31205024	28.99282	1.4049203e11	0.080717165	0.50911621
5.19996	3.4017354e-17	0.019384598	0.20502307	1.6578976	7.3800609	0.31149361	29.002831	1.4049881e11	0.08100587	0.51002027
5.1880004	3.401642e-17	0.019522658	0.20596873	1.6625404	7.3787702	0.31093624	29.013404	1.4050472e11	0.081295359	0.51092516
5.1760683	3.4015002e-17	0.019662137	0.20691886	1.6671679	7.3773335	0.31037814	29.02454	1.4050978e11	0.081585634	0.51183086
5.1641637	3.4013098e-17	0.019803053	0.20787347	1.6717798	7.3757505	0.30981931	29.036241	1.4051397e11	0.081876694	0.51273738
5.1522864	3.4010706e-17	0.019945424	0.20883258	1.6763757	7.3740207	0.30925976	29.04851	1.405173e11	0.08216854	0.51364472
5.1404365	3.4007825e-17	0.020089268	0.20979622	1.6809555	7.372144	0.30869948	29.061351	1.4051977e11	0.082461172	0.51455286
5.1286138	3.4004457e-17	0.020234602	0.21076441	1.6855189	7.3701202	0.30813848	29.074764	1.4052137e11	0.082754589	0.5154618
5.1168184	3.40006e-17	0.020381445	0.21173717	1.6900657	7.3679495	0.30757676	29.08875	1.405221e11	0.083048792	0.51637155
5.10505	3.3996253e-17	0.020529815	0.21271452	1.6945956	7.3656313	0.30701433	29.103314	1.4052197e11	0.083343782	0.51728209
5.0933087	3.3991416e-17	0.020679731	0.21369649	1.6991083	7.3631653	0.3064512	29.118458	1.4052096e11	0.083639557	0.51819343
5.0815944	3.3986088e-17	0.020831213	0.21468309	1.7036035	7.3605516	0.30588735	29.134185	1.4051908e11	0.083936118	0.51910555
5.0699071	3.398027e-17	0.020984278	0.21567435	1.7080812	7.3577903	0.30532281	29.150494	1.4051633e11	0.084233466	0.52001846
5.0582466	3.397396e-17	0.021138947	0.21667029	1.712541	7.3548811	0.30475756	29.167389	1.405127e11	0.084531599	0.52093215
5.046613	3.3967158e-17	0.02129524	0.21767094	1.7169826	7.3518236	0.30419163	29.184874	1.4050819e11	0.084830519	0.52184662
5.0350061	3.3959863e-17	0.021453177	0.21867632	1.7214058	7.3486179	0.303625	29.202952	1.4050281e11	0.085130224	0.52276186
5.0234259	3.3952076e-17	0.021612778	0.21968645	1.7258103	7.3452639	0.30305768	29.221622	1.4049655e11	0.085430715	0.52367786
5.0118723	3.3943797e-17	0.021774063	0.22070135	1.7301961	7.3417619	0.30248969	29.240888	1.4048942e11	0.085731992	0.52459463
5.0003453	3.3935025e-17	0.021937053	0.22172105	1.7345627	7.3381115	0.30192101	29.260754	1.404814e11	0.086034054	0.52551216
4.9888449	3.3925759e-17	0.02210177	0.22274557	1.7389099	7.3343125	0.30135166	29.281221	1.404725e11	0.086336902	0.52643044
4.9773708	3.3915999e-17	0.022268236	0.22377493	1.7432374	7.3303649	0.30078164	29.302293	1.4046271e11	0.086640535	0.52734947
4.9659232	3.3905747e-17	0.022436471	0.22480916	1.7475452	7.3262692	0.30021095	29.32397	1.4045205e11	0.086944953	0.52826925
4.9545019	3.3895002e-17	0.022606497	0.22584828	1.7518329	7.3220251	0.29963961	29.346257	1.404405e11	0.087250155	0.52918977
4.9431069	3.3883763e-17	0.022778338	0.22689232	1.7561002	7.3176325	0.2990676	29.369156	1.4042806e11	0.087556142	0.53011103
4.931738	3.3872029e-17	0.022952016	0.22794129	1.760347	7.3130913	0.29849494	29.39267	1.4041474e11	0.087862913	0.53103302
4.9203954	3.3859802e-17	0.023127554	0.22899523	1.764573	7.3084018	0.29792163	29.416802	1.4040053e11	0.088170468	0.53195574
4.9090788	3.3847083e-17	0.023304973	0.23005415	1.768778	7.3035642	0.29734768	29.441553	1.4038544e11	0.088478806	0.53287918
4.8977882	3.383387e-17	0.023484299	0.23111808	1.7729617	7.2985785	0.29677309	29.466927	1.4036945e11	0.088787927	0.53380333
4.8865236	3.3820164e-17	0.023665556	0.23218705	1.777124	7.2934445	0.29619786	29.492927	1.4035258e11	0.089097831	0.53472821
4.8752849	3.3805965e-17	0.023848768	0.23326108	1.7812645	7.2881623	0.295622	29.519556	1.4033482e11	0.089408517	0.53565379
4.8640721	3.3791273e-17	0.024033958	0.23434019	1.7853831	7.2827324	0.29504552	29.546816	1.4031617e11	0.089719985	0.53658007
4.852885	3.3776091e-17	0.024221151	0.23542441	1.7894796	7.277155	0.29446841	29.574709	1.4029663e11	0.090032234	0.53750705
4.8417237	3.3760416e-17	0.024410374	0.23651376	1.7935537	7.2714299	0.29389069	29.60324	1.402762e11	0.090345264	0.53843473
4.830588	3.3744249e-17	0.024601652	0.23760828	1.7976052	7.2655572	0.29331236	29.632412	1.4025488e11	0.090659074	0.53936309
4.819478	3.372759e-17	0.02479501	0.23870797	1.8016338	7.2595372	0.29273342	29.662227	1.4023266e11	0.090973664	0.54029214
4.8083935	3.3710443e-17	0.024990474	0.23981287	1.8056395	7.2533704	0.29215388	29.692687	1.4020956e11	0.091289033	0.54122186
4.7973345	3.3692806e-17	0.02518807	0.24092301	1.809622	7.2470569	0.29157375	29.723796	1.4018557e11	0.09160518	0.54215226
4.7863009	3.3674679e-17	0.025387827	0.24203841	1.8135809	7.2405966	0.29099302	29.755557	1.4016068e11	0.091922105	0.54308333
4.7752927	3.3656063e-17	0.025589772	0.24315909	1.8175162	7.2339898	0.29041171	29.787975	1.4013491e11	0.092239807	0.54401506
4.7643099	3.3636958e-17	0.025793932	0.24428508	1.8214277	7.2272369	0.28982982	29.82105	1.4010824e11	0.092558286	0.54494745
4.7533523	3.3617368e-17	0.026000334	0.2454164	1.8253151	7.2203386	0.28924735	29.854786	1.4008068e11	0.092877539	0.54588049
4.7424199	3.3597292e-17	0.026209006	0.24655309	1.8291783	7.2132948	0.28866432	29.889186	1.4005223e11	0.093197568	0.54681417
4.7315126	3.3576729e-17	0.02641998	0.24769516	1.833017	7.2061056	0.28808072	29.924254	1.400229e11	0.093518371	0.5477485
4.7206304	3.3555681e-17	0.026633283	0.24884265	1.836831	7.1987713	0.28749656	29.959994	1.3999267e11	0.093839946	0.54868346
4.7097733	3.353415e-17	0.026848944	0.24999558	1.8406202	7.1912926	0.28691185	29.996407	1.3996155e11	0.094162294	0.54961905
4.6989411	3.3512137e-17	0.027066993	0.25115397	1.8443844	7.1836701	0.28632659	30.033497	1.3992954e11	0.094485414	0.55055527
4.6881338	3.3489642e-17	0.02728746	0.25231785	1.8481234	7.1759038	0.2857408	30.071267	1.3989665e11	0.094809303	0.5514921
4.6773514	3.3466666e-17	0.027510378	0.25348726	1.8518369	7.1679939	0.28515446	30.109721	1.3986286e11	0.095133962	0.55242955
4.6665938	3.344321e-17	0.027735778	0.25466221	1.8555249	7.1599409	0.2845676	30.148864	1.3982819e11	0.095459389	0.5533676
4.6558609	3.3419276e-17	0.027963689	0.25584273	1.8591871	7.1517454	0.28398022	30.188696	1.3979263e11	0.095785584	0.55430625
4.6451528	3.3394866e-17	0.028194143	0.25702885	1.8628234	7.1434082	0.28339232	30.229221	1.3975619e11	0.096112544	0.5552455
4.6344692	3.3369981e-17	0.028427174	0.25822059	1.8664337	7.1349293	0.2828039	30.270443	1.3971886e11	0.09644027	0.55618534
4.6238102	3.334462e-17	0.028662816	0.25941799	1.8700176	7.1263091	0.28221499	30.312366	1.3968065e11	0.09676876	0.55712576
4.6131757	3.3318785e-17	0.028901101	0.26062107	1.8735751	7.117548	0.28162557	30.354995	1.3964156e11	0.097098012	0.55806675
4.6025657	3.329248e-17	0.029142061	0.26182986	1.877106	7.1086469	0.28103567	30.398329	1.3960158e11	0.097428026	0.55900832
4.5919801	3.3265706e-17	0.02938573	0.26304438	1.8806102	7.0996066	0.28044527	30.442374	1.3956072e11	0.0977588	0.55995045
4.5814189	3.3238464e-17	0.029632145	0.26426467	1.8840876	7.0904272	0.2798544	30.487133	1.3951899e11	0.098090333	0.56089314
4.5708819	3.3210753e-17	0.029881342	0.26549075	1.8875378	7.0811089	0.27926306	30.532611	1.3947637e11	0.098422624	0.56183638
4.5603692	3.3182577e-17	0.030133354	0.26672264	1.8909608	7.0716527	0.27867125	30.578811	1.3943288e11	0.09875567	0.56278016
4.5498806	3.3153938e-17	0.030388217	0.26796038	1.8943566	7.0620593	0.27807899	30.625735	1.3938852e11	0.099089472	0.56372449
4.5394162	3.3124839e-17	0.030645967	0.269204	1.8977249	7.0523296	0.27748627	30.673386	1.3934328e11	0.099424027	0.56466934
4.5289758	3.3095279e-17	0.030906642	0.27045352	1.9010657	7.0424638	0.27689311	30.72177	1.3929717e11	0.099759333	0.56561472
4.5185594	3.3065261e-17	0.031170281	0.27170897	1.9043787	7.0324622	0.27629951	30.770891	1.3925019e11	0.10009539	0.56656062
4.508167	3.3034786e-17	0.03143692	0.27297038	1.9076637	7.0223258	0.27570548	30.820751	1.3920235e11	0.1004322	0.56750703
4.4977985	3.3003858e-17	0.031706598	0.27423777	1.9109209	7.0120556	0.27511102	30.871354	1.3915363e11	0.10076975	0.56845394
4.4874539	3.2972479e-17	0.031979351	0.27551119	1.9141501	7.0016524	0.27451615	30.922702	1.3910406e11	0.10110805	0.56940135
4.477133	3.294065e-17	0.032255221	0.27679065	1.917351	6.9911164	0.27392087	30.9748	1.3905362e11	0.10144709	0.57034926
4.4668359	3.2908373e-17	0.03253425	0.27807619	1.9205236	6.9804484	0.27332519	31.027654	1.3900232e11	0.10178687	0.57129764
4.4565625	3.2875649e-17	0.032816476	0.27936782	1.9236677	6.969649	0.27272912	31.081266	1.3895016e11	0.10212739	0.5722465
4.4463127	3.2842482e-17	0.03310194	0.2806656	1.9267834	6.9587195	0.27213265	31.135639	1.3889715e11	0.10246866	0.57319584
4.4360864	3.2808877e-17	0.033390682	0.28196953	1.9298706	6.9476608	0.27153581	31.190775	1.3884329e11	0.10281065	0.57414563
4.4258837	3.2774833e-17	0.033682745	0.28327966	1.9329292	6.9364733	0.2709386	31.24668	1.3878857e11	0.10315339	0.57509588
4.4157045	3.2740352e-17	0.033978174	0.28459601	1.9359589	6.9251577	0.27034103	31.30336	1.3873301e11	0.10349685	0.57604657
4.4055486	3.2705436e-17	0.034277011	0.28591861	1.9389596	6.9137147	0.2697431	31.360817	1.3867661e11	0.10384105	0.57699771
4.3954162	3.267009e-17	0.034579298	0.28724749	1.9419316	6.9021457	0.26914483	31.419053	1.3861936e11	0.10418597	0.57794927
4.385307	3.2634318e-17	0.034885079	0.28858268	1.9448746	6.8904518	0.26854621	31.478072	1.3856127e11	0.10453162	0.57890127
4.3752211	3.259812e-17	0.035194399	0.28992421	1.9477886	6.8786335	0.26794727	31.537879	1.3850235e11	0.104878	0.57985367
4.3651583	3.2561497e-17	0.035507305	0.29127212	1.9506735	6.8666913	0.267348	31.598479	1.384426e11	0.1052251	0.58080649
4.3551187	3.2524454e-17	0.035823844	0.29262643	1.9535291	6.8546264	0.26674841	31.659876	1.3838201e11	0.10557291	0.58175971
4.3451022	3.2486993e-17	0.03614406	0.29398716	1.9563556	6.8424398	0.26614853	31.722072	1.383206e11	0.10592145	0.58271332
4.3351088	3.244912e-17	0.036467999	0.29535437	1.9591529	6.8301329	0.26554834	31.785069	1.3825837e11	0.1062707	0.58366732
4.3251383	3.2410836e-17	0.036795709	0.29672806	1.961921	6.8177065	0.26494787	31.848873	1.3819532e11	0.10662066	0.58462169
4.3151908	3.2372143e-17	0.03712724	0.29810828	1.9646597	6.8051612	0.26434711	31.91349	1.3813145e11	0.10697133	0.58557643
4.3052661	3.2333043e-17	0.037462643	0.29949506	1.967369	6.7924979	0.26374608	31.978923	1.3806677e11	0.10732271	0.58653153
4.2953643	3.229354e-17	0.037801965	0.30088842	1.970049	6.7797178	0.2631448	32.045175	1.3800128e11	0.1076748	0.58748699
4.2854852	3.225364e-17	0.038145254	0.3022884	1.9726997	6.7668225	0.26254325	32.112248	1.3793498e11	0.10802759	0.58844278
4.2756289	3.2213345e-17	0.038492561	0.30369503	1.9753211	6.753813	0.26194147	32.180146	1.3786789e11	0.10838107	0.58939891
4.2657952	3.2172657e-17	0.03884394	0.30510834	1.9779131	6.7406898	0.26133944	32.248876	1.378e11	0.10873526	0.59035537
4.2559841	3.2131579e-17	0.039199444	0.30652837	1.9804756	6.7274539	0.26073719	32.318442	1.3773131e11	0.10909014	0.59131215
4.2461956	3.2090113e-17	0.039559125	0.30795514	1.9830088	6.7141066	0.26013473	32.388848	1.3766184e11	0.10944571	0.59226923
4.2364297	3.2048267e-17	0.039923033	0.30938868	1.9855127	6.7006494	0.25953206	32.460094	1.3759159e11	0.10980197	0.59322662
4.2266861	3.2006044e-17	0.040291221	0.31082903	1.9879874	6.6870836	0.25892918	32.532185	1.3752056e11	0.11015892	0.59418429
4.216965	3.1963445e-17	0.040663747	0.31227623	1.9904328	6.67341	0.25832612	32.605126	1.3744875e11	0.11051655	0.59514225
4.2072663	3.1920474e-17	0.041040667	0.31373029	1.9928488	6.6596294	0.25772288	32.678923	1.3737617e11	0.11087486	0.59610048
4.1975898	3.1877133e-17	0.041422038	0.31519126	1.9952356	6.6457431	0.25711947	32.75358	1.3730283e11	0.11123385	0.59705897
4.1879357	3.1833428e-17	0.041807913	0.31665917	1.9975932	6.6317525	0.25651591	32.829098	1.3722873e11	0.11159351	0.59801771
4.1783037	3.1789365e-17	0.042198348	0.31813405	1.9999218	6.6176594	0.25591219	32.905479	1.3715387e11	0.11195384	0.5989767
4.1686938	3.1744946e-17	0.042593403	0.31961594	2.0022215	6.6034646	0.25530833	32.98273	1.3707826e11	0.11231484	0.59993593
4.1591061	3.1700173e-17	0.042993138	0.32110485	2.0044921	6.5891691	0.25470434	33.060855	1.3700191e11	0.1126765	0.60089538
4.1495404	3.165505e-17	0.043397613	0.32260084	2.0067337	6.574774	0.25410023	33.13986	1.3692482e11	0.11303883	0.60185505
4.1399967	3.1609582e-17	0.043806888	0.32410393	2.0089465	6.5602807	0.25349602	33.219746	1.36847e11	0.11340181	0.60281492
4.130475	3.1563775e-17	0.04422102	0.32561416	2.0111306	6.5456911	0.2528917	33.300516	1.3676844e11	0.11376544	0.60377499
4.1209752	3.1517633e-17	0.04464007	0.32713156	2.0132862	6.5310064	0.2522873	33.382173	1.3668917e11	0.11412973	0.60473524
4.1114972	3.1471159e-17	0.045064103	0.32865615	2.0154132	6.5162275	0.25168281	33.464723	1.3660917e11	0.11449466	0.60569567
4.102041	3.1424354e-17	0.045493185	0.33018799	2.0175116	6.5013556	0.25107826	33.548172	1.3652847e11	0.11486023	0.60665626
4.0926066	3.1377224e-17	0.045927378	0.33172709	2.0195817	6.486392	0.25047365	33.632523	1.3644706e11	0.11522644	0.60761701
4.0831939	3.1329775e-17	0.046366745	0.33327351	2.0216236	6.4713384	0.249869	33.717778	1.3636495e11	0.11559329	0.6085779
4.0738028	3.1282013e-17	0.046811348	0.33482725	2.0236375	6.4561966	0.24926431	33.803939	1.3628215e11	0.11596077	0.60953893
4.0644333	3.1233941e-17	0.047261255	0.33638838	2.0256236	6.4409677	0.24865959	33.89101	1.3619867e11	0.11632888	0.61050008
4.0550854	3.1185562e-17	0.047716535	0.3379569	2.0275817	6.4256527	0.24805487	33.978999	1.361145e11	0.11669761	0.61146134
4.0457589	3.1136879e-17	0.048177257	0.33953288	2.0295122	6.4102529	0.24745013	34.067908	1.3602966e11	0.11706696	0.6124227
4.0364539	3.1087897e-17	0.048643487	0.34111632	2.031415	6.3947699	0.24684541	34.157741	1.3594415e11	0.11743692	0.61338416
4.0271703	3.1038625e-17	0.049115292	0.34270728	2.0332907	6.3792056	0.24624071	34.2485	1.3585798e11	0.1178075	0.61434569
4.0179081	3.0989067e-17	0.049592739	0.34430579	2.0351393	6.3635617	0.24563603	34.340185	1.3577116e11	0.11817868	0.61530729
4.0086672	3.0939226e-17	0.050075902	0.34591187	2.0369609	6.347839	0.2450314	34.432805	1.3568369e11	0.11855047	0.61626895
3.9994475	3.0889104e-17	0.050564855	0.34752557	2.0387556	6.3320388	0.24442683	34.526363	1.3559558e11	0.11892285	0.61723066
3.990249	3.0838707e-17	0.051059672	0.34914693	2.0405236	6.3161625	0.24382232	34.620865	1.3550684e11	0.11929582	0.6181924
3.9810717	3.078804e-17	0.051560424	0.35077597	2.0422651	6.3002116	0.24321788	34.716313	1.3541747e11	0.11966939	0.61915416
3.9719155	3.0737109e-17	0.052067181	0.35241273	2.0439804	6.2841883	0.24261353	34.812707	1.3532749e11	0.12004354	0.62011593
3.9627803	3.0685921e-17	0.052580015	0.35405726	2.0456699	6.268094	0.24200929	34.91005	1.3523689e11	0.12041827	0.6210777
3.9536662	3.0634479e-17	0.053099007	0.35570957	2.0473335	6.25193	0.24140515	35.008349	1.351457e11	0.12079357	0.62203945
3.944573	3.0582787e-17	0.053624232	0.35736972	2.0489715	6.2356977	0.24080114	35.107606	1.350539e11	0.12116944	0.62300118
3.9355008	3.0530851e-17	0.054155765	0.35903773	2.0505843	6.2193989	0.24019727	35.207824	1.3496152e11	0.12154588	0.62396287
3.9264494	3.0478676e-17	0.054693685	0.36071365	2.052172	6.2030349	0.23959354	35.309007	1.3486856e11	0.12192288	0.62492451
3.9174188	3.0426266e-17	0.055238072	0.3623975	2.0537348	6.1866074	0.23898997	35.411158	1.3477503e11	0.12230043	0.62588609
3.908409	3.0373628e-17	0.055789004	0.36408934	2.055273	6.1701179	0.23838658	35.514279	1.3468094e11	0.12267853	0.62684759
3.8994199	3.0320767e-17	0.05634656	0.36578918	2.056787	6.1535681	0.23778337	35.618375	1.3458629e11	0.12305717	0.62780901
3.8904514	3.0267686e-17	0.056910824	0.36749707	2.0582768	6.1369593	0.23718036	35.723448	1.3449109e11	0.12343636	0.62877032
3.8815037	3.0214393e-17	0.057481876	0.36921305	2.0597429	6.1202933	0.23657755	35.829501	1.3439535e11	0.12381607	0.62973152
3.8725764	3.0160892e-17	0.058059798	0.37093715	2.0611855	6.1035718	0.23597497	35.936538	1.3429908e11	0.12419632	0.63069259
3.8636698	3.0107188e-17	0.058644676	0.37266941	2.0626049	6.0867961	0.23537262	36.044561	1.3420229e11	0.12457709	0.63165352
3.8547836	3.0053286e-17	0.059236593	0.37440987	2.0640014	6.069968	0.23477052	36.153573	1.3410499e11	0.12495837	0.63261429
3.8459178	2.9999194e-17	0.059835634	0.37615857	2.0653753	6.0530891	0.23416868	36.263577	1.3400718e11	0.12534016	0.6335749
3.8370725	2.9944914e-17	0.060441886	0.37791553	2.0667269	6.0361609	0.2335671	36.374575	1.3390887e11	0.12572246	0.63453532
3.8282474	2.9890453e-17	0.061055436	0.37968081	2.0680565	6.0191851	0.23296582	36.486571	1.3381008e11	0.12610526	0.63549555
3.8194427	2.9835817e-17	0.061676371	0.38145444	2.0693645	6.0021635	0.23236483	36.599567	1.3371081e11	0.12648855	0.63645557
3.8106582	2.978101e-17	0.06230478	0.38323645	2.0706511	5.9850974	0.23176415	36.713565	1.3361107e11	0.12687233	0.63741536
3.801894	2.9726039e-17	0.062940755	0.38502689	2.0719168	5.9679886	0.2311638	36.828568	1.3351088e11	0.12725659	0.63837492
3.7931498	2.9670909e-17	0.063584383	0.38682579	2.0731618	5.9508388	0.23056378	36.944579	1.3341023e11	0.12764132	0.63933422
3.7844258	2.9615625e-17	0.064235756	0.38863319	2.0743866	5.9336496	0.22996411	37.061599	1.3330913e11	0.12802652	0.64029326
3.7757219	2.9560193e-17	0.064894968	0.39044913	2.0755915	5.9164225	0.22936481	37.179632	1.3320761e11	0.12841218	0.64125202
3.767038	2.9504619e-17	0.065562112	0.39227365	2.0767768	5.8991592	0.22876588	37.298679	1.3310567e11	0.12879829	0.64221047
3.758374	2.9448909e-17	0.06623728	0.39410679	2.0779429	5.8818616	0.22816734	37.418742	1.3300331e11	0.12918486	0.64316862
3.74973	2.9393067e-17	0.066920568	0.39594859	2.0790902	5.864531	0.2275692	37.539823	1.3290055e11	0.12957186	0.64412644
3.7411059	2.9337099e-17	0.067612073	0.39779908	2.0802191	5.8471692	0.22697148	37.661925	1.3279739e11	0.1299593	0.64508391
3.7325016	2.9281012e-17	0.06831189	0.3996583	2.0813301	5.8297779	0.22637419	37.785049	1.3269385e11	0.13034717	0.64604103
3.7239171	2.922481e-17	0.069020116	0.4015263	2.0824233	5.8123587	0.22577734	37.909197	1.3258994e11	0.13073545	0.64699777
3.7153523	2.91685e-17	0.069736851	0.40340312	2.0834994	5.7949131	0.22518094	38.034371	1.3248566e11	0.13112415	0.64795413
3.7068072	2.9112087e-17	0.070462194	0.40528879	2.0845587	5.777443	0.22458502	38.160572	1.3238103e11	0.13151326	0.64891008
3.6982818	2.9055577e-17	0.071196243	0.40718335	2.0856016	5.75995	0.22398958	38.287802	1.3227606e11	0.13190276	0.6498656
3.689776	2.8998976e-17	0.071939102	0.40908684	2.0866285	5.7424356	0.22339463	38.416063	1.3217075e11	0.13229265	0.65082069
3.6812897	2.8942288e-17	0.072690872	0.41099931	2.0876399	5.7249015	0.2228002	38.545355	1.3206511e11	0.13268293	0.65177533
3.672823	2.8885521e-17	0.073451654	0.4129208	2.0886363	5.7073495	0.22220629	38.675679	1.3195916e11	0.13307358	0.65272949
3.6643757	2.882868e-17	0.074221554	0.41485134	2.089618	5.6897811	0.22161291	38.807038	1.3185291e11	0.1334646	0.65368316
3.6559479	2.877177e-17	0.075000676	0.41679097	2.0905854	5.6721979	0.22102009	38.939432	1.3174637e11	0.13385598	0.65463633
3.6475395	2.8714797e-17	0.075789125	0.41873974	2.0915392	5.6546016	0.22042784	39.072862	1.3163954e11	0.13424771	0.65558898
3.6391504	2.8657767e-17	0.076587006	0.42069769	2.0924797	5.6369938	0.21983616	39.207328	1.3153244e11	0.13463979	0.65654108
3.6307805	2.8600686e-17	0.077394429	0.42266485	2.0934074	5.6193762	0.21924507	39.342833	1.3142508e11	0.1350322	0.65749263
3.62243	2.8543558e-17	0.078211501	0.42464128	2.0943228	5.6017502	0.21865459	39.479375	1.3131747e11	0.13542494	0.65844361
3.6140986	2.8486391e-17	0.079038329	0.426627	2.0952263	5.5841178	0.21806474	39.616955	1.3120962e11	0.13581799	0.65939399
3.6057864	2.842919e-17	0.079875024	0.42862207	2.0961185	5.5664803	0.21747551	39.755575	1.3110154e11	0.13621135	0.66034376
3.5974934	2.837196e-17	0.080721699	0.43062652	2.0969997	5.5488393	0.21688694	39.895234	1.3099323e11	0.13660502	0.6612929
3.5892193	2.8314706e-17	0.081578463	0.4326404	2.0978706	5.5311966	0.21629902	40.035932	1.3088472e11	0.13699898	0.66224139
3.5809644	2.8257436e-17	0.082445428	0.43466374	2.0987317	5.5135538	0.21571178	40.177669	1.3077601e11	0.13739322	0.66318922
3.5727284	2.8200154e-17	0.083322709	0.4366966	2.0995833	5.4959122	0.21512524	40.320446	1.3066711e11	0.13778773	0.66413636
3.5645113	2.8142866e-17	0.084210421	0.438739	2.1004261	5.4782735	0.21453939	40.464263	1.3055804e11	0.13818251	0.66508279
3.5563132	2.8085577e-17	0.085108675	0.440791	2.1012606	5.4606395	0.21395427	40.609117	1.304488e11	0.13857754	0.6660285
3.5481339	2.8028294e-17	0.086017589	0.44285264	2.1020873	5.4430116	0.21336988	40.755009	1.303394e11	0.13897282	0.66697347
3.5399734	2.7971021e-17	0.086937282	0.44492396	2.1029066	5.4253912	0.21278623	40.90194	1.3022986e11	0.13936834	0.66791767
3.5318317	2.7913765e-17	0.087867869	0.447005	2.1037192	5.40778	0.21220334	41.049908	1.3012019e11	0.13976408	0.6688611
3.5237087	2.7856531e-17	0.088809467	0.44909581	2.1045256	5.3901797	0.21162123	41.19891	1.3001039e11	0.14016004	0.66980372
3.5156044	2.7799323e-17	0.089762199	0.45119642	2.1053263	5.3725915	0.21103991	41.348948	1.2990048e11	0.14055621	0.67074551
3.5075187	2.7742149e-17	0.090726183	0.45330689	2.1061219	5.355017	0.21045938	41.500021	1.2979047e11	0.14095257	0.67168646
3.4994517	2.7685013e-17	0.091701539	0.45542726	2.1069129	5.3374579	0.20987968	41.652125	1.2968037e11	0.14134912	0.67262655
3.4914032	2.7627921e-17	0.092688389	0.45755756	2.1076999	5.3199156	0.2093008	41.80526	1.2957019e11	0.14174584	0.67356575
3.4833732	2.7570877e-17	0.093686859	0.45969785	2.1084834	5.3023914	0.20872277	41.959425	1.2945993e11	0.14214273	0.67450405
3.4753616	2.7513888e-17	0.094697069	0.46184817	2.109264	5.2848869	0.2081456	42.114618	1.2934963e11	0.14253978	0.67544141
3.4673685	2.7456959e-17	0.095719143	0.46400856	2.1100423	5.2674037	0.2075693	42.270837	1.2923927e11	0.14293696	0.67637783
3.4593938	2.7400095e-17	0.096753206	0.46617906	2.1108188	5.2499431	0.20699389	42.428079	1.2912888e11	0.14333428	0.67731328
3.4514374	2.7343301e-17	0.097799385	0.46835973	2.1115941	5.2325066	0.20641938	42.586343	1.2901846e11	0.14373172	0.67824773
3.4434993	2.7286583e-17	0.098857806	0.4705506	2.1123688	5.2150956	0.20584578	42.745626	1.2890803e11	0.14412928	0.67918117
3.4355795	2.7229945e-17	0.099928596	0.47275173	2.1131435	5.1977115	0.20527311	42.905926	1.2879759e11	0.14452693	0.68011356
3.4276779	2.7173394e-17	0.10101188	0.47496315	2.1139188	5.1803557	0.20470139	43.06724	1.2868715e11	0.14492466	0.6810449
3.4197944	2.7116933e-17	0.1021078	0.47718491	2.1146953	5.1630296	0.20413062	43.229565	1.2857674e11	0.14532248	0.68197515
3.4119291	2.7060568e-17	0.10321646	0.47941706	2.1154734	5.1457346	0.20356082	43.392899	1.2846635e11	0.14572035	0.6829043
3.4040819	2.7004304e-17	0.10433802	0.48165965	2.116254	5.1284719	0.20299201	43.557237	1.28356e11	0.14611828	0.68383231
3.3962527	2.6948147e-17	0.10547259	0.48391271	2.1170375	5.1112431	0.20242419	43.722578	1.282457e11	0.14651625	0.68475917
3.3884416	2.68921e-17	0.10662031	0.48617629	2.1178245	5.0940493	0.20185739	43.888917	1.2813545e11	0.14691425	0.68568485
3.3806484	2.6836168e-17	0.10778131	0.48845045	2.1186157	5.0768919	0.20129161	44.056251	1.2802528e11	0.14731225	0.68660933
3.3728731	2.6780357e-17	0.10895573	0.49073523	2.1194117	5.0597722	0.20072688	44.224576	1.2791519e11	0.14771027	0.68753258
3.3651157	2.6724672e-17	0.1101437	0.49303067	2.1202131	5.0426914	0.2001632	44.393887	1.2780518e11	0.14810827	0.68845458
3.3573761	2.6669116e-17	0.11134535	0.49533682	2.1210205	5.0256509	0.19960059	44.564182	1.2769528e11	0.14850624	0.6893753
3.3496544	2.6613694e-17	0.11256082	0.49765372	2.1218345	5.0086518	0.19903906	44.735455	1.2758548e11	0.14890418	0.69029472
3.3419504	2.6558412e-17	0.11379024	0.49998144	2.1226557	4.9916955	0.19847862	44.907702	1.2747581e11	0.14930207	0.69121281
3.3342641	2.6503273e-17	0.11503376	0.50232	2.1234849	4.9747831	0.1979193	45.080918	1.2736626e11	0.14969989	0.69212954
3.3265955	2.6448283e-17	0.1162915	0.50466947	2.1243225	4.9579158	0.1973611	45.255099	1.2725686e11	0.15009764	0.6930449
3.3189446	2.6393445e-17	0.11756362	0.50702989	2.1251692	4.9410948	0.19680403	45.430238	1.271476e11	0.15049529	0.69395885
3.3113112	2.6338764e-17	0.11885024	0.5094013	2.1260257	4.9243213	0.19624812	45.606332	1.2703851e11	0.15089284	0.69487136
3.3036954	2.6284244e-17	0.1201515	0.51178375	2.1268926	4.9075964	0.19569337	45.783374	1.2692959e11	0.15129027	0.69578242
3.2960971	2.6229889e-17	0.12146755	0.5141773	2.1277706	4.8909212	0.1951398	45.96136	1.2682084e11	0.15168756	0.69669198
3.2885163	2.6175704e-17	0.12279852	0.51658199	2.1286602	4.874297	0.19458743	46.140282	1.2671229e11	0.15208471	0.69760003
3.2809529	2.6121692e-17	0.12414457	0.51899787	2.1295621	4.8577246	0.19403626	46.320135	1.2660393e11	0.15248169	0.69850654
3.2734069	2.6067858e-17	0.12550582	0.52142499	2.130477	4.8412054	0.1934863	46.500913	1.2649578e11	0.15287849	0.69941148
3.2658783	2.6014205e-17	0.12688242	0.5238634	2.1314055	4.8247401	0.19293758	46.68261	1.2638784e11	0.1532751	0.70031481
3.258367	2.5960738e-17	0.12827451	0.52631314	2.1323483	4.8083301	0.19239011	46.865218	1.2628013e11	0.15367149	0.70121652
3.250873	2.590746e-17	0.12968225	0.52877428	2.1333059	4.7919761	0.1918439	47.048732	1.2617266e11	0.15406767	0.70211657
3.2433962	2.5854375e-17	0.13110576	0.53124685	2.1342791	4.7756794	0.19129896	47.233143	1.2606543e11	0.1544636	0.70301493
3.2359366	2.5801486e-17	0.1325452	0.53373091	2.1352685	4.7594407	0.1907553	47.418445	1.2595845e11	0.15485927	0.70391158
3.2284941	2.5748797e-17	0.13400071	0.53622651	2.1362748	4.7432612	0.19021295	47.604631	1.2585174e11	0.15525467	0.70480647
3.2210688	2.5696312e-17	0.13547243	0.5387337	2.1372986	4.7271417	0.18967191	47.791692	1.2574529e11	0.15564979	0.70569959
3.2136605	2.5644034e-17	0.13696052	0.54125253	2.1383406	4.7110832	0.1891322	47.979621	1.2563912e11	0.15604459	0.7065909
3.2062693	2.5591967e-17	0.13846512	0.54378305	2.1394014	4.6950866	0.18859383	48.168409	1.2553324e11	0.15643908	0.70748037
3.1988951	2.5540113e-17	0.13998637	0.54632531	2.1404817	4.6791527	0.18805681	48.358049	1.2542765e11	0.15683322	0.70836797
3.1915379	2.5488475e-17	0.14152442	0.54887937	2.1415822	4.6632825	0.18752116	48.548533	1.2532236e11	0.15722701	0.70925367
3.1841975	2.5437058e-17	0.14307942	0.55144527	2.1427035	4.6474768	0.18698689	48.73985	1.2521739e11	0.15762042	0.71013743
3.1768741	2.5385864e-17	0.14465152	0.55402307	2.1438463	4.6317365	0.18645401	48.931992	1.2511273e11	0.15801344	0.71101922
3.1695675	2.5334896e-17	0.14624086	0.55661283	2.1450114	4.6160623	0.18592254	49.124951	1.250084e11	0.15840605	0.71189902
3.1622777	2.5284157e-17	0.1478476	0.55921458	2.1461992	4.600455	0.18539249	49.318717	1.249044e11	0.15879823	0.71277678
3.1550046	2.5233649e-17	0.14947189	0.56182839	2.1474105	4.5849154	0.18486387	49.51328	1.2480074e11	0.15918996	0.71365247
3.1477483	2.5183374e-17	0.15111387	0.56445431	2.148646	4.5694442	0.1843367	49.708631	1.2469743e11	0.15958123	0.71452606
3.1405087	2.5133337e-17	0.15277369	0.5670924	2.1499064	4.5540422	0.18381099	49.904759	1.2459448e11	0.15997201	0.71539751
3.1332857	2.508354e-17	0.1544515	0.56974269	2.1511923	4.5387103	0.18328675	50.101653	1.2449188e11	0.16036229	0.71626679
3.1260794	2.5033984e-17	0.15614745	0.57240526	2.1525045	4.5234489	0.18276399	50.299305	1.2438966e11	0.16075205	0.71713387
3.1188896	2.4984672e-17	0.1578617	0.57508015	2.1538435	4.5082588	0.18224274	50.497703	1.2428781e11	0.16114127	0.7179987
3.1117163	2.4935605e-17	0.1595944	0.57776743	2.15521	4.4931404	0.18172299	50.696838	1.2418634e11	0.16152992	0.71886126
3.1061771	2.489781e-17	0.16094789	0.57985534	2.1562868	4.481492	0.18132186	50.851421	1.2410808e11	0.16183026	0.71952711
3.070621	2.4657233e-17	0.16996691	0.59352801	2.1636746	4.4072897	0.17875232	51.860372	1.2360822e11	0.16376189	0.72379506
3.0354719	2.4423137e-17	0.17947259	0.60751956	2.171869	4.3349849	0.17622276	52.885651	1.2311882e11	0.16567592	0.72799966
3.0007251	2.4195692e-17	0.18948383	0.62183713	2.1809578	4.2646372	0.17373482	53.925575	1.2264047e11	0.16756954	0.73213586
2.9663761	2.3975011e-17	0.2000194	0.63648807	2.1910306	4.1962952	0.17129012	54.978291	1.221736e11	0.16943975	0.73619832
2.9324203	2.3761146e-17	0.21109793	0.65147993	2.2021789	4.1299968	0.16889031	56.041765	1.2171854e11	0.17128336	0.74018134
2.8988531	2.3554091e-17	0.22273765	0.66682046	2.2144972	4.0657699	0.16653705	57.113772	1.2127547e11	0.17309697	0.74407889
2.8656702	2.3353778e-17	0.23495636	0.68251764	2.2280829	4.0036328	0.16423205	58.191888	1.2084443e11	0.17487694	0.74788453
2.8328672	2.3160079e-17	0.2477712	0.6985797	2.2430377	3.9435951	0.16197704	59.273473	1.2042533e11	0.1766194	0.75159143
2.8004396	2.2972803e-17	0.26119848	0.71501511	2.2594683	3.8856583	0.15977385	60.355657	1.2001792e11	0.17832022	0.75519227
2.7683832	2.27917e-17	0.27525345	0.73183259	2.2774876	3.8298164	0.15762433	61.43533	1.1962178e11	0.17997499	0.75867926
2.7366938	2.2616458e-17	0.28995006	0.74904115	2.297216	3.776057	0.15553045	62.509122	1.1923638e11	0.18157899	0.76204407
2.7053671	2.2446703e-17	0.30530067	0.76665008	2.3187833	3.7243614	0.15349427	63.57339	1.1886098e11	0.18312717	0.76527777
2.6743991	2.2282003e-17	0.32131573	0.78466898	2.3423302	3.6747059	0.15151797	64.624203	1.1849472e11	0.18461415	0.7683708
2.6437855	2.2121862e-17	0.33800345	0.80310775	2.368011	3.6270622	0.14960383	65.657326	1.1813658e11	0.18603415	0.77131287
2.6135223	2.1965727e-17	0.35536936	0.82197666	2.3959962	3.581398	0.14775432	66.668208	1.1778534e11	0.187381	0.77409294
2.5836056	2.1812985e-17	0.37341592	0.84128629	2.4264758	3.5376778	0.14597202	67.651969	1.1743966e11	0.18864807	0.77669912
2.5540313	2.1662965e-17	0.39214206	0.86104761	2.4596632	3.4958634	0.1442597	68.603396	1.1709801e11	0.18982826	0.77911854
2.5247955	2.151494e-17	0.41154265	0.88127198	2.4958003	3.4559143	0.14262032	69.51694	1.1675872e11	0.19091392	0.78133733
2.4958944	2.1368128e-17	0.43160802	0.90197114	2.5351632	3.4177882	0.14105703	70.386718	1.1641995e11	0.19189686	0.78334045
2.4673242	2.1221698e-17	0.45232339	0.92315728	2.5780698	3.3814416	0.13957316	71.206527	1.1607971e11	0.19276824	0.78511156
2.4390809	2.107477e-17	0.47366839	0.94484298	2.6248891	3.3468301	0.13817228	71.969864	1.1573589e11	0.19351857	0.78663291
2.411161	2.092642e-17	0.49561646	0.96704131	2.6760529	3.3139087	0.13685817	72.669958	1.1538622e11	0.19413759	0.78788513
2.3835607	2.077569e-17	0.51813442	0.9897658	2.7320703	3.282632	0.13563484	73.299815	1.150283e11	0.19461423	0.78884708
2.3562763	2.0621593e-17	0.54118201	1.0130304	2.7935479	3.2529547	0.13450651	73.852278	1.1465964e11	0.19493652	0.78949557
2.3293042	2.0463118e-17	0.56471152	1.0368497	2.8612144	3.2248314	0.13347765	74.320098	1.1427767e11	0.1950915	0.78980515
2.3026409	2.0299249e-17	0.58866757	1.0612387	2.9359543	3.1982174	0.13255293	74.696029	1.1387972e11	0.19506513	0.78974778
2.2762828	2.0128969e-17	0.61298699	1.0862128	3.0188534	3.1730683	0.13173726	74.972928	1.134631e11	0.19484216	0.78929248
2.2502264	1.995128e-17	0.63759886	1.111788	3.11126	3.1493401	0.13103573	75.14388	1.1302509e11	0.19440599	0.78840493
2.2244682	1.9765212e-17	0.66242478	1.1379809	3.2148714	3.1269898	0.13045365	75.202331	1.1256299e11	0.19373855	0.78704695
2.199005	1.9569843e-17	0.68737937	1.1648085	3.331856	3.105975	0.12999651	75.142236	1.1207417e11	0.19282012	0.78517594
2.1738332	1.9364318e-17	0.71237096	1.1922884	3.4650304	3.0862539	0.12966998	74.958199	1.1155605e11	0.19162913	0.78274418
2.1489495	1.9147857e-17	0.73730259	1.2204384	3.6181239	3.0677857	0.12947987	74.645644	1.1100619e11	0.19014195	0.77969796
2.1243507	1.891978e-17	0.76207316	1.2492771	3.7961832	3.0505304	0.12943218	74.200961	1.1042236e11	0.18833263	0.7759766
2.1000334	1.8679521e-17	0.7865789	1.2788234	4.006214	3.0344487	0.12953302	73.621628	1.0980248e11	0.18617262	0.77151117
2.0759946	1.8426645e-17	0.81071498	1.3090966	4.2582385	3.0195023	0.12978858	72.906321	1.0914467e11	0.18363043	0.76622296
2.0522308	1.8160851e-17	0.83437728	1.3401165	4.5671207	3.0056535	0.13020525	72.055048	1.0844735e11	0.18067122	0.76002155
2.0287392	1.7881984e-17	0.85746426	1.3719032	4.955899	2.9928658	0.13078954	71.069196	1.0770926e11	0.17725641	0.75280242
2.0055164	1.7590041e-17	0.8798788	1.4044772	5.4623143	2.9811031	0.13154811	69.951552	1.0692946e11	0.17334307	0.74444382
1.9825594	1.7285175e-17	0.90153	1.4378591	6.152779	2.9703307	0.13248781	68.706292	1.0610729e11	0.16888335	0.73480279
1.9598652	1.6967693e-17	0.92233496	1.4720704	7.1560185	2.9605143	0.13361562	67.338863	1.0524226e11	0.16382375	0.72370991
1.9374308	1.6638025e-17	0.94222012	1.5071326	8.7585873	2.9516208	0.13493894	65.856047	1.0433448e11	0.15810422	0.71096226
1.9152533	1.6296747e-17	0.96112253	1.5430674	11.753783	2.9436179	0.13646543	64.265672	1.0338412e11	0.15165716	0.69631381
1.8933295	1.594454e-17	0.97899072	1.5798975	19.449772	2.9364744	0.13820326	62.576531	1.0239171e11	0.14440616	0.67946199
1.8716568	1.5582185e-17	0.99578527	1.6176449	85.712417	2.9301602	0.14016117	60.798193	1.0135798e11	0.13626455	0.6600282
